1785733825966,bot0,spawn
1785733826130,bot1,spawn
1785733826558,bot2,spawn
1785733826977,bot0,rtt,11
1785733827143,bot1,rtt,13
1785733827144,bot3,spawn
1785733827570,bot2,rtt,11
1785733827660,bot4,spawn
1785733827985,bot0,rtt,6
1785733828173,bot1,rtt,43
1785733828183,bot3,rtt,39
1785733828184,bot5,spawn
1785733828579,bot2,rtt,20
1785733828868,bot4,rtt,208
1785733829066,bot6,spawn
1785733829143,bot0,rtt,164
1785733829374,bot1,rtt,231
1785733829381,bot3,rtt,236
1785733829387,bot5,rtt,174
1785733829754,bot4,rtt,90
1785733829774,bot2,rtt,196
1785733829998,bot7,spawn
1785733830226,bot6,rtt,150
1785733830234,bot1,rtt,77
1785733830243,bot3,rtt,86
1785733830274,bot0,rtt,269
1785733830581,bot5,rtt,316
1785733831182,bot7,rtt,183
1785733831210,bot2,rtt,609
1785733831231,bot1,rtt,47
1785733831231,bot3,rtt,46
1785733831317,bot4,rtt,608
1785733831415,bot5,rtt,137
1785733831420,bot0,rtt,415
1785733831431,bot6,rtt,312
1785733831924,bot2,rtt,322
1785733831960,bot4,rtt,250
1785733831974,bot8,spawn
1785733832155,bot9,spawn
1785733832765,bot1,rtt,518
1785733832780,bot3,rtt,534
1785733832801,bot5,rtt,523
1785733832822,bot7,rtt,662
1785733832842,bot0,rtt,682
1785733832862,bot2,rtt,244
1785733832884,bot4,rtt,175
1785733832905,bot6,rtt,745
1785733833322,bot6,rtt,145
1785733833332,bot8,rtt,358
1785733833348,bot0,rtt,171
1785733833893,bot7,rtt,716
1785733833922,bot9,rtt,745
1785733833937,bot1,rtt,592
1785733833968,bot3,rtt,623
1785733834007,bot5,rtt,662
1785733834007,bot2,rtt,344
1785733834547,bot4,rtt,612
1785733834644,bot8,rtt,612
1785733834665,bot1,rtt,321
1785733834748,bot3,rtt,403
1785733834823,bot5,rtt,478
1785733834884,bot7,rtt,706
1785733834949,bot9,rtt,771
1785733834998,bot0,rtt,820
1785733835080,bot6,rtt,902
1785733835511,bot7,rtt,333
1785733835583,bot9,rtt,405
1785733835671,bot0,rtt,493
1785733835673,bot2,rtt,716
1785733835735,bot4,rtt,778
1785733835788,bot6,rtt,610
1785733835849,bot8,rtt,690
1785733835875,bot1,rtt,364
1785733835876,bot3,rtt,365
1785733835938,bot5,rtt,426
1785733836036,bot11,spawn
1785733836396,bot6,rtt,141
1785733836499,bot8,rtt,244
1785733836517,bot0,rtt,262
1785733836518,bot2,rtt,461
1785733836519,bot4,rtt,462
1785733836519,bot7,rtt,264
1785733836520,bot9,rtt,265
1785733836842,bot5,rtt,322
1785733836842,bot1,rtt,322
1785733837009,bot3,rtt,489
1785733837220,bot10,spawn
1785733837235,bot4,rtt,178
1785733837236,bot2,rtt,179
1785733837423,bot11,rtt,387
1785733837559,bot0,rtt,173
1785733837560,bot6,rtt,174
1785733837603,bot8,rtt,218
1785733837604,bot12,spawn
1785733837762,bot7,rtt,376
1785733837801,bot9,rtt,415
1785733837848,bot3,rtt,328
1785733837849,bot5,rtt,329
1785733837857,bot1,rtt,337
1785733838152,bot11,rtt,116
1785733838153,bot13,spawn
1785733838602,bot10,rtt,382
1785733838628,bot0,rtt,241
1785733838628,bot2,rtt,469
1785733838629,bot4,rtt,470
1785733838629,bot6,rtt,242
1785733838660,bot8,rtt,275
1785733838661,bot1,rtt,44
1785733838662,bot3,rtt,45
1785733838663,bot5,rtt,46
1785733838663,bot7,rtt,277
1785733838690,bot9,rtt,304
1785733838788,bot12,rtt,171
1785733839028,bot17,spawn
1785733839344,bot14,spawn
1785733839381,bot13,rtt,194
1785733839441,bot11,rtt,405
1785733839680,bot7,rtt,232
1785733839680,bot9,rtt,232
1785733839689,bot2,rtt,502
1785733839690,bot4,rtt,503
1785733839722,bot1,rtt,44
1785733839722,bot3,rtt,44
1785733839723,bot5,rtt,45
1785733839756,bot0,rtt,308
1785733839758,bot6,rtt,310
1785733839774,bot8,rtt,326
1785733839800,bot10,rtt,560
1785733839832,bot12,rtt,154
1785733840047,bot17,rtt,19
1785733840266,bot16,spawn
1785733840273,bot2,rtt,33
1785733840274,bot4,rtt,34
1785733840419,bot11,rtt,382
1785733840457,bot13,rtt,217
1785733840457,bot15,spawn
1785733840493,bot10,rtt,221
1785733840670,bot19,spawn
1785733841009,bot18,spawn
1785733841130,bot17,rtt,70
1785733841221,bot1,rtt,542
1785733841222,bot3,rtt,543
1785733841230,bot5,rtt,550
1785733841233,bot7,rtt,749
1785733841233,bot9,rtt,749
1785733841250,bot8,rtt,766
1785733841309,bot12,rtt,629
1785733841324,bot6,rtt,840
1785733841360,bot14,rtt,876
1785733841364,bot0,rtt,880
1785733841440,bot21,spawn
1785733841737,bot11,rtt,677
1785733841751,bot13,rtt,510
1785733841785,bot19,rtt,53
1785733841787,bot0,rtt,303
1785733841807,bot2,rtt,566
1785733841808,bot4,rtt,567
1785733841811,bot6,rtt,327
1785733841813,bot8,rtt,330
1785733841814,bot10,rtt,492
1785733841815,bot1,rtt,83
1785733841816,bot3,rtt,84
1785733841817,bot5,rtt,85
1785733841817,bot7,rtt,333
1785733841818,bot9,rtt,335
1785733841822,bot15,rtt,365
1785733841824,bot12,rtt,92
1785733841825,bot14,rtt,342
1785733841858,bot16,rtt,536
1785733842388,bot17,rtt,327
1785733842416,bot23,spawn
1785733842456,bot21,rtt,10
1785733842537,bot7,rtt,52
1785733842538,bot9,rtt,55
1785733842626,bot11,rtt,565
1785733842703,bot13,rtt,461
1785733842729,bot15,rtt,271
1785733842744,bot18,rtt,734
1785733842746,bot20,spawn
1785733843201,bot2,rtt,959
1785733843201,bot4,rtt,959
1785733843253,bot19,rtt,488
1785733843560,bot17,rtt,287
1785733843726,bot5,rtt,961
1785733843781,bot1,rtt,1016
1785733843781,bot3,rtt,1016
1785733843891,bot18,rtt,846
1785733843896,bot8,rtt,1413
1785733843945,bot10,rtt,1622
1785733844007,bot14,rtt,1524
1785733844026,bot16,rtt,1703
1785733844042,bot0,rtt,1557
1785733844045,bot6,rtt,1560
1785733844049,bot11,rtt,776
1785733844086,bot13,rtt,813
1785733844169,bot19,rtt,377
1785733844206,bot23,rtt,651
1785733844207,bot25,spawn
1785733844272,bot1,rtt,480
1785733844275,bot3,rtt,483
1785733844277,bot5,rtt,485
1785733844278,bot7,rtt,722
1785733844280,bot9,rtt,724
1785733844330,bot15,rtt,774
1785733844366,bot20,rtt,574
1785733844382,bot21,rtt,827
1785733844393,bot12,rtt,1628
1785733844499,bot18,rtt,285
1785733844623,bot6,rtt,1067
1785733844624,bot8,rtt,1068
1785733844625,bot10,rtt,1301
1785733844626,bot12,rtt,834
1785733844671,bot14,rtt,1115
1785733844681,bot2,rtt,1408
1785733844682,bot4,rtt,1409
1785733844718,bot0,rtt,1162
1785733844728,bot16,rtt,1405
1785733845442,bot19,rtt,649
1785733845493,bot21,rtt,938
1785733845523,bot25,rtt,267
1785733845542,bot17,rtt,1054
1785733845550,bot23,rtt,995
1785733845554,bot1,rtt,761
1785733845556,bot3,rtt,763
1785733845559,bot5,rtt,766
1785733845560,bot7,rtt,1004
1785733845563,bot9,rtt,1006
1785733845565,bot11,rtt,1077
1785733845566,bot11,rtt,25
1785733845567,bot13,rtt,1079
1785733845568,bot13,rtt,27
1785733845569,bot15,rtt,1013
1785733845669,bot18,rtt,413
1785733845714,bot22,spawn
1785733845751,bot17,rtt,210
1785733845754,bot21,rtt,33
1785733845763,bot23,rtt,42
1785733845768,bot7,rtt,46
1785733845769,bot9,rtt,47
1785733845771,bot15,rtt,50
1785733845798,bot20,rtt,1005
1785733846430,bot4,rtt,1942
1785733846430,bot6,rtt,1874
1785733846431,bot8,rtt,1875
1785733846516,bot10,rtt,2028
1785733846530,bot0,rtt,1974
1785733846531,bot2,rtt,2043
1785733846626,bot12,rtt,1833
1785733846717,bot14,rtt,2161
1785733846767,bot2,rtt,1226
1785733846768,bot4,rtt,1227
1785733846772,bot10,rtt,1231
1785733846829,bot16,rtt,2341
1785733846831,bot16,rtt,1290
1785733846938,bot19,rtt,1092
1785733847024,bot25,rtt,767
1785733847026,bot27,spawn
1785733847052,bot1,rtt,1206
1785733847053,bot3,rtt,1207
1785733847054,bot5,rtt,1208
1785733847251,bot18,rtt,994
1785733847293,bot20,rtt,1447
1785733847293,bot22,rtt,545
1785733847294,bot24,spawn
1785733847315,bot7,rtt,567
1785733847315,bot9,rtt,567
1785733847406,bot13,rtt,658
1785733847407,bot15,rtt,659
1785733847626,bot11,rtt,878
1785733848024,bot8,rtt,2303
1785733848171,bot12,rtt,2325
1785733848313,bot14,rtt,2592
1785733848388,bot0,rtt,2666
1785733848389,bot6,rtt,2667
1785733848614,bot20,rtt,1565
1785733848638,bot1,rtt,1589
1785733848638,bot17,rtt,1891
1785733848727,bot19,rtt,1678
1785733848800,bot21,rtt,2052
1785733848875,bot23,rtt,2127
1785733848907,bot3,rtt,1858
1785733848908,bot5,rtt,1859
1785733849082,bot25,rtt,1768
1785733849082,bot0,rtt,2334
1785733849084,bot2,rtt,2336
1785733849085,bot4,rtt,2337
1785733849086,bot6,rtt,2338
1785733849087,bot8,rtt,2339
1785733849088,bot10,rtt,2340
1785733849120,bot12,rtt,2071
1785733849121,bot18,rtt,1807
1785733849192,bot14,rtt,2444
1785733849204,bot16,rtt,2456
1785733849315,bot1,rtt,926
1785733849366,bot18,rtt,976
1785733849415,bot20,rtt,1026
1785733849459,bot24,rtt,1070
1785733849482,bot3,rtt,1093
1785733849484,bot5,rtt,1095
1785733849486,bot7,rtt,1738
1785733849487,bot7,rtt,518
1785733849489,bot9,rtt,1741
1785733849490,bot9,rtt,521
1785733849491,bot11,rtt,1744
1785733849492,bot11,rtt,524
1785733849493,bot13,rtt,1745
1785733849494,bot13,rtt,526
1785733849495,bot15,rtt,1747
1785733849496,bot15,rtt,527
1785733849558,bot22,rtt,1810
1785733849559,bot22,rtt,591
1785733849572,bot17,rtt,1825
1785733849572,bot17,rtt,604
1785733849586,bot19,rtt,1197
1785733849629,bot21,rtt,1881
1785733849629,bot21,rtt,660
1785733849676,bot23,rtt,1928
1785733849676,bot23,rtt,707
1785733849751,bot25,rtt,1361
1785733849753,bot27,rtt,1364
1785733849848,bot16,rtt,2100
1785733849849,bot16,rtt,881
1785733849879,bot0,rtt,2131
1785733849880,bot0,rtt,911
1785733849881,bot2,rtt,2133
1785733849882,bot2,rtt,914
1785733849883,bot4,rtt,2135
1785733849884,bot4,rtt,916
1785733849885,bot6,rtt,2137
1785733849886,bot6,rtt,917
1785733849887,bot8,rtt,2139
1785733849888,bot8,rtt,919
1785733849889,bot10,rtt,2141
1785733849890,bot10,rtt,922
1785733849892,bot12,rtt,1503
1785733849895,bot14,rtt,2147
1785733849895,bot14,rtt,926
1785733850388,bot12,rtt,861
1785733850541,bot2,rtt,462
1785733850542,bot4,rtt,463
1785733850543,bot6,rtt,464
1785733850546,bot8,rtt,467
1785733850547,bot10,rtt,468
1785733850549,bot14,rtt,470
1785733850550,bot16,rtt,471
1785733850552,bot0,rtt,473
1785733850563,bot12,rtt,11
1785733851135,bot20,rtt,1608
1785733851135,bot3,rtt,1608
1785733851135,bot5,rtt,1608
1785733851193,bot1,rtt,1666
1785733851193,bot18,rtt,1666
1785733851216,bot24,rtt,1689
1785733851217,bot0,rtt,82
1785733851217,bot2,rtt,83
1785733851217,bot4,rtt,83
1785733851218,bot6,rtt,83
1785733851218,bot8,rtt,84
1785733851218,bot10,rtt,84
1785733851219,bot14,rtt,85
1785733851219,bot16,rtt,85
1785733851238,bot22,rtt,1159
1785733851288,bot9,rtt,1209
1785733851288,bot9,rtt,154
1785733851289,bot11,rtt,1210
1785733851289,bot11,rtt,155
1785733851290,bot13,rtt,1211
1785733851290,bot13,rtt,156
1785733851291,bot15,rtt,1212
1785733851291,bot15,rtt,157
1785733851291,bot18,rtt,739
1785733851292,bot20,rtt,740
1785733851293,bot22,rtt,159
1785733851299,bot24,rtt,747
1785733851300,bot26,spawn
1785733851301,bot1,rtt,749
1785733851302,bot3,rtt,750
1785733851303,bot5,rtt,751
1785733851304,bot7,rtt,1225
1785733851305,bot7,rtt,171
1785733851389,bot19,rtt,1862
1785733851390,bot19,rtt,838
1785733851406,bot17,rtt,1327
1785733851407,bot17,rtt,273
1785733851495,bot21,rtt,1416
1785733851496,bot21,rtt,362
1785733851591,bot23,rtt,1512
1785733851592,bot23,rtt,458
1785733851680,bot25,rtt,2153
1785733851682,bot25,rtt,1130
1785733851683,bot27,rtt,2157
1785733851767,bot27,rtt,1215
1785733852111,bot12,rtt,368
1785733852222,bot2,rtt,88
1785733852222,bot6,rtt,88
1785733852225,bot8,rtt,91
1785733852226,bot10,rtt,92
1785733852226,bot14,rtt,92
1785733852226,bot0,rtt,92
1785733852226,bot4,rtt,92
1785733852227,bot16,rtt,93
1785733852448,bot5,rtt,705
1785733852692,bot18,rtt,949
1785733852785,bot20,rtt,1042
1785733852824,bot22,rtt,690
1785733852854,bot26,rtt,554
1785733852882,bot15,rtt,748
1785733852908,bot24,rtt,1165
1785733852910,bot1,rtt,1167
1785733852912,bot3,rtt,1169
1785733852915,bot7,rtt,781
1785733852916,bot9,rtt,782
1785733852917,bot11,rtt,783
1785733852919,bot13,rtt,785
1785733852925,bot12,rtt,44
1785733852927,bot17,rtt,793
1785733852999,bot19,rtt,1256
1785733853083,bot21,rtt,949
1785733853178,bot23,rtt,1044
1785733853253,bot25,rtt,1510
1785733853313,bot27,rtt,1570
1785733853316,bot29,spawn
1785733853572,bot0,rtt,232
1785733853572,bot2,rtt,233
1785733853573,bot4,rtt,234
1785733853573,bot6,rtt,233
1785733853573,bot8,rtt,233
1785733853574,bot10,rtt,235
1785733853574,bot14,rtt,234
1785733853575,bot16,rtt,236
1785733853644,bot19,rtt,763
1785733853715,bot23,rtt,376
1785733853798,bot25,rtt,917
1785733853871,bot27,rtt,990
1785733853894,bot17,rtt,555
1785733853895,bot21,rtt,556
1785733853907,bot1,rtt,1026
1785733853908,bot3,rtt,1027
1785733853910,bot5,rtt,1029
1785733853911,bot7,rtt,571
1785733853912,bot9,rtt,572
1785733853913,bot11,rtt,574
1785733853913,bot13,rtt,574
1785733853914,bot15,rtt,574
1785733853915,bot18,rtt,1034
1785733853954,bot20,rtt,1073
1785733854029,bot22,rtt,690
1785733854198,bot24,rtt,1317
1785733854200,bot26,rtt,860
1785733854201,bot28,spawn
1785733854243,bot12,rtt,41
1785733854346,bot0,rtt,7
1785733854347,bot6,rtt,7
1785733854347,bot8,rtt,8
1785733854347,bot10,rtt,8
1785733854347,bot14,rtt,8
1785733854348,bot2,rtt,9
1785733854348,bot4,rtt,9
1785733854349,bot16,rtt,10
1785733855262,bot24,rtt,1060
1785733855301,bot1,rtt,1099
1785733855316,bot3,rtt,1114
1785733855660,bot5,rtt,1458
1785733855664,bot7,rtt,1324
1785733855667,bot9,rtt,1328
1785733855670,bot11,rtt,1331
1785733855673,bot13,rtt,1334
1785733855676,bot15,rtt,1337
1785733855678,bot18,rtt,1476
1785733855714,bot24,rtt,56
1785733855784,bot26,rtt,1444
1785733855818,bot26,rtt,160
1785733855820,bot1,rtt,162
1785733855861,bot3,rtt,203
1785733855865,bot17,rtt,1526
1785733855867,bot17,rtt,209
1785733855868,bot19,rtt,1666
1785733855870,bot19,rtt,212
1785733855871,bot21,rtt,1532
1785733855904,bot23,rtt,1565
1785733855905,bot23,rtt,247
1785733855937,bot25,rtt,1735
1785733855968,bot25,rtt,310
1785733856001,bot27,rtt,1799
1785733856033,bot27,rtt,376
1785733856073,bot20,rtt,1871
1785733856075,bot20,rtt,418
1785733856115,bot22,rtt,1776
1785733856153,bot22,rtt,495
1785733856165,bot0,rtt,507
1785733856167,bot2,rtt,509
1785733856169,bot4,rtt,511
1785733856171,bot6,rtt,513
1785733856173,bot8,rtt,515
1785733856175,bot10,rtt,517
1785733856176,bot12,rtt,518
1785733856178,bot14,rtt,520
1785733856180,bot16,rtt,522
1785733856226,bot5,rtt,568
1785733856228,bot7,rtt,570
1785733856230,bot9,rtt,572
1785733856231,bot11,rtt,573
1785733856232,bot13,rtt,574
1785733856234,bot15,rtt,576
1785733856235,bot18,rtt,577
1785733856250,bot28,rtt,593
1785733856255,bot21,rtt,597
1785733856271,bot29,rtt,1953
1785733856372,bot29,rtt,714
1785733856667,bot12,rtt,9
1785733856668,bot0,rtt,7
1785733856670,bot6,rtt,9
1785733856670,bot8,rtt,9
1785733856671,bot10,rtt,10
1785733856671,bot14,rtt,10
1785733856672,bot16,rtt,11
1785733856720,bot2,rtt,60
1785733856720,bot4,rtt,60
1785733857128,bot27,rtt,470
1785733857269,bot29,rtt,609
1785733857269,bot31,spawn
1785733857270,bot33,spawn
1785733857272,bot17,rtt,612
1785733857308,bot19,rtt,650
1785733857309,bot23,rtt,648
1785733857312,bot21,rtt,651
1785733857313,bot25,rtt,655
1785733857443,bot22,rtt,782
1785733857568,bot24,rtt,910
1785733857696,bot26,rtt,1035
1785733857792,bot28,rtt,1135
1785733857793,bot30,spawn
1785733857794,bot32,spawn
1785733857830,bot1,rtt,1172
1785733857831,bot3,rtt,1173
1785733857832,bot5,rtt,1174
1785733857833,bot7,rtt,1172
1785733857834,bot9,rtt,1173
1785733857835,bot11,rtt,1175
1785733857836,bot13,rtt,1176
1785733857837,bot15,rtt,1176
1785733857838,bot18,rtt,1180
1785733857839,bot20,rtt,1181
1785733857847,bot6,rtt,21
1785733857850,bot10,rtt,24
1785733857852,bot14,rtt,26
1785733857854,bot16,rtt,28
1785733857861,bot0,rtt,35
1785733857861,bot2,rtt,35
1785733857862,bot4,rtt,36
1785733857862,bot8,rtt,36
1785733857862,bot12,rtt,36
1785733858248,bot27,rtt,422
1785733858254,bot19,rtt,428
1785733858254,bot21,rtt,428
1785733858255,bot23,rtt,429
1785733858255,bot25,rtt,429
1785733858286,bot29,rtt,460
1785733858340,bot17,rtt,514
1785733858703,bot28,rtt,878
1785733858732,bot20,rtt,906
1785733858734,bot22,rtt,908
1785733858735,bot24,rtt,909
1785733858766,bot26,rtt,940
1785733858770,bot31,rtt,402
1785733858770,bot33,rtt,402
1785733858852,bot34,spawn
1785733858858,bot1,rtt,1032
1785733858862,bot3,rtt,1036
1785733858869,bot5,rtt,1043
1785733858873,bot7,rtt,1047
1785733858876,bot9,rtt,1050
1785733858880,bot11,rtt,1054
1785733858884,bot13,rtt,1058
1785733858887,bot15,rtt,1061
1785733858890,bot18,rtt,1064
1785733859057,bot0,rtt,94
1785733859058,bot2,rtt,95
1785733859059,bot4,rtt,96
1785733859060,bot6,rtt,97
1785733859061,bot8,rtt,98
1785733859062,bot10,rtt,99
1785733859062,bot12,rtt,99
1785733859063,bot14,rtt,100
1785733859064,bot16,rtt,101
1785733859343,bot29,rtt,380
1785733859367,bot19,rtt,404
1785733859368,bot21,rtt,405
1785733859370,bot23,rtt,407
1785733859370,bot25,rtt,407
1785733859371,bot27,rtt,408
1785733859443,bot17,rtt,480
1785733859708,bot31,rtt,259
1785733859719,bot33,rtt,270
1785733859720,bot35,spawn
1785733860038,bot0,rtt,74
1785733860038,bot2,rtt,74
1785733860039,bot4,rtt,75
1785733860039,bot6,rtt,75
1785733860040,bot8,rtt,76
1785733860040,bot10,rtt,76
1785733860041,bot12,rtt,78
1785733860041,bot14,rtt,77
1785733860042,bot16,rtt,78
1785733860203,bot28,rtt,1240
1785733860255,bot30,rtt,1293
1785733860284,bot13,rtt,1321
1785733860285,bot15,rtt,1322
1785733860286,bot18,rtt,1323
1785733860289,bot20,rtt,1326
1785733860290,bot22,rtt,1327
1785733860291,bot24,rtt,1328
1785733860292,bot26,rtt,1329
1785733860346,bot32,rtt,1384
1785733860348,bot36,spawn
1785733860351,bot1,rtt,1388
1785733860352,bot3,rtt,1389
1785733860354,bot5,rtt,1391
1785733860355,bot7,rtt,1392
1785733860357,bot9,rtt,1394
1785733860358,bot11,rtt,1395
1785733860361,bot17,rtt,397
1785733860363,bot19,rtt,401
1785733860365,bot21,rtt,401
1785733860366,bot23,rtt,402
1785733860368,bot25,rtt,405
1785733860369,bot27,rtt,407
1785733860415,bot29,rtt,451
1785733860517,bot37,spawn
1785733860518,bot39,spawn
1785733860942,bot32,rtt,980
1785733860972,bot34,rtt,1119
1785733860979,bot1,rtt,1017
1785733860981,bot3,rtt,1019
1785733860983,bot5,rtt,1020
1785733860985,bot7,rtt,1021
1785733860987,bot9,rtt,1023
1785733860993,bot11,rtt,1029
1785733861039,bot28,rtt,1077
1785733861083,bot30,rtt,1121
1785733861089,bot31,rtt,540
1785733861090,bot33,rtt,541
1785733861090,bot35,rtt,227
1785733861121,bot13,rtt,1157
1785733861123,bot15,rtt,1159
1785733861125,bot18,rtt,1162
1785733861126,bot20,rtt,1164
1785733861128,bot22,rtt,1164
1785733861130,bot24,rtt,1167
1785733861132,bot26,rtt,1168
1785733861163,bot0,rtt,72
1785733861163,bot2,rtt,72
1785733861163,bot4,rtt,72
1785733861164,bot6,rtt,73
1785733861164,bot8,rtt,73
1785733861164,bot10,rtt,73
1785733861165,bot12,rtt,74
1785733861165,bot14,rtt,74
1785733861165,bot16,rtt,74
1785733862047,bot19,rtt,956
1785733862050,bot27,rtt,959
1785733862136,bot17,rtt,1045
1785733862137,bot21,rtt,1046
1785733862138,bot23,rtt,1047
1785733862138,bot25,rtt,1047
1785733862139,bot29,rtt,1048
1785733862447,bot12,rtt,313
1785733862449,bot14,rtt,314
1785733862450,bot16,rtt,315
1785733862452,bot0,rtt,317
1785733862454,bot2,rtt,319
1785733862456,bot6,rtt,321
1785733862458,bot10,rtt,323
1785733862460,bot4,rtt,325
1785733862462,bot8,rtt,327
1785733862560,bot7,rtt,1469
1785733862565,bot28,rtt,1474
1785733862648,bot38,spawn
1785733862649,bot1,rtt,1558
1785733862650,bot3,rtt,1559
1785733862651,bot5,rtt,1560
1785733862686,bot9,rtt,1595
1785733862687,bot11,rtt,1596
1785733862688,bot20,rtt,1597
1785733862689,bot22,rtt,1598
1785733862689,bot24,rtt,1598
1785733862690,bot26,rtt,1599
1785733862691,bot30,rtt,1600
1785733862692,bot32,rtt,1601
1785733862693,bot34,rtt,1602
1785733862765,bot13,rtt,1674
1785733862766,bot15,rtt,1675
1785733862766,bot18,rtt,1675
1785733862799,bot31,rtt,1250
1785733862800,bot33,rtt,1251
1785733862820,bot37,rtt,1303
1785733862820,bot39,rtt,1302
1785733863143,bot6,rtt,8
1785733863143,bot8,rtt,8
1785733863144,bot10,rtt,9
1785733863144,bot12,rtt,9
1785733863145,bot14,rtt,10
1785733863145,bot16,rtt,10
1785733863147,bot2,rtt,12
1785733863147,bot0,rtt,12
1785733863149,bot4,rtt,14
1785733863699,bot36,rtt,2351
1785733863980,bot35,rtt,1991
1785733864146,bot10,rtt,10
1785733864146,bot12,rtt,10
1785733864146,bot2,rtt,10
1785733864147,bot4,rtt,11
1785733864147,bot6,rtt,10
1785733864147,bot14,rtt,11
1785733864148,bot16,rtt,12
1785733864149,bot8,rtt,13
1785733864149,bot0,rtt,12
1785733864703,bot17,rtt,2568
1785733864705,bot19,rtt,2571
1785733864707,bot21,rtt,2572
1785733864709,bot23,rtt,2574
1785733864715,bot25,rtt,2581
1785733864717,bot27,rtt,2583
1785733864765,bot29,rtt,2630
1785733867363,bot6,rtt,2225
1785733867363,bot6,rtt,1223
1785733867363,bot6,rtt,223
1785733867365,bot12,rtt,2227
1785733867365,bot12,rtt,1228
1785733867365,bot12,rtt,227
1785733867367,bot2,rtt,2229
1785733867368,bot2,rtt,1229
1785733867368,bot2,rtt,228
1785733867368,bot8,rtt,2230
1785733867369,bot8,rtt,1229
1785733867369,bot8,rtt,229
1785733867371,bot0,rtt,2233
1785733867371,bot0,rtt,1231
1785733867434,bot0,rtt,294
1785733867435,bot4,rtt,2297
1785733867435,bot4,rtt,1296
1785733867435,bot4,rtt,295
1785733867439,bot10,rtt,2301
1785733867439,bot10,rtt,1300
1785733867439,bot10,rtt,299
1785733867440,bot14,rtt,2302
1785733867440,bot14,rtt,1300
1785733867440,bot14,rtt,300
1785733867440,bot16,rtt,2302
1785733867440,bot16,rtt,1301
1785733867440,bot16,rtt,300
1785733867682,bot1,rtt,5548
1785733867683,bot3,rtt,5549
1785733867683,bot5,rtt,5549
1785733867684,bot7,rtt,5549
1785733867684,bot9,rtt,5549
1785733867685,bot11,rtt,5550
1785733867686,bot13,rtt,5551
1785733867686,bot15,rtt,5551
1785733867687,bot18,rtt,5553
1785733867687,bot20,rtt,5553
1785733867687,bot22,rtt,5552
1785733867688,bot24,rtt,5554
1785733867689,bot26,rtt,5554
1785733867689,bot28,rtt,5555
1785733867689,bot30,rtt,5555
1785733867690,bot32,rtt,5556
1785733867691,bot34,rtt,5557
1785733868244,bot36,rtt,5797
1785733868245,bot0,rtt,103
1785733868246,bot2,rtt,105
1785733868247,bot4,rtt,106
1785733868247,bot6,rtt,105
1785733868248,bot8,rtt,106
1785733868249,bot10,rtt,107
1785733868250,bot12,rtt,112
1785733868251,bot14,rtt,109
1785733868252,bot16,rtt,111
1785733868314,bot33,rtt,5765
1785733868351,bot37,rtt,5833
1785733868370,bot39,rtt,5852
1785733868391,bot31,rtt,5842
1785733869227,bot2,rtt,17
1785733869227,bot0,rtt,17
1785733869228,bot8,rtt,18
1785733869229,bot10,rtt,19
1785733869229,bot12,rtt,19
1785733869230,bot14,rtt,20
1785733869230,bot16,rtt,20
1785733869230,bot4,rtt,20
1785733869231,bot6,rtt,21
1785733869833,bot17,rtt,6698
1785733869834,bot19,rtt,6699
1785733869834,bot21,rtt,6699
1785733869834,bot23,rtt,6699
1785733869835,bot25,rtt,6700
1785733869835,bot27,rtt,6700
1785733869835,bot29,rtt,6700
1785733869867,bot35,rtt,6877
1785733870228,bot14,rtt,17
1785733870229,bot16,rtt,18
1785733870229,bot2,rtt,18
1785733870229,bot4,rtt,18
1785733870230,bot6,rtt,18
1785733870230,bot8,rtt,19
1785733870230,bot10,rtt,19
1785733870230,bot12,rtt,19
1785733870231,bot0,rtt,19
1785733870259,bot18,rtt,7124
1785733870259,bot20,rtt,7124
1785733870260,bot26,rtt,7125
1785733870261,bot28,rtt,7126
1785733870277,bot30,rtt,7142
1785733870300,bot32,rtt,7165
1785733870331,bot34,rtt,7196
1785733870495,bot1,rtt,7360
1785733870496,bot3,rtt,7361
1785733870496,bot5,rtt,7361
1785733870497,bot7,rtt,7362
1785733870498,bot9,rtt,7363
1785733870498,bot11,rtt,7363
1785733870499,bot13,rtt,7364
1785733870499,bot15,rtt,7364
1785733870500,bot22,rtt,7365
1785733870501,bot24,rtt,7366
1785733871082,bot36,rtt,7441
1785733871083,bot38,rtt,7370
1785733871185,bot33,rtt,7543
1785733871210,bot37,rtt,7569
1785733871223,bot39,rtt,7582
1785733871246,bot31,rtt,7605
1785733871260,bot0,rtt,15
1785733871261,bot2,rtt,16
1785733871264,bot4,rtt,19
1785733871266,bot6,rtt,21
1785733871267,bot8,rtt,22
1785733871268,bot10,rtt,23
1785733871269,bot12,rtt,24
1785733871270,bot14,rtt,25
1785733871272,bot16,rtt,27
1785733871652,bot20,rtt,7516
1785733871653,bot24,rtt,7517
1785733871664,bot1,rtt,7528
1785733871665,bot3,rtt,7529
1785733871666,bot5,rtt,7530
1785733871666,bot7,rtt,7530
1785733871667,bot9,rtt,7531
1785733871667,bot11,rtt,7531
1785733871667,bot13,rtt,7531
1785733871668,bot15,rtt,7532
1785733871668,bot18,rtt,7532
1785733871669,bot22,rtt,7533
1785733871670,bot26,rtt,7533
1785733871670,bot28,rtt,7534
1785733871681,bot30,rtt,7545
1785733871690,bot32,rtt,7554
1785733871702,bot34,rtt,7566
1785733872331,bot0,rtt,50
1785733872331,bot2,rtt,52
1785733872332,bot4,rtt,53
1785733872334,bot6,rtt,53
1785733872335,bot8,rtt,54
1785733872336,bot10,rtt,57
1785733872337,bot12,rtt,58
1785733872337,bot14,rtt,56
1785733872337,bot16,rtt,58
1785733872438,bot19,rtt,8302
1785733872439,bot21,rtt,8303
1785733872439,bot23,rtt,8303
1785733872440,bot25,rtt,8304
1785733872440,bot27,rtt,8304
1785733872441,bot29,rtt,8305
1785733872473,bot35,rtt,8471
1785733872515,bot17,rtt,8379
1785733872765,bot36,rtt,8006
1785733872778,bot38,rtt,8019
1785733872789,bot1,rtt,7652
1785733872791,bot3,rtt,7654
1785733872791,bot3,rtt,6654
1785733872791,bot3,rtt,5654
1785733872792,bot7,rtt,7654
1785733872792,bot7,rtt,6652
1785733872792,bot7,rtt,5652
1785733872794,bot9,rtt,7656
1785733872794,bot9,rtt,6654
1785733872794,bot9,rtt,5654
1785733872796,bot13,rtt,7658
1785733872796,bot13,rtt,6657
1785733872796,bot13,rtt,5656
1785733872798,bot18,rtt,7660
1785733872798,bot18,rtt,6661
1785733872799,bot18,rtt,5661
1785733872802,bot26,rtt,7664
1785733872803,bot26,rtt,6663
1785733872803,bot26,rtt,5663
1785733872803,bot28,rtt,7666
1785733872803,bot28,rtt,6666
1785733872803,bot28,rtt,5666
1785733872806,bot34,rtt,7669
1785733872806,bot34,rtt,6669
1785733872806,bot34,rtt,5669
1785733872820,bot15,rtt,7682
1785733872821,bot15,rtt,6681
1785733872821,bot15,rtt,5681
1785733872822,bot20,rtt,7685
1785733872823,bot30,rtt,7686
1785733872824,bot30,rtt,6687
1785733872824,bot30,rtt,5687
1785733872825,bot1,rtt,6688
1785733872825,bot1,rtt,5688
1785733872826,bot5,rtt,7689
1785733872826,bot5,rtt,6689
1785733872826,bot5,rtt,5688
1785733872828,bot20,rtt,6691
1785733872828,bot20,rtt,5691
1785733872828,bot24,rtt,7690
1785733872828,bot24,rtt,6691
1785733872828,bot24,rtt,5690
1785733872829,bot32,rtt,7692
1785733872829,bot32,rtt,6692
1785733872829,bot32,rtt,5692
1785733872829,bot36,rtt,7071
1785733872829,bot36,rtt,6071
1785733872833,bot11,rtt,7695
1785733872833,bot11,rtt,6696
1785733872833,bot11,rtt,5695
1785733872833,bot22,rtt,7695
1785733872833,bot22,rtt,6694
1785733872842,bot22,rtt,5702
1785733872854,bot38,rtt,7094
1785733872855,bot38,rtt,6095
1785733873372,bot0,rtt,38
1785733873374,bot2,rtt,40
1785733873376,bot4,rtt,42
1785733873378,bot6,rtt,44
1785733873380,bot8,rtt,46
1785733873382,bot10,rtt,48
1785733873384,bot12,rtt,51
1785733873386,bot14,rtt,52
1785733873387,bot16,rtt,53
1785733873855,bot36,rtt,6096
1785733873916,bot38,rtt,6155
1785733874220,bot17,rtt,9082
1785733874220,bot17,rtt,8083
1785733874220,bot17,rtt,7082
1785733874223,bot19,rtt,9086
1785733874223,bot19,rtt,8086
1785733874223,bot19,rtt,7086
1785733874225,bot21,rtt,9087
1785733874225,bot21,rtt,8085
1785733874225,bot21,rtt,7085
1785733874228,bot23,rtt,9090
1785733874228,bot23,rtt,8088
1785733874228,bot23,rtt,7088
1785733874230,bot25,rtt,9092
1785733874231,bot25,rtt,8094
1785733874231,bot25,rtt,7093
1785733874234,bot27,rtt,9097
1785733874234,bot27,rtt,8097
1785733874234,bot27,rtt,7097
1785733874236,bot29,rtt,9098
1785733874236,bot29,rtt,8099
1785733874236,bot29,rtt,7098
1785733874243,bot31,rtt,9484
1785733874243,bot31,rtt,8483
1785733874243,bot31,rtt,7483
1785733874256,bot33,rtt,9497
1785733874256,bot33,rtt,8496
1785733874256,bot33,rtt,7496
1785733874268,bot35,rtt,9224
1785733874268,bot35,rtt,8225
1785733874268,bot35,rtt,7224
1785733874282,bot37,rtt,9523
1785733874282,bot37,rtt,8522
1785733874282,bot37,rtt,7522
1785733874295,bot39,rtt,9536
1785733874295,bot39,rtt,8535
1785733874295,bot39,rtt,7535
1785733874351,bot0,rtt,8
1785733874353,bot2,rtt,10
1785733874353,bot4,rtt,10
1785733874355,bot8,rtt,12
1785733874357,bot10,rtt,14
1785733874358,bot12,rtt,15
1785733874359,bot14,rtt,16
1785733874359,bot16,rtt,16
1785733874366,bot6,rtt,23
1785733874463,bot1,rtt,6325
1785733874464,bot3,rtt,6326
1785733874464,bot5,rtt,6326
1785733874477,bot7,rtt,6335
1785733874478,bot11,rtt,6340
1785733874479,bot15,rtt,6337
1785733874480,bot18,rtt,6342
1785733874480,bot20,rtt,6342
1785733874481,bot24,rtt,6343
1785733874482,bot28,rtt,6345
1785733874483,bot30,rtt,6346
1785733874483,bot32,rtt,6346
1785733874484,bot34,rtt,6347
1785733874524,bot9,rtt,6382
1785733874524,bot13,rtt,6383
1785733874526,bot22,rtt,6384
1785733874526,bot26,rtt,6384
1785733875054,bot36,rtt,6265
1785733875058,bot38,rtt,6268
1785733875266,bot1,rtt,6056
1785733875267,bot9,rtt,6057
1785733875269,bot18,rtt,6059
1785733875270,bot20,rtt,6060
1785733875282,bot3,rtt,6072
1785733875282,bot5,rtt,6072
1785733875282,bot26,rtt,6072
1785733875283,bot28,rtt,6073
1785733875284,bot34,rtt,6075
1785733875325,bot30,rtt,6116
1785733875326,bot32,rtt,6116
1785733875328,bot7,rtt,6118
1785733875328,bot11,rtt,6118
1785733875329,bot13,rtt,6119
1785733875329,bot15,rtt,6119
1785733875330,bot22,rtt,6120
1785733875330,bot24,rtt,6120
1785733875351,bot0,rtt,7
1785733875356,bot6,rtt,12
1785733875357,bot8,rtt,13
1785733875359,bot10,rtt,15
1785733875362,bot12,rtt,19
1785733875366,bot14,rtt,22
1785733875371,bot16,rtt,27
1785733875382,bot4,rtt,38
1785733875388,bot2,rtt,44
1785733875556,bot31,rtt,7795
1785733875556,bot33,rtt,7795
1785733875740,bot37,rtt,7979
1785733875832,bot39,rtt,8071
1785733875916,bot36,rtt,6087
1785733875943,bot38,rtt,6114
1785733876091,bot18,rtt,5880
1785733876091,bot20,rtt,5880
1785733876092,bot22,rtt,5881
1785733876093,bot24,rtt,5882
1785733876094,bot26,rtt,5882
1785733876095,bot28,rtt,5884
1785733876095,bot30,rtt,5884
1785733876096,bot32,rtt,5885
1785733876097,bot34,rtt,5886
1785733876109,bot1,rtt,5898
1785733876111,bot3,rtt,5900
1785733876112,bot5,rtt,5901
1785733876113,bot7,rtt,5902
1785733876114,bot9,rtt,5903
1785733876114,bot11,rtt,5903
1785733876115,bot13,rtt,5904
1785733876116,bot15,rtt,5905
1785733876516,bot0,rtt,160
1785733876520,bot2,rtt,165
1785733876526,bot4,rtt,171
1785733876532,bot6,rtt,176
1785733876536,bot8,rtt,180
1785733876540,bot10,rtt,185
1785733876545,bot12,rtt,190
1785733876552,bot14,rtt,196
1785733876561,bot16,rtt,206
1785733876599,bot36,rtt,5769
1785733876635,bot38,rtt,5804
1785733876779,bot17,rtt,8641
1785733876780,bot19,rtt,8642
1785733876780,bot21,rtt,8638
1785733876799,bot23,rtt,8657
1785733876800,bot25,rtt,8662
1785733876800,bot27,rtt,8662
1785733876801,bot29,rtt,8663
1785733876802,bot35,rtt,8757
1785733876804,bot1,rtt,5559
1785733876812,bot15,rtt,5567
1785733876813,bot20,rtt,5569
1785733876815,bot24,rtt,5570
1785733876816,bot30,rtt,5572
1785733876817,bot32,rtt,5573
1785733876827,bot5,rtt,5582
1785733876828,bot7,rtt,5583
1785733876831,bot3,rtt,5586
1785733876833,bot9,rtt,5588
1785733876834,bot11,rtt,5589
1785733876834,bot13,rtt,5589
1785733876835,bot18,rtt,5590
1785733876836,bot22,rtt,5591
1785733876837,bot26,rtt,5592
1785733876837,bot28,rtt,5593
1785733876838,bot34,rtt,5594
1785733877164,bot36,rtt,5333
1785733877222,bot38,rtt,5391
1785733877356,bot26,rtt,5075
1785733877370,bot1,rtt,5091
1785733877375,bot9,rtt,5094
1785733877377,bot15,rtt,5096
1785733877432,bot6,rtt,65
1785733877432,bot8,rtt,65
1785733877434,bot12,rtt,68
1785733877435,bot14,rtt,69
1785733877435,bot16,rtt,69
1785733877443,bot0,rtt,76
1785733877445,bot2,rtt,79
1785733877447,bot4,rtt,81
1785733877457,bot10,rtt,91
1785733877469,bot28,rtt,5190
1785733877470,bot30,rtt,5191
1785733877471,bot32,rtt,5192
1785733877472,bot34,rtt,5193
1785733877477,bot3,rtt,5198
1785733877480,bot5,rtt,5201
1785733877482,bot7,rtt,5201
1785733877486,bot11,rtt,5207
1785733877488,bot13,rtt,5209
1785733877490,bot18,rtt,5211
1785733877490,bot20,rtt,5211
1785733877491,bot22,rtt,5212
1785733877492,bot24,rtt,5213
1785733877656,bot36,rtt,4821
1785733877656,bot38,rtt,4821
1785733877826,bot31,rtt,9037
1785733877827,bot33,rtt,9038
1785733877836,bot37,rtt,9047
1785733877839,bot39,rtt,9050
1785733877942,bot20,rtt,4609
1785733877943,bot28,rtt,4610
1785733877944,bot30,rtt,4611
1785733877945,bot32,rtt,4612
1785733877951,bot9,rtt,4617
1785733877952,bot11,rtt,4618
1785733877954,bot13,rtt,4620
1785733877956,bot15,rtt,4622
1785733877956,bot18,rtt,4623
1785733877957,bot22,rtt,4623
1785733877957,bot24,rtt,4624
1785733877957,bot26,rtt,4623
1785733877958,bot34,rtt,4625
1785733877960,bot1,rtt,4626
1785733877961,bot3,rtt,4628
1785733877963,bot5,rtt,4630
1785733877965,bot7,rtt,4631
1785733878257,bot36,rtt,4296
1785733878258,bot38,rtt,4297
1785733878374,bot35,rtt,9273
1785733878429,bot4,rtt,36
1785733878430,bot6,rtt,36
1785733878431,bot10,rtt,38
1785733878432,bot12,rtt,39
1785733878434,bot14,rtt,41
1785733878437,bot16,rtt,44
1785733878439,bot0,rtt,46
1785733878441,bot2,rtt,48
1785733878448,bot8,rtt,55
1785733878457,bot22,rtt,4114
1785733878460,bot24,rtt,4117
1785733878461,bot26,rtt,4118
1785733878462,bot28,rtt,4119
1785733878462,bot30,rtt,4119
1785733878463,bot32,rtt,4120
1785733878464,bot34,rtt,4121
1785733878468,bot1,rtt,4125
1785733878473,bot5,rtt,4130
1785733878474,bot7,rtt,4131
1785733878479,bot9,rtt,4136
1785733878482,bot11,rtt,4139
1785733878486,bot13,rtt,4143
1785733878491,bot15,rtt,4148
1785733878493,bot18,rtt,4150
1785733878495,bot20,rtt,4152
1785733878521,bot3,rtt,4178
1785733878753,bot36,rtt,3788
1785733878754,bot38,rtt,3789
1785733878958,bot17,rtt,9748
1785733878959,bot19,rtt,9749
1785733878959,bot21,rtt,9749
1785733878960,bot23,rtt,9750
1785733878961,bot25,rtt,9751
1785733878961,bot27,rtt,9751
1785733878962,bot29,rtt,9752
1785733878973,bot37,rtt,9144
1785733878981,bot39,rtt,9152
1785733879004,bot31,rtt,9175
1785733879005,bot33,rtt,9176
1785733879063,bot5,rtt,3720
1785733879068,bot7,rtt,3724
1785733879071,bot9,rtt,3727
1785733879073,bot11,rtt,3730
1785733879078,bot13,rtt,3734
1785733879081,bot15,rtt,3737
1785733879084,bot18,rtt,3741
1785733879087,bot20,rtt,3745
1785733879088,bot22,rtt,3744
1785733879104,bot1,rtt,3761
1785733879106,bot3,rtt,3763
1785733879114,bot24,rtt,3771
1785733879115,bot26,rtt,3771
1785733879116,bot28,rtt,3774
1785733879117,bot30,rtt,3775
1785733879117,bot32,rtt,3775
1785733879118,bot34,rtt,3776
1785733879183,bot19,rtt,8972
1785733879183,bot21,rtt,8972
1785733879184,bot23,rtt,8973
1785733879184,bot25,rtt,8973
1785733879194,bot27,rtt,8983
1785733879223,bot17,rtt,9012
1785733879223,bot35,rtt,9122
1785733879224,bot29,rtt,9013
1785733879281,bot36,rtt,3272
1785733879281,bot38,rtt,3271
1785733879451,bot2,rtt,55
1785733879455,bot6,rtt,59
1785733879457,bot8,rtt,61
1785733879460,bot12,rtt,64
1785733879463,bot14,rtt,67
1785733879465,bot16,rtt,69
1785733879467,bot0,rtt,71
1785733879472,bot31,rtt,8641
1785733879473,bot33,rtt,8642
1785733879473,bot37,rtt,8642
1785733879474,bot39,rtt,8643
1785733879486,bot28,rtt,3131
1785733879497,bot4,rtt,101
1785733879500,bot10,rtt,104
1785733879536,bot1,rtt,3181
1785733879537,bot3,rtt,3182
1785733879539,bot5,rtt,3184
1785733879541,bot9,rtt,3185
1785733879545,bot15,rtt,3190
1785733879546,bot18,rtt,3191
1785733879548,bot20,rtt,3193
1785733879550,bot22,rtt,3195
1785733879551,bot24,rtt,3196
1785733879552,bot26,rtt,3196
1785733879553,bot30,rtt,3198
1785733879553,bot32,rtt,3198
1785733879553,bot34,rtt,3198
1785733879568,bot7,rtt,3212
1785733879569,bot11,rtt,3214
1785733879570,bot13,rtt,3215
1785733879668,bot35,rtt,8542
1785733879752,bot17,rtt,8507
1785733879753,bot21,rtt,8508
1785733879756,bot25,rtt,8511
1785733879756,bot27,rtt,8512
1785733879756,bot29,rtt,8511
1785733879766,bot36,rtt,2753
1785733879766,bot38,rtt,2753
1785733879777,bot19,rtt,8533
1785733879780,bot23,rtt,8535
1785733879945,bot24,rtt,2579
1785733879952,bot1,rtt,2586
1785733879954,bot3,rtt,2588
1785733879955,bot5,rtt,2589
1785733879958,bot7,rtt,2591
1785733879961,bot9,rtt,2594
1785733879964,bot11,rtt,2598
1785733879967,bot13,rtt,2601
1785733879971,bot15,rtt,2605
1785733879974,bot18,rtt,2608
1785733879976,bot20,rtt,2610
1785733879980,bot22,rtt,2614
1785733879983,bot26,rtt,2616
1785733879984,bot28,rtt,2618
1785733879985,bot30,rtt,2619
1785733879986,bot32,rtt,2620
1785733879986,bot34,rtt,2620
1785733880075,bot37,rtt,8244
1785733880076,bot39,rtt,8245
1785733880085,bot31,rtt,8254
1785733880086,bot33,rtt,8255
1785733880348,bot36,rtt,2331
1785733880348,bot38,rtt,2330
1785733880434,bot0,rtt,36
1785733880440,bot2,rtt,43
1785733880443,bot4,rtt,46
1785733880445,bot6,rtt,47
1785733880447,bot8,rtt,50
1785733880450,bot10,rtt,53
1785733880453,bot12,rtt,56
1785733880457,bot14,rtt,60
1785733880459,bot16,rtt,62
1785733880522,bot17,rtt,8243
1785733880522,bot19,rtt,8243
1785733880523,bot21,rtt,8242
1785733880523,bot23,rtt,8244
1785733880524,bot25,rtt,8245
1785733880525,bot27,rtt,8246
1785733880526,bot29,rtt,8247
1785733880527,bot35,rtt,8358
1785733880533,bot20,rtt,2140
1785733880535,bot22,rtt,2142
1785733880537,bot24,rtt,2144
1785733880538,bot26,rtt,2144
1785733880539,bot28,rtt,2146
1785733880539,bot30,rtt,2146
1785733880539,bot32,rtt,2146
1785733880540,bot34,rtt,2147
1785733880542,bot3,rtt,2149
1785733880545,bot5,rtt,2152
1785733880548,bot7,rtt,2155
1785733880550,bot9,rtt,2157
1785733880553,bot11,rtt,2160
1785733880556,bot13,rtt,2163
1785733880560,bot15,rtt,2167
1785733880572,bot18,rtt,2179
1785733880581,bot1,rtt,2188
1785733880686,bot31,rtt,7851
1785733880686,bot33,rtt,7851
1785733880687,bot37,rtt,7852
1785733880687,bot39,rtt,7852
1785733880762,bot17,rtt,7428
1785733880763,bot19,rtt,7430
1785733880763,bot21,rtt,7429
1785733880766,bot23,rtt,7432
1785733880766,bot25,rtt,7433
1785733880767,bot27,rtt,7434
1785733880767,bot29,rtt,7433
1785733880769,bot35,rtt,7436
1785733880852,bot36,rtt,1835
1785733880853,bot38,rtt,1836
1785733881061,bot31,rtt,7100
1785733881062,bot33,rtt,7101
1785733881064,bot37,rtt,7103
1785733881064,bot39,rtt,7103
1785733881144,bot27,rtt,6801
1785733881146,bot29,rtt,6803
1785733881153,bot35,rtt,6811
1785733881159,bot1,rtt,1763
1785733881161,bot3,rtt,1765
1785733881163,bot7,rtt,1767
1785733881164,bot9,rtt,1768
1785733881167,bot13,rtt,1771
1785733881169,bot15,rtt,1773
1785733881170,bot18,rtt,1774
1785733881176,bot26,rtt,1780
1785733881177,bot28,rtt,1781
1785733881180,bot34,rtt,1785
1785733881206,bot17,rtt,6863
1785733881208,bot19,rtt,6865
1785733881211,bot21,rtt,6868
1785733881214,bot23,rtt,6871
1785733881215,bot25,rtt,6872
1785733881223,bot30,rtt,1827
1785733881226,bot5,rtt,1830
1785733881229,bot11,rtt,1833
1785733881233,bot20,rtt,1837
1785733881233,bot22,rtt,1837
1785733881234,bot24,rtt,1838
1785733881237,bot32,rtt,1841
1785733881465,bot33,rtt,6500
1785733881467,bot37,rtt,6502
1785733881468,bot39,rtt,6503
1785733881476,bot0,rtt,77
1785733881490,bot31,rtt,6525
1785733881492,bot14,rtt,93
1785733881494,bot16,rtt,96
1785733881497,bot2,rtt,99
1785733881498,bot4,rtt,100
1785733881501,bot6,rtt,102
1785733881503,bot8,rtt,104
1785733881505,bot10,rtt,107
1785733881507,bot12,rtt,109
1785733881584,bot35,rtt,6242
1785733881585,bot17,rtt,6242
1785733881586,bot19,rtt,6243
1785733881588,bot21,rtt,6244
1785733881589,bot23,rtt,6245
1785733881590,bot25,rtt,6247
1785733881591,bot27,rtt,6249
1785733881591,bot29,rtt,6248
1785733881644,bot38,rtt,1623
1785733881652,bot36,rtt,1632
1785733881675,bot31,rtt,5666
1785733881675,bot33,rtt,5665
1785733881678,bot39,rtt,5669
1785733881722,bot37,rtt,5713
1785733881772,bot23,rtt,5417
1785733881832,bot19,rtt,5477
1785733881839,bot25,rtt,5484
1785733881840,bot27,rtt,5485
1785733881851,bot17,rtt,5496
1785733881856,bot21,rtt,5501
1785733881861,bot29,rtt,5506
1785733881863,bot35,rtt,5508
1785733881977,bot28,rtt,1581
1785733881979,bot34,rtt,1583
1785733881982,bot3,rtt,1585
1785733881997,bot9,rtt,1600
1785733881998,bot18,rtt,1601
1785733882020,bot26,rtt,1622
1785733882023,bot11,rtt,1626
1785733882042,bot7,rtt,1644
1785733882044,bot13,rtt,1647
1785733882045,bot15,rtt,1648
1785733882047,bot20,rtt,1651
1785733882048,bot22,rtt,1651
1785733882049,bot24,rtt,1652
1785733882051,bot30,rtt,1655
1785733882063,bot32,rtt,1667
1785733882065,bot1,rtt,1669
1785733882067,bot5,rtt,1670
1785733882080,bot31,rtt,5067
1785733882080,bot33,rtt,5067
1785733882081,bot37,rtt,5068
1785733882081,bot39,rtt,5068
1785733882234,bot29,rtt,4868
1785733882235,bot35,rtt,4869
1785733882237,bot17,rtt,4871
1785733882238,bot19,rtt,4872
1785733882240,bot21,rtt,4874
1785733882241,bot23,rtt,4875
1785733882242,bot25,rtt,4876
1785733882243,bot27,rtt,4877
1785733882349,bot36,rtt,1328
1785733882349,bot38,rtt,1328
1785733882432,bot2,rtt,33
1785733882434,bot4,rtt,35
1785733882436,bot8,rtt,37
1785733882437,bot10,rtt,38
1785733882439,bot12,rtt,40
1785733882443,bot14,rtt,44
1785733882447,bot16,rtt,48
1785733882455,bot0,rtt,56
1785733882462,bot6,rtt,63
1785733882470,bot31,rtt,4453
1785733882473,bot33,rtt,4455
1785733882474,bot37,rtt,4457
1785733882475,bot39,rtt,4458
1785733882529,bot1,rtt,1132
1785733882533,bot15,rtt,1134
1785733882538,bot30,rtt,1143
1785733882538,bot32,rtt,1143
1785733882539,bot34,rtt,1144
1785733882545,bot5,rtt,1147
1785733882546,bot7,rtt,1147
1785733882549,bot9,rtt,1150
1785733882550,bot11,rtt,1152
1785733882553,bot13,rtt,1155
1785733882560,bot18,rtt,1162
1785733882562,bot20,rtt,1165
1785733882565,bot22,rtt,1167
1785733882567,bot24,rtt,1169
1785733882571,bot26,rtt,1172
1785733882573,bot28,rtt,1178
1785733882623,bot3,rtt,1225
1785733882638,bot17,rtt,4245
1785733882642,bot25,rtt,4249
1785733882656,bot19,rtt,4263
1785733882657,bot21,rtt,4264
1785733882658,bot23,rtt,4265
1785733882661,bot27,rtt,4268
1785733882661,bot29,rtt,4268
1785733882665,bot35,rtt,4272
1785733882742,bot36,rtt,722
1785733882749,bot38,rtt,726
1785733882955,bot33,rtt,3938
1785733882964,bot3,rtt,566
1785733882967,bot5,rtt,569
1785733882969,bot7,rtt,570
1785733882973,bot9,rtt,574
1785733882975,bot11,rtt,576
1785733882978,bot13,rtt,579
1785733882981,bot15,rtt,582
1785733882986,bot18,rtt,587
1785733882989,bot20,rtt,592
1785733882993,bot22,rtt,594
1785733882996,bot24,rtt,597
1785733883000,bot26,rtt,600
1785733883004,bot28,rtt,608
1785733883006,bot30,rtt,610
1785733883008,bot32,rtt,612
1785733883010,bot34,rtt,614
1785733883041,bot31,rtt,4024
1785733883044,bot37,rtt,4027
1785733883046,bot39,rtt,4029
1785733883049,bot1,rtt,652
1785733883078,bot17,rtt,3682
1785733883084,bot19,rtt,3688
1785733883088,bot21,rtt,3692
1785733883092,bot23,rtt,3696
1785733883097,bot25,rtt,3701
1785733883101,bot27,rtt,3705
1785733883105,bot29,rtt,3709
1785733883112,bot35,rtt,3717
1785733883348,bot31,rtt,3327
1785733883348,bot33,rtt,3327
1785733883349,bot37,rtt,3329
1785733883349,bot39,rtt,3329
1785733883446,bot12,rtt,48
1785733883448,bot14,rtt,48
1785733883451,bot16,rtt,51
1785733883481,bot0,rtt,81
1785733883482,bot2,rtt,82
1785733883483,bot4,rtt,83
1785733883485,bot6,rtt,85
1785733883486,bot8,rtt,86
1785733883487,bot10,rtt,87
1785733883501,bot23,rtt,3104
1785733883503,bot27,rtt,3107
1785733883514,bot17,rtt,3117
1785733883515,bot19,rtt,3119
1785733883517,bot21,rtt,3120
1785733883519,bot25,rtt,3122
1785733883522,bot29,rtt,3125
1785733883525,bot35,rtt,3130
1785733883576,bot36,rtt,509
1785733883576,bot38,rtt,509
1785733883662,bot28,rtt,266
1785733883665,bot34,rtt,269
1785733883670,bot9,rtt,270
1785733883679,bot15,rtt,279
1785733883680,bot18,rtt,282
1785733883685,bot3,rtt,287
1785733883687,bot5,rtt,289
1785733883695,bot20,rtt,298
1785733883698,bot26,rtt,298
1785733883701,bot30,rtt,305
1785733883702,bot32,rtt,306
1785733883737,bot1,rtt,340
1785733883753,bot22,rtt,353
1785733883754,bot24,rtt,356
1785733883776,bot7,rtt,376
1785733883779,bot11,rtt,381
1785733883780,bot13,rtt,382
1785733883829,bot37,rtt,2808
1785733883830,bot39,rtt,2809
1785733883834,bot31,rtt,2813
1785733883835,bot33,rtt,2814
1785733884061,bot17,rtt,2663
1785733884068,bot23,rtt,2670
1785733884073,bot25,rtt,2675
1785733884078,bot27,rtt,2681
1785733884084,bot35,rtt,2689
1785733884107,bot19,rtt,2710
1785733884110,bot21,rtt,2711
1785733884112,bot29,rtt,2714
1785733884166,bot36,rtt,61
1785733884166,bot38,rtt,61
1785733884244,bot39,rtt,2224
1785733884256,bot31,rtt,2236
1785733884257,bot33,rtt,2234
1785733884257,bot37,rtt,2237
1785733884376,bot23,rtt,1977
1785733884381,bot17,rtt,1982
1785733884423,bot29,rtt,2024
1785733884424,bot19,rtt,2027
1785733884425,bot21,rtt,2026
1785733884426,bot25,rtt,2027
1785733884427,bot27,rtt,2030
1785733884428,bot35,rtt,2032
1785733884450,bot16,rtt,50
1785733884465,bot0,rtt,64
1785733884467,bot2,rtt,67
1785733884468,bot4,rtt,68
1785733884469,bot6,rtt,68
1785733884471,bot8,rtt,71
1785733884472,bot10,rtt,72
1785733884474,bot12,rtt,74
1785733884474,bot14,rtt,74
1785733884477,bot1,rtt,78
1785733884480,bot3,rtt,80
1785733884484,bot5,rtt,84
1785733884486,bot7,rtt,85
1785733884489,bot9,rtt,88
1785733884492,bot11,rtt,92
1785733884495,bot13,rtt,95
1785733884500,bot15,rtt,100
1785733884502,bot18,rtt,102
1785733884505,bot20,rtt,106
1785733884507,bot22,rtt,107
1785733884510,bot24,rtt,110
1785733884514,bot26,rtt,113
1785733884516,bot28,rtt,120
1785733884519,bot30,rtt,123
1785733884523,bot32,rtt,127
1785733884529,bot34,rtt,133
1785733884591,bot37,rtt,1524
1785733884592,bot39,rtt,1525
1785733884598,bot31,rtt,1531
1785733884598,bot33,rtt,1531
1785733884674,bot29,rtt,1276
1785733884676,bot35,rtt,1281
1785733884677,bot17,rtt,1279
1785733884681,bot19,rtt,1284
1785733884682,bot21,rtt,1282
1785733884685,bot23,rtt,1285
1785733884687,bot25,rtt,1289
1785733884689,bot27,rtt,1292
1785733885125,bot36,rtt,20
1785733885135,bot38,rtt,29
1785733885165,bot31,rtt,1060
1785733885166,bot33,rtt,1061
1785733885166,bot39,rtt,1061
1785733885176,bot37,rtt,1071
1785733885353,bot27,rtt,954
1785733885355,bot29,rtt,955
1785733885363,bot35,rtt,968
1785733885383,bot17,rtt,983
1785733885387,bot21,rtt,987
1785733885389,bot23,rtt,989
1785733885391,bot25,rtt,991
1785733885399,bot19,rtt,1000
1785733885436,bot10,rtt,29
1785733885438,bot12,rtt,31
1785733885442,bot14,rtt,35
1785733885446,bot16,rtt,39
1785733885458,bot0,rtt,51
1785733885461,bot2,rtt,54
1785733885464,bot4,rtt,57
1785733885466,bot6,rtt,59
1785733885469,bot8,rtt,62
1785733885478,bot1,rtt,71
1785733885482,bot3,rtt,75
1785733885485,bot5,rtt,78
1785733885493,bot7,rtt,86
1785733885497,bot9,rtt,90
1785733885499,bot11,rtt,92
1785733885502,bot13,rtt,95
1785733885507,bot15,rtt,100
1785733885510,bot18,rtt,103
1785733885514,bot20,rtt,108
1785733885516,bot22,rtt,109
1785733885520,bot24,rtt,113
1785733885527,bot26,rtt,120
1785733885530,bot28,rtt,124
1785733885535,bot30,rtt,129
1785733885537,bot32,rtt,131
1785733885541,bot34,rtt,135
1785733885738,bot31,rtt,632
1785733885739,bot33,rtt,633
1785733885740,bot37,rtt,634
1785733885740,bot39,rtt,634
1785733885978,bot17,rtt,571
1785733885983,bot19,rtt,576
1785733885985,bot21,rtt,578
1785733885988,bot23,rtt,581
1785733885991,bot25,rtt,584
1785733885995,bot27,rtt,589
1785733885997,bot29,rtt,590
1785733886006,bot35,rtt,600
1785733886165,bot36,rtt,61
1785733886166,bot38,rtt,59
1785733886238,bot31,rtt,131
1785733886239,bot33,rtt,132
1785733886240,bot37,rtt,133
1785733886241,bot39,rtt,134
1785733886424,bot0,rtt,16
1785733886424,bot2,rtt,17
1785733886425,bot4,rtt,18
1785733886428,bot10,rtt,21
1785733886429,bot12,rtt,22
1785733886430,bot14,rtt,22
1785733886431,bot16,rtt,24
1785733886437,bot17,rtt,30
1785733886439,bot19,rtt,32
1785733886440,bot21,rtt,32
1785733886442,bot23,rtt,34
1785733886444,bot25,rtt,37
1785733886446,bot27,rtt,39
1785733886447,bot29,rtt,40
1785733886456,bot35,rtt,49
1785733886497,bot6,rtt,89
1785733886500,bot8,rtt,92
1785733886537,bot11,rtt,130
1785733886540,bot13,rtt,133
1785733886548,bot18,rtt,141
1785733886552,bot20,rtt,145
1785733886554,bot22,rtt,147
1785733886558,bot24,rtt,151
1785733886563,bot26,rtt,155
1785733886566,bot28,rtt,159
1785733886569,bot30,rtt,162
1785733886572,bot32,rtt,165
1785733886576,bot34,rtt,169
1785733886613,bot1,rtt,206
1785733886616,bot3,rtt,209
1785733886617,bot5,rtt,210
1785733886619,bot7,rtt,211
1785733886621,bot9,rtt,213
1785733886624,bot15,rtt,216
1785733887139,bot31,rtt,32
1785733887140,bot33,rtt,33
1785733887141,bot37,rtt,34
1785733887142,bot39,rtt,35
1785733887164,bot36,rtt,60
1785733887165,bot38,rtt,58
1785733887432,bot8,rtt,25
1785733887434,bot10,rtt,27
1785733887435,bot12,rtt,28
1785733887437,bot14,rtt,30
1785733887452,bot20,rtt,45
1785733887458,bot24,rtt,51
1785733887465,bot28,rtt,58
1785733887468,bot30,rtt,61
1785733887471,bot32,rtt,64
1785733887474,bot34,rtt,67
1785733887499,bot0,rtt,90
1785733887502,bot2,rtt,95
1785733887504,bot4,rtt,97
1785733887506,bot6,rtt,97
1785733887516,bot1,rtt,109
1785733887518,bot3,rtt,111
1785733887521,bot5,rtt,114
1785733887522,bot7,rtt,114
1785733887524,bot9,rtt,116
1785733887525,bot11,rtt,118
1785733887527,bot13,rtt,120
1785733887530,bot15,rtt,123
1785733887531,bot18,rtt,124
1785733887533,bot22,rtt,126
1785733887534,bot26,rtt,125
1785733887534,bot16,rtt,127
1785733887548,bot17,rtt,141
1785733887555,bot19,rtt,148
1785733887559,bot21,rtt,152
1785733887562,bot23,rtt,155
1785733887566,bot25,rtt,159
1785733887570,bot27,rtt,163
1785733887576,bot29,rtt,169
1785733887589,bot35,rtt,182
1785733888128,bot37,rtt,18
1785733888129,bot39,rtt,19
1785733888134,bot31,rtt,24
1785733888135,bot33,rtt,25
1785733888227,bot36,rtt,122
1785733888228,bot38,rtt,118
1785733888442,bot21,rtt,33
1785733888450,bot29,rtt,41
1785733888458,bot35,rtt,49
1785733888474,bot0,rtt,61
1785733888482,bot2,rtt,73
1785733888486,bot4,rtt,77
1785733888490,bot6,rtt,77
1785733888494,bot8,rtt,85
1785733888497,bot10,rtt,88
1785733888500,bot12,rtt,91
1785733888503,bot14,rtt,94
1785733888506,bot16,rtt,97
1785733888526,bot17,rtt,117
1785733888530,bot19,rtt,121
1785733888534,bot23,rtt,125
1785733888536,bot25,rtt,127
1785733888538,bot27,rtt,129
1785733888554,bot32,rtt,145
1785733888567,bot1,rtt,158
1785733888569,bot7,rtt,160
1785733888572,bot9,rtt,163
1785733888576,bot11,rtt,167
1785733888579,bot13,rtt,170
1785733888585,bot15,rtt,176
1785733888587,bot20,rtt,178
1785733888590,bot22,rtt,181
1785733888593,bot24,rtt,184
1785733888599,bot26,rtt,186
1785733888600,bot28,rtt,191
1785733888603,bot30,rtt,194
1785733888608,bot3,rtt,199
1785733888614,bot5,rtt,205
1785733888615,bot18,rtt,206
1785733888619,bot34,rtt,210
1785733889133,bot31,rtt,21
1785733889134,bot33,rtt,22
1785733889135,bot37,rtt,23
1785733889136,bot39,rtt,24
1785733889256,bot36,rtt,151
1785733889257,bot38,rtt,145
1785733889438,bot2,rtt,29
1785733889442,bot0,rtt,29
1785733889450,bot17,rtt,41
1785733889454,bot4,rtt,45
1785733889456,bot6,rtt,42
1785733889460,bot8,rtt,51
1785733889463,bot10,rtt,54
1785733889466,bot12,rtt,57
1785733889468,bot14,rtt,59
1785733889470,bot16,rtt,61
1785733889472,bot19,rtt,63
1785733889476,bot21,rtt,67
1785733889482,bot23,rtt,73
1785733889487,bot25,rtt,78
1785733889489,bot27,rtt,80
1785733889492,bot29,rtt,83
1785733889503,bot35,rtt,94
1785733889625,bot18,rtt,216
1785733889630,bot28,rtt,221
1785733889633,bot34,rtt,224
1785733889639,bot5,rtt,230
1785733889642,bot7,rtt,233
1785733889662,bot11,rtt,253
1785733889664,bot13,rtt,255
1785733889668,bot15,rtt,259
1785733889674,bot20,rtt,265
1785733889676,bot22,rtt,267
1785733889679,bot24,rtt,270
1785733889682,bot26,rtt,268
1785733889687,bot30,rtt,278
1785733889689,bot32,rtt,280
1785733889698,bot1,rtt,289
1785733889702,bot3,rtt,293
1785733889705,bot9,rtt,296
1785733890137,bot31,rtt,25
1785733890139,bot33,rtt,27
1785733890141,bot37,rtt,29
1785733890142,bot39,rtt,30
1785733890301,bot36,rtt,195
1785733890302,bot38,rtt,190
1785733890432,bot25,rtt,21
1785733890434,bot29,rtt,23
1785733890438,bot0,rtt,25
1785733890441,bot2,rtt,29
1785733890443,bot4,rtt,31
1785733890446,bot6,rtt,33
1785733890448,bot8,rtt,36
1785733890450,bot10,rtt,38
1785733890454,bot12,rtt,43
1785733890455,bot14,rtt,43
1785733890457,bot16,rtt,45
1785733890465,bot17,rtt,54
1785733890473,bot35,rtt,62
1785733890482,bot19,rtt,71
1785733890484,bot21,rtt,72
1785733890486,bot23,rtt,74
1785733890490,bot27,rtt,79
1785733890666,bot34,rtt,255
1785733890684,bot1,rtt,273
1785733890685,bot3,rtt,274
1785733890687,bot5,rtt,276
1785733890688,bot7,rtt,276
1785733890691,bot9,rtt,279
1785733890692,bot11,rtt,280
1785733890694,bot13,rtt,282
1785733890697,bot15,rtt,285
1785733890698,bot18,rtt,287
1785733890700,bot20,rtt,289
1785733890701,bot22,rtt,289
1785733890704,bot24,rtt,293
1785733890706,bot26,rtt,293
1785733890707,bot28,rtt,296
1785733890709,bot30,rtt,298
1785733890711,bot32,rtt,300
1785733891133,bot31,rtt,20
1785733891134,bot33,rtt,21
1785733891136,bot37,rtt,23
1785733891137,bot39,rtt,24
1785733891271,bot36,rtt,165
1785733891272,bot38,rtt,159
1785733891444,bot0,rtt,30
1785733891447,bot2,rtt,34
1785733891449,bot4,rtt,36
1785733891452,bot6,rtt,38
1785733891455,bot8,rtt,42
1785733891458,bot10,rtt,45
1785733891460,bot12,rtt,47
1785733891464,bot14,rtt,51
1785733891468,bot16,rtt,55
1785733891494,bot19,rtt,82
1785733891496,bot21,rtt,83
1785733891500,bot25,rtt,87
1785733891501,bot27,rtt,89
1785733891505,bot29,rtt,92
1785733891513,bot35,rtt,101
1785733891521,bot17,rtt,108
1785733891527,bot23,rtt,114
1785733891532,bot9,rtt,119
1785733891534,bot11,rtt,121
1785733891535,bot13,rtt,122
1785733891539,bot15,rtt,126
1785733891540,bot18,rtt,127
1785733891543,bot20,rtt,131
1785733891546,bot22,rtt,133
1785733891549,bot24,rtt,136
1785733891556,bot26,rtt,142
1785733891558,bot28,rtt,146
1785733891563,bot30,rtt,151
1785733891568,bot32,rtt,156
1785733891575,bot34,rtt,163
1785733891613,bot1,rtt,201
1785733891617,bot3,rtt,204
1785733891620,bot5,rtt,207
1785733891621,bot7,rtt,208
1785733892142,bot36,rtt,34
1785733892143,bot38,rtt,25
1785733892150,bot31,rtt,32
1785733892152,bot33,rtt,34
1785733892154,bot37,rtt,36
1785733892157,bot39,rtt,39
1785733892424,bot11,rtt,12
1785733892447,bot15,rtt,33
1785733892448,bot18,rtt,36
1785733892449,bot20,rtt,37
1785733892451,bot22,rtt,37
1785733892451,bot24,rtt,39
1785733892453,bot26,rtt,38
1785733892455,bot28,rtt,43
1785733892456,bot30,rtt,44
1785733892459,bot32,rtt,47
1785733892462,bot34,rtt,50
1785733892468,bot0,rtt,53
1785733892471,bot2,rtt,59
1785733892474,bot4,rtt,60
1785733892477,bot6,rtt,62
1785733892480,bot8,rtt,66
1785733892481,bot10,rtt,67
1785733892483,bot12,rtt,71
1785733892485,bot14,rtt,71
1785733892486,bot16,rtt,72
1785733892490,bot17,rtt,78
1785733892495,bot19,rtt,83
1785733892499,bot21,rtt,85
1785733892502,bot23,rtt,88
1785733892506,bot25,rtt,94
1785733892510,bot27,rtt,98
1785733892513,bot29,rtt,101
1785733892524,bot35,rtt,112
1785733892540,bot1,rtt,128
1785733892543,bot3,rtt,131
1785733892546,bot5,rtt,134
1785733892548,bot7,rtt,134
1785733892552,bot9,rtt,138
1785733892559,bot13,rtt,147
1785733893306,bot31,rtt,188
1785733893307,bot33,rtt,189
1785733893308,bot37,rtt,190
1785733893332,bot39,rtt,214
1785733893441,bot12,rtt,7
1785733893464,bot0,rtt,29
1785733893466,bot2,rtt,32
1785733893467,bot4,rtt,33
1785733893470,bot6,rtt,35
1785733893472,bot8,rtt,37
1785733893474,bot10,rtt,40
1785733893479,bot14,rtt,44
1785733893482,bot16,rtt,48
1785733893641,bot38,rtt,523
1785733893648,bot36,rtt,539
1785733893649,bot25,rtt,215
1785733893650,bot27,rtt,216
1785733893652,bot29,rtt,218
1785733893656,bot35,rtt,222
1785733893661,bot17,rtt,227
1785733893663,bot19,rtt,229
1785733893664,bot21,rtt,230
1785733893668,bot23,rtt,234
1785733893861,bot3,rtt,427
1785733893864,bot5,rtt,430
1785733893867,bot13,rtt,433
1785733893889,bot15,rtt,455
1785733893892,bot18,rtt,458
1785733893896,bot20,rtt,462
1785733893899,bot22,rtt,465
1785733893903,bot24,rtt,469
1785733893907,bot26,rtt,472
1785733893910,bot28,rtt,476
1785733893921,bot30,rtt,487
1785733893923,bot32,rtt,489
1785733893925,bot34,rtt,491
1785733893933,bot1,rtt,499
1785733893936,bot7,rtt,501
1785733893937,bot9,rtt,502
1785733893940,bot11,rtt,506
1785733894154,bot31,rtt,35
1785733894155,bot33,rtt,36
1785733894157,bot37,rtt,38
1785733894158,bot39,rtt,39
1785733894186,bot36,rtt,78
1785733894188,bot38,rtt,69
1785733894461,bot0,rtt,25
1785733894465,bot2,rtt,29
1785733894467,bot4,rtt,31
1785733894470,bot6,rtt,34
1785733894473,bot8,rtt,37
1785733894477,bot10,rtt,41
1785733894485,bot14,rtt,49
1785733894488,bot16,rtt,52
1785733894534,bot17,rtt,98
1785733894537,bot19,rtt,102
1785733894538,bot21,rtt,102
1785733894541,bot23,rtt,105
1785733894543,bot25,rtt,107
1785733894546,bot27,rtt,111
1785733894547,bot29,rtt,111
1785733894560,bot35,rtt,125
1785733894563,bot28,rtt,128
1785733894568,bot30,rtt,133
1785733894571,bot32,rtt,136
1785733894575,bot34,rtt,140
1785733894586,bot1,rtt,151
1785733894591,bot3,rtt,155
1785733894593,bot5,rtt,157
1785733894598,bot7,rtt,162
1785733894601,bot9,rtt,165
1785733894606,bot11,rtt,170
1785733894609,bot13,rtt,173
1785733894611,bot15,rtt,175
1785733894614,bot18,rtt,178
1785733894617,bot20,rtt,182
1785733894622,bot22,rtt,186
1785733894624,bot24,rtt,188
1785733894629,bot26,rtt,193
1785733894632,bot12,rtt,196
1785733895166,bot31,rtt,46
1785733895167,bot33,rtt,47
1785733895169,bot37,rtt,50
1785733895170,bot39,rtt,50
1785733895183,bot36,rtt,75
1785733895184,bot38,rtt,64
1785733895523,bot8,rtt,86
1785733895524,bot10,rtt,87
1785733895526,bot12,rtt,90
1785733895529,bot2,rtt,92
1785733895531,bot4,rtt,94
1785733895533,bot6,rtt,96
1785733895536,bot14,rtt,99
1785733895539,bot16,rtt,102
1785733895541,bot0,rtt,104
1785733895544,bot22,rtt,107
1785733895546,bot24,rtt,110
1785733895549,bot28,rtt,113
1785733895551,bot30,rtt,115
1785733895553,bot32,rtt,117
1785733895556,bot34,rtt,120
1785733895576,bot20,rtt,140
1785733895584,bot26,rtt,147
1785733895591,bot23,rtt,154
1785733895593,bot25,rtt,157
1785733895594,bot27,rtt,158
1785733895597,bot29,rtt,161
1785733895606,bot35,rtt,170
1785733895617,bot17,rtt,180
1785733895618,bot19,rtt,182
1785733895621,bot21,rtt,184
1785733895624,bot1,rtt,188
1785733895628,bot3,rtt,192
1785733895631,bot5,rtt,195
1785733895640,bot7,rtt,203
1785733895641,bot9,rtt,204
1785733895646,bot11,rtt,209
1785733895650,bot13,rtt,213
1785733895654,bot15,rtt,217
1785733895658,bot18,rtt,222
1785733896140,bot31,rtt,20
1785733896141,bot33,rtt,21
1785733896143,bot37,rtt,25
1785733896144,bot39,rtt,24
1785733896166,bot36,rtt,58
1785733896168,bot38,rtt,47
1785733896446,bot14,rtt,6
1785733896448,bot16,rtt,8
1785733896465,bot0,rtt,25
1785733896468,bot2,rtt,28
1785733896470,bot4,rtt,30
1785733896473,bot6,rtt,33
1785733896475,bot8,rtt,35
1785733896478,bot10,rtt,38
1785733896481,bot12,rtt,41
1785733896508,bot26,rtt,68
1785733896539,bot1,rtt,99
1785733896550,bot17,rtt,110
1785733896551,bot19,rtt,112
1785733896556,bot21,rtt,116
1785733896559,bot23,rtt,119
1785733896561,bot25,rtt,121
1785733896563,bot27,rtt,124
1785733896567,bot29,rtt,127
1785733896574,bot35,rtt,135
1785733896583,bot3,rtt,143
1785733896584,bot5,rtt,144
1785733896586,bot9,rtt,146
1785733896588,bot11,rtt,148
1785733896590,bot13,rtt,150
1785733896591,bot15,rtt,151
1785733896595,bot18,rtt,155
1785733896596,bot20,rtt,157
1785733896597,bot22,rtt,157
1785733896599,bot24,rtt,159
1785733896603,bot28,rtt,164
1785733896605,bot30,rtt,166
1785733896607,bot32,rtt,168
1785733896609,bot34,rtt,170
1785733896640,bot7,rtt,200
1785733897129,bot31,rtt,8
1785733897130,bot33,rtt,9
1785733897131,bot37,rtt,13
1785733897132,bot39,rtt,11
1785733897186,bot36,rtt,77
1785733897281,bot38,rtt,160
1785733897455,bot10,rtt,11
1785733897459,bot19,rtt,15
1785733897461,bot21,rtt,16
1785733897463,bot23,rtt,18
1785733897465,bot25,rtt,21
1785733897467,bot27,rtt,23
1785733897469,bot29,rtt,25
1785733897475,bot35,rtt,31
1785733897481,bot12,rtt,37
1785733897486,bot14,rtt,41
1785733897487,bot16,rtt,43
1785733897507,bot0,rtt,62
1785733897509,bot2,rtt,65
1785733897512,bot4,rtt,68
1785733897514,bot6,rtt,69
1785733897515,bot8,rtt,70
1785733897517,bot17,rtt,73
1785733897831,bot26,rtt,386
1785733897832,bot28,rtt,388
1785733897833,bot30,rtt,389
1785733897833,bot32,rtt,389
1785733897834,bot34,rtt,390
1785733897837,bot3,rtt,393
1785733897853,bot1,rtt,409
1785733897856,bot5,rtt,412
1785733897860,bot9,rtt,415
1785733897864,bot15,rtt,419
1785733897864,bot18,rtt,420
1785733897865,bot20,rtt,421
1785733897867,bot22,rtt,422
1785733897869,bot24,rtt,425
1785733897889,bot7,rtt,444
1785733897890,bot11,rtt,446
1785733897891,bot13,rtt,447
1785733898129,bot39,rtt,7
1785733898136,bot31,rtt,14
1785733898140,bot37,rtt,21
1785733898149,bot33,rtt,27
1785733898189,bot36,rtt,80
1785733898191,bot38,rtt,69
1785733898462,bot19,rtt,13
1785733898465,bot23,rtt,15
1785733898466,bot25,rtt,17
1785733898468,bot27,rtt,19
1785733898471,bot29,rtt,22
1785733898475,bot35,rtt,26
1785733898542,bot10,rtt,91
1785733898547,bot12,rtt,98
1785733898556,bot16,rtt,106
1785733898586,bot0,rtt,136
1785733898587,bot2,rtt,137
1785733898591,bot4,rtt,141
1785733898594,bot6,rtt,144
1785733898596,bot8,rtt,146
1785733898599,bot14,rtt,149
1785733898601,bot17,rtt,152
1785733898612,bot21,rtt,162
1785733898660,bot1,rtt,211
1785733898665,bot3,rtt,216
1785733898669,bot5,rtt,220
1785733898674,bot7,rtt,224
1785733898679,bot9,rtt,229
1785733898682,bot11,rtt,233
1785733898688,bot13,rtt,239
1785733898691,bot15,rtt,241
1785733898696,bot18,rtt,247
1785733898700,bot20,rtt,251
1785733898705,bot22,rtt,255
1785733898708,bot24,rtt,259
1785733898713,bot26,rtt,263
1785733898716,bot28,rtt,267
1785733898719,bot30,rtt,270
1785733898726,bot32,rtt,277
1785733898731,bot34,rtt,282
1785733899145,bot31,rtt,21
1785733899146,bot33,rtt,22
1785733899148,bot37,rtt,30
1785733899149,bot39,rtt,26
1785733899169,bot36,rtt,60
1785733899170,bot38,rtt,46
1785733899458,bot2,rtt,8
1785733899459,bot4,rtt,9
1785733899461,bot12,rtt,11
1785733899473,bot10,rtt,23
1785733899477,bot14,rtt,26
1785733899479,bot16,rtt,29
1785733899485,bot13,rtt,35
1785733899488,bot18,rtt,38
1785733899526,bot0,rtt,75
1785733899529,bot6,rtt,78
1785733899531,bot8,rtt,80
1785733899539,bot22,rtt,89
1785733899542,bot24,rtt,92
1785733899545,bot26,rtt,94
1785733899547,bot28,rtt,97
1785733899550,bot30,rtt,100
1785733899552,bot32,rtt,102
1785733899557,bot34,rtt,107
1785733899564,bot1,rtt,114
1785733899567,bot3,rtt,117
1785733899571,bot5,rtt,121
1785733899573,bot7,rtt,122
1785733899577,bot9,rtt,126
1785733899581,bot11,rtt,131
1785733899587,bot15,rtt,136
1785733899594,bot20,rtt,144
1785733899625,bot35,rtt,175
1785733899635,bot17,rtt,185
1785733899637,bot19,rtt,187
1785733899640,bot21,rtt,189
1785733899643,bot23,rtt,192
1785733899648,bot25,rtt,198
1785733899651,bot27,rtt,201
1785733899653,bot29,rtt,203
1785733900151,bot31,rtt,28
1785733900152,bot33,rtt,29
1785733900153,bot37,rtt,34
1785733900155,bot39,rtt,31
1785733900169,bot36,rtt,60
1785733900171,bot38,rtt,48
1785733900460,bot17,rtt,8
1785733900461,bot21,rtt,9
1785733900462,bot23,rtt,10
1785733900463,bot25,rtt,11
1785733900465,bot27,rtt,13
1785733900466,bot29,rtt,14
1785733900473,bot19,rtt,21
1785733900485,bot0,rtt,33
1785733900486,bot2,rtt,34
1785733900488,bot4,rtt,36
1785733900490,bot6,rtt,38
1785733900492,bot8,rtt,40
1785733900494,bot10,rtt,42
1785733900495,bot12,rtt,43
1785733900497,bot14,rtt,45
1785733900499,bot16,rtt,47
1785733900556,bot35,rtt,104
1785733900572,bot5,rtt,120
1785733900575,bot7,rtt,123
1785733900580,bot9,rtt,128
1785733900583,bot11,rtt,131
1785733900586,bot13,rtt,134
1785733900590,bot15,rtt,138
1785733900593,bot18,rtt,141
1785733900595,bot20,rtt,143
1785733900600,bot22,rtt,148
1785733900602,bot24,rtt,150
1785733900606,bot26,rtt,151
1785733900608,bot28,rtt,156
1785733900611,bot30,rtt,159
1785733900614,bot32,rtt,162
1785733900618,bot34,rtt,166
1785733900628,bot1,rtt,176
1785733900633,bot3,rtt,181
1785733901147,bot31,rtt,24
1785733901148,bot33,rtt,25
1785733901156,bot37,rtt,38
1785733901157,bot39,rtt,34
1785733901171,bot36,rtt,61
1785733901172,bot38,rtt,49
1785733901471,bot17,rtt,16
1785733901473,bot19,rtt,18
1785733901474,bot21,rtt,19
1785733901476,bot23,rtt,21
1785733901477,bot25,rtt,22
1785733901478,bot27,rtt,23
1785733901480,bot29,rtt,25
1785733901484,bot35,rtt,29
1785733901487,bot4,rtt,32
1785733901490,bot10,rtt,35
1785733901490,bot12,rtt,35
1785733901492,bot14,rtt,36
1785733901546,bot20,rtt,91
1785733901554,bot28,rtt,99
1785733901556,bot30,rtt,101
1785733901559,bot34,rtt,104
1785733901569,bot1,rtt,114
1785733901597,bot16,rtt,142
1785733901599,bot0,rtt,143
1785733901601,bot2,rtt,146
1785733901605,bot6,rtt,149
1785733901607,bot8,rtt,151
1785733901639,bot32,rtt,184
1785733901642,bot3,rtt,187
1785733901646,bot5,rtt,190
1785733901649,bot7,rtt,193
1785733901652,bot9,rtt,196
1785733901654,bot11,rtt,199
1785733901658,bot13,rtt,203
1785733901660,bot15,rtt,205
1785733901661,bot18,rtt,206
1785733901665,bot22,rtt,210
1785733901666,bot24,rtt,211
1785733901668,bot26,rtt,203
1785733902158,bot36,rtt,48
1785733902177,bot31,rtt,53
1785733902180,bot33,rtt,56
1785733902182,bot37,rtt,64
1785733902183,bot39,rtt,59
1785733902184,bot38,rtt,60
1785733902464,bot0,rtt,8
1785733902467,bot8,rtt,11
1785733902468,bot10,rtt,12
1785733902469,bot12,rtt,13
1785733902470,bot14,rtt,14
1785733902476,bot2,rtt,20
1785733902476,bot4,rtt,20
1785733902477,bot6,rtt,21
1785733902480,bot16,rtt,24
1785733902540,bot32,rtt,85
1785733902549,bot30,rtt,94
1785733902555,bot34,rtt,100
1785733902566,bot1,rtt,110
1785733902570,bot3,rtt,114
1785733902573,bot5,rtt,117
1785733902578,bot7,rtt,122
1785733902581,bot9,rtt,125
1785733902584,bot11,rtt,128
1785733902588,bot13,rtt,132
1785733902592,bot15,rtt,136
1785733902595,bot18,rtt,139
1785733902597,bot20,rtt,141
1785733902602,bot22,rtt,146
1785733902604,bot24,rtt,148
1785733902609,bot26,rtt,138
1785733902610,bot28,rtt,154
1785733902613,bot25,rtt,157
1785733902617,bot27,rtt,161
1785733902619,bot29,rtt,163
1785733902629,bot35,rtt,174
1785733902637,bot17,rtt,181
1785733902639,bot19,rtt,183
1785733902642,bot21,rtt,186
1785733902646,bot23,rtt,190
1785733903130,bot37,rtt,12
1785733903140,bot31,rtt,16
1785733903140,bot33,rtt,16
1785733903142,bot39,rtt,18
1785733903159,bot36,rtt,49
1785733903160,bot38,rtt,36
1785733903523,bot0,rtt,63
1785733903523,bot2,rtt,63
1785733903524,bot4,rtt,64
1785733903534,bot10,rtt,74
1785733903536,bot12,rtt,76
1785733903539,bot14,rtt,79
1785733903542,bot16,rtt,82
1785733903564,bot6,rtt,104
1785733903567,bot8,rtt,107
1785733903726,bot20,rtt,270
1785733903727,bot22,rtt,267
1785733903728,bot24,rtt,268
1785733903738,bot1,rtt,282
1785733903739,bot3,rtt,283
1785733903740,bot5,rtt,284
1785733903745,bot7,rtt,285
1785733903748,bot11,rtt,288
1785733903748,bot13,rtt,288
1785733903779,bot28,rtt,323
1785733903780,bot30,rtt,324
1785733903781,bot32,rtt,325
1785733903781,bot34,rtt,325
1785733903876,bot26,rtt,404
1785733903933,bot9,rtt,473
1785733903934,bot15,rtt,474
1785733903935,bot18,rtt,475
1785733903992,bot17,rtt,532
1785733903994,bot21,rtt,534
1785733903995,bot23,rtt,535
1785733903996,bot25,rtt,536
1785733903998,bot29,rtt,538
1785733904020,bot35,rtt,564
1785733904022,bot19,rtt,566
1785733904023,bot27,rtt,567
1785733904527,bot4,rtt,67
1785733904530,bot8,rtt,70
1785733904532,bot10,rtt,72
1785733904535,bot12,rtt,75
1785733904538,bot14,rtt,78
1785733904539,bot16,rtt,79
1785733904553,bot0,rtt,93
1785733904555,bot2,rtt,95
1785733904559,bot6,rtt,98
1785733904856,bot31,rtt,732
1785733904857,bot33,rtt,733
1785733904858,bot37,rtt,739
1785733904858,bot39,rtt,734
1785733905526,bot17,rtt,1066
1785733905526,bot19,rtt,1069
1785733905536,bot35,rtt,1079
1785733905543,bot0,rtt,82
1785733905545,bot2,rtt,84
1785733905548,bot4,rtt,87
1785733905552,bot6,rtt,91
1785733905555,bot8,rtt,94
1785733905561,bot10,rtt,100
1785733905564,bot12,rtt,103
1785733905567,bot14,rtt,106
1785733905569,bot16,rtt,108
1785733905612,bot21,rtt,1152
1785733905613,bot23,rtt,1153
1785733905614,bot25,rtt,1154
1785733905615,bot27,rtt,1158
1785733905616,bot29,rtt,1156
1785733905640,bot36,rtt,1530
1785733905640,bot38,rtt,1516
1785733906049,bot31,rtt,923
1785733906050,bot33,rtt,924
1785733906051,bot37,rtt,928
1785733906051,bot39,rtt,925
1785733906233,bot22,rtt,1773
1785733906234,bot24,rtt,1774
1785733906240,bot30,rtt,1783
1785733906242,bot32,rtt,1785
1785733906282,bot11,rtt,1822
1785733906286,bot20,rtt,1829
1785733906356,bot23,rtt,895
1785733906364,bot29,rtt,903
1785733906369,bot17,rtt,908
1785733906370,bot19,rtt,911
1785733906371,bot1,rtt,1914
1785733906373,bot3,rtt,1916
1785733906374,bot5,rtt,1917
1785733906375,bot7,rtt,1915
1785733906376,bot9,rtt,1916
1785733906380,bot13,rtt,1920
1785733906381,bot15,rtt,1921
1785733906382,bot18,rtt,1922
1785733906387,bot26,rtt,1915
1785733906389,bot28,rtt,1932
1785733906396,bot34,rtt,1939
1785733906421,bot21,rtt,960
1785733906431,bot25,rtt,970
1785733906432,bot27,rtt,973
1785733906443,bot35,rtt,984
1785733906535,bot6,rtt,61
1785733906538,bot8,rtt,64
1785733906541,bot10,rtt,67
1785733906543,bot12,rtt,70
1785733906547,bot14,rtt,73
1785733906549,bot16,rtt,76
1785733906556,bot0,rtt,82
1785733906558,bot2,rtt,85
1785733906560,bot4,rtt,87
1785733906687,bot36,rtt,1577
1785733906746,bot38,rtt,1620
1785733906752,bot31,rtt,622
1785733906752,bot33,rtt,622
1785733906754,bot37,rtt,630
1785733906755,bot39,rtt,625
1785733906921,bot23,rtt,447
1785733906922,bot17,rtt,449
1785733906923,bot19,rtt,450
1785733906924,bot21,rtt,450
1785733906924,bot25,rtt,451
1785733906925,bot29,rtt,452
1785733906928,bot27,rtt,455
1785733906929,bot35,rtt,456
1785733906974,bot1,rtt,1514
1785733906977,bot3,rtt,1517
1785733906981,bot5,rtt,1521
1785733906984,bot7,rtt,1523
1785733906989,bot9,rtt,1528
1785733906994,bot13,rtt,1533
1785733906998,bot15,rtt,1537
1785733907001,bot18,rtt,1540
1785733907003,bot20,rtt,1544
1785733907006,bot22,rtt,1545
1785733907012,bot26,rtt,1540
1785733907016,bot28,rtt,1557
1785733907018,bot30,rtt,1559
1785733907021,bot32,rtt,1562
1785733907024,bot34,rtt,1565
1785733907070,bot11,rtt,1609
1785733907075,bot24,rtt,1614
1785733907441,bot31,rtt,310
1785733907442,bot33,rtt,311
1785733907444,bot37,rtt,320
1785733907471,bot36,rtt,1361
1785733907473,bot38,rtt,1343
1785733907475,bot39,rtt,344
1785733907524,bot2,rtt,32
1785733907526,bot4,rtt,34
1785733907527,bot6,rtt,35
1785733907529,bot8,rtt,37
1785733907531,bot10,rtt,39
1785733907534,bot14,rtt,42
1785733907536,bot16,rtt,44
1785733907544,bot0,rtt,52
1785733907557,bot12,rtt,65
1785733907561,bot17,rtt,69
1785733907567,bot19,rtt,76
1785733907568,bot21,rtt,76
1785733907572,bot23,rtt,80
1785733907578,bot25,rtt,86
1785733907583,bot27,rtt,92
1785733907585,bot29,rtt,93
1785733907598,bot35,rtt,107
1785733907651,bot1,rtt,1178
1785733907654,bot3,rtt,1181
1785733907657,bot5,rtt,1184
1785733907661,bot7,rtt,1187
1785733907664,bot9,rtt,1190
1785733907668,bot11,rtt,1195
1785733907673,bot13,rtt,1200
1785733907676,bot15,rtt,1202
1785733907681,bot18,rtt,1208
1785733907686,bot20,rtt,1213
1785733907689,bot22,rtt,1215
1785733907693,bot24,rtt,1220
1785733907695,bot26,rtt,1211
1785733907700,bot28,rtt,1227
1785733907705,bot30,rtt,1232
1785733907710,bot32,rtt,1237
1785733907715,bot34,rtt,1242
1785733907785,bot36,rtt,674
1785733907786,bot38,rtt,655
1785733907935,bot24,rtt,443
1785733907938,bot26,rtt,440
1785733907939,bot28,rtt,448
1785733907943,bot30,rtt,452
1785733907946,bot32,rtt,455
1785733907949,bot34,rtt,458
1785733907960,bot1,rtt,469
1785733907965,bot3,rtt,473
1785733907968,bot5,rtt,476
1785733907973,bot7,rtt,481
1785733907988,bot9,rtt,496
1785733907992,bot11,rtt,500
1785733907995,bot13,rtt,503
1785733907998,bot15,rtt,506
1785733908003,bot18,rtt,511
1785733908005,bot20,rtt,514
1785733908008,bot22,rtt,516
1785733908156,bot31,rtt,24
1785733908157,bot33,rtt,25
1785733908159,bot37,rtt,35
1785733908160,bot39,rtt,28
1785733908240,bot36,rtt,128
1785733908241,bot38,rtt,109
1785733908552,bot0,rtt,59
1785733908563,bot2,rtt,70
1785733908566,bot4,rtt,73
1785733908566,bot6,rtt,73
1785733908569,bot8,rtt,76
1785733908571,bot10,rtt,78
1785733908574,bot12,rtt,83
1785733908577,bot14,rtt,84
1785733908579,bot16,rtt,86
1785733908590,bot7,rtt,97
1785733908595,bot11,rtt,102
1785733908598,bot13,rtt,105
1785733908620,bot19,rtt,129
1785733908621,bot25,rtt,130
1785733908633,bot18,rtt,142
1785733908637,bot20,rtt,146
1785733908639,bot22,rtt,146
1785733908643,bot24,rtt,152
1785733908648,bot26,rtt,150
1785733908651,bot28,rtt,160
1785733908654,bot30,rtt,163
1785733908657,bot32,rtt,166
1785733908661,bot34,rtt,170
1785733908671,bot17,rtt,178
1785733908674,bot21,rtt,181
1785733908677,bot23,rtt,184
1785733908684,bot27,rtt,193
1785733908705,bot29,rtt,213
1785733908716,bot15,rtt,223
1785733908726,bot35,rtt,235
1785733908738,bot1,rtt,247
1785733908739,bot3,rtt,248
1785733908741,bot5,rtt,250
1785733908745,bot9,rtt,252
1785733909143,bot37,rtt,19
1785733909157,bot36,rtt,43
1785733909171,bot31,rtt,30
1785733909172,bot33,rtt,31
1785733909173,bot39,rtt,32
1785733909241,bot38,rtt,100
1785733909526,bot1,rtt,35
1785733909529,bot9,rtt,35
1785733909532,bot18,rtt,41
1785733909541,bot3,rtt,50
1785733909541,bot5,rtt,50
1785733909543,bot26,rtt,45
1785733909544,bot28,rtt,53
1785733909546,bot30,rtt,55
1785733909548,bot34,rtt,57
1785733909555,bot21,rtt,61
1785733909562,bot27,rtt,71
1785733909564,bot29,rtt,73
1785733909574,bot35,rtt,83
1785733909586,bot0,rtt,92
1785733909590,bot2,rtt,97
1785733909593,bot4,rtt,100
1785733909596,bot6,rtt,102
1785733909598,bot8,rtt,104
1785733909602,bot10,rtt,109
1785733909607,bot12,rtt,116
1785733909611,bot14,rtt,117
1785733909617,bot16,rtt,124
1785733909649,bot7,rtt,155
1785733909655,bot11,rtt,162
1785733909658,bot13,rtt,165
1785733909663,bot15,rtt,169
1785733909671,bot20,rtt,180
1785733909673,bot22,rtt,180
1785733909676,bot24,rtt,185
1785733909686,bot32,rtt,195
1785733909697,bot17,rtt,204
1785733909699,bot19,rtt,208
1785733909703,bot23,rtt,209
1785733909706,bot25,rtt,215
1785733910140,bot37,rtt,16
1785733910248,bot31,rtt,98
1785733910249,bot33,rtt,99
1785733910258,bot39,rtt,118
1785733910274,bot36,rtt,155
1785733910379,bot38,rtt,229
1785733910546,bot4,rtt,53
1785733910550,bot6,rtt,53
1785733910554,bot8,rtt,57
1785733910559,bot10,rtt,66
1785733910562,bot12,rtt,71
1785733910567,bot14,rtt,70
1785733910574,bot16,rtt,81
1785733910608,bot25,rtt,117
1785733910615,bot27,rtt,124
1785733910619,bot29,rtt,128
1785733910631,bot35,rtt,140
1785733910640,bot0,rtt,143
1785733910643,bot2,rtt,150
1785733910651,bot17,rtt,158
1785733910655,bot19,rtt,164
1785733910660,bot21,rtt,163
1785733910663,bot23,rtt,166
1785733910677,bot9,rtt,180
1785733910682,bot11,rtt,189
1785733910686,bot13,rtt,193
1785733910696,bot15,rtt,199
1785733910700,bot18,rtt,209
1785733910704,bot20,rtt,213
1785733910710,bot22,rtt,217
1785733910712,bot24,rtt,221
1785733910716,bot26,rtt,217
1785733910721,bot28,rtt,230
1785733910725,bot30,rtt,234
1785733910731,bot32,rtt,240
1785733910744,bot34,rtt,253
1785733910803,bot5,rtt,312
1785733910806,bot7,rtt,309
1785733910815,bot1,rtt,324
1785733910819,bot3,rtt,328
1785733911146,bot37,rtt,18
1785733911169,bot36,rtt,49
1785733911188,bot39,rtt,41
1785733911236,bot31,rtt,66
1785733911236,bot33,rtt,65
1785733911275,bot38,rtt,104
1785733911542,bot19,rtt,50
1785733911543,bot21,rtt,41
1785733911548,bot27,rtt,56
1785733911557,bot35,rtt,65
1785733911577,bot0,rtt,75
1785733911580,bot6,rtt,78
1785733911581,bot17,rtt,84
1785733911587,bot23,rtt,86
1785733911589,bot25,rtt,97
1785733911594,bot29,rtt,102
1785733911604,bot1,rtt,112
1785733911608,bot8,rtt,106
1785733911612,bot10,rtt,115
1785733911614,bot12,rtt,122
1785733911618,bot14,rtt,116
1785733911621,bot16,rtt,124
1785733911623,bot2,rtt,126
1785733911626,bot4,rtt,129
1785733911628,bot3,rtt,136
1785733911631,bot5,rtt,139
1785733911633,bot7,rtt,131
1785733911637,bot9,rtt,135
1785733911642,bot11,rtt,145
1785733911644,bot13,rtt,147
1785733911650,bot15,rtt,148
1785733911653,bot18,rtt,161
1785733911656,bot20,rtt,164
1785733911659,bot22,rtt,162
1785733911664,bot24,rtt,172
1785733911666,bot26,rtt,163
1785733911670,bot28,rtt,178
1785733911674,bot30,rtt,182
1785733911677,bot32,rtt,185
1785733911681,bot34,rtt,189
1785733912158,bot36,rtt,39
1785733912217,bot37,rtt,90
1785733912231,bot38,rtt,34
1785733912259,bot31,rtt,62
1785733912262,bot33,rtt,65
1785733912266,bot39,rtt,70
1785733912554,bot27,rtt,62
1785733912568,bot14,rtt,67
1785733912574,bot16,rtt,76
1785733912578,bot0,rtt,75
1785733912581,bot2,rtt,83
1785733912584,bot4,rtt,86
1785733912587,bot6,rtt,84
1785733912591,bot8,rtt,90
1785733912594,bot10,rtt,96
1785733912597,bot12,rtt,105
1785733912601,bot17,rtt,103
1785733912603,bot19,rtt,111
1785733912618,bot29,rtt,126
1785733912620,bot35,rtt,128
1785733912626,bot23,rtt,125
1785733912628,bot25,rtt,136
1785733912646,bot21,rtt,145
1785733912754,bot3,rtt,262
1785733912760,bot5,rtt,268
1785733912764,bot1,rtt,272
1785733912766,bot7,rtt,265
1785733912769,bot9,rtt,268
1785733912771,bot11,rtt,273
1785733912775,bot13,rtt,277
1785733912778,bot15,rtt,277
1785733912780,bot18,rtt,288
1785733912783,bot20,rtt,291
1785733912784,bot22,rtt,286
1785733912786,bot24,rtt,294
1785733912790,bot26,rtt,287
1785733912792,bot28,rtt,300
1785733912795,bot30,rtt,303
1785733912798,bot32,rtt,306
1785733912799,bot34,rtt,307
1785733913151,bot37,rtt,24
1785733913174,bot36,rtt,55
1785733913256,bot31,rtt,59
1785733913257,bot33,rtt,60
1785733913259,bot39,rtt,62
1785733913285,bot38,rtt,88
1785733913536,bot19,rtt,44
1785733913538,bot21,rtt,37
1785733913539,bot23,rtt,38
1785733913541,bot25,rtt,49
1785733913542,bot27,rtt,50
1785733913544,bot29,rtt,52
1785733913550,bot35,rtt,59
1785733913561,bot1,rtt,69
1785733913565,bot3,rtt,73
1785733913567,bot5,rtt,75
1785733913571,bot7,rtt,70
1785733913574,bot9,rtt,73
1785733913579,bot11,rtt,81
1785733913581,bot13,rtt,83
1785733913585,bot15,rtt,84
1785733913590,bot18,rtt,98
1785733913593,bot20,rtt,101
1785733913594,bot22,rtt,95
1785733913597,bot24,rtt,105
1785733913603,bot26,rtt,99
1785733913605,bot28,rtt,113
1785733913610,bot30,rtt,118
1785733913613,bot32,rtt,121
1785733913641,bot0,rtt,138
1785733913643,bot2,rtt,145
1785733913645,bot17,rtt,147
1785733913686,bot4,rtt,187
1785733913689,bot6,rtt,186
1785733913692,bot8,rtt,191
1785733913695,bot10,rtt,196
1785733913699,bot12,rtt,207
1785733913702,bot14,rtt,201
1785733913704,bot16,rtt,205
1785733913707,bot34,rtt,215
1785733914141,bot36,rtt,22
1785733914151,bot37,rtt,24
1785733914231,bot31,rtt,31
1785733914232,bot33,rtt,32
1785733914233,bot39,rtt,33
1785733914261,bot38,rtt,61
1785733914529,bot17,rtt,30
1785733914532,bot21,rtt,31
1785733914532,bot23,rtt,31
1785733914535,bot29,rtt,42
1785733914539,bot35,rtt,48
1785733914553,bot25,rtt,60
1785733914555,bot27,rtt,62
1785733914574,bot1,rtt,81
1785733914577,bot3,rtt,84
1785733914580,bot5,rtt,87
1785733914582,bot7,rtt,81
1785733914586,bot9,rtt,85
1785733914591,bot11,rtt,92
1785733914592,bot13,rtt,93
1785733914597,bot15,rtt,96
1785733914600,bot18,rtt,107
1785733914604,bot20,rtt,111
1785733914607,bot22,rtt,108
1785733914611,bot24,rtt,118
1785733914614,bot26,rtt,110
1785733914617,bot28,rtt,125
1785733914620,bot30,rtt,128
1785733914624,bot0,rtt,122
1785733914627,bot2,rtt,128
1785733914630,bot4,rtt,131
1785733914633,bot6,rtt,130
1785733914636,bot8,rtt,135
1785733914640,bot10,rtt,141
1785733914641,bot12,rtt,148
1785733914646,bot14,rtt,145
1785733914650,bot16,rtt,151
1785733914654,bot32,rtt,162
1785733914658,bot34,rtt,166
1785733914702,bot19,rtt,209
1785733915341,bot36,rtt,222
1785733915454,bot37,rtt,326
1785733915474,bot38,rtt,274
1785733915521,bot2,rtt,21
1785733915522,bot0,rtt,20
1785733915523,bot4,rtt,23
1785733915524,bot6,rtt,20
1785733915527,bot8,rtt,26
1785733915527,bot10,rtt,27
1785733915528,bot12,rtt,36
1785733915530,bot14,rtt,29
1785733915533,bot16,rtt,33
1785733915636,bot31,rtt,436
1785733915636,bot33,rtt,436
1785733915638,bot39,rtt,438
1785733916047,bot23,rtt,546
1785733916048,bot25,rtt,556
1785733916050,bot27,rtt,558
1785733916051,bot29,rtt,558
1785733916057,bot17,rtt,559
1785733916058,bot19,rtt,566
1785733916059,bot21,rtt,558
1785733916061,bot35,rtt,569
1785733916324,bot30,rtt,832
1785733916368,bot1,rtt,876
1785733916373,bot5,rtt,881
1785733916374,bot26,rtt,869
1785733916376,bot9,rtt,875
1785733916379,bot15,rtt,878
1785733916379,bot18,rtt,887
1785733916380,bot20,rtt,888
1785733916431,bot28,rtt,939
1785733916433,bot32,rtt,941
1785733916434,bot24,rtt,942
1785733916436,bot34,rtt,944
1785733916441,bot3,rtt,949
1785733916443,bot7,rtt,942
1785733916446,bot11,rtt,946
1785733916448,bot13,rtt,948
1785733916453,bot22,rtt,953
1785733916533,bot0,rtt,31
1785733916537,bot2,rtt,37
1785733916546,bot4,rtt,45
1785733916548,bot6,rtt,45
1785733916555,bot8,rtt,53
1785733916560,bot10,rtt,59
1785733916563,bot12,rtt,70
1785733916568,bot14,rtt,66
1785733916573,bot16,rtt,72
1785733916874,bot37,rtt,747
1785733916941,bot31,rtt,740
1785733916942,bot33,rtt,741
1785733916944,bot39,rtt,743
1785733917149,bot21,rtt,647
1785733917154,bot25,rtt,661
1785733917155,bot27,rtt,662
1785733917158,bot29,rtt,665
1785733917167,bot35,rtt,676
1785733917201,bot17,rtt,703
1785733917202,bot19,rtt,709
1785733917207,bot23,rtt,705
1785733917245,bot36,rtt,1122
1785733917387,bot38,rtt,1186
1785733917541,bot16,rtt,40
1785733917544,bot0,rtt,41
1785733917555,bot6,rtt,51
1785733917558,bot8,rtt,55
1785733917560,bot10,rtt,59
1785733917563,bot12,rtt,69
1785733917567,bot14,rtt,64
1785733917601,bot2,rtt,102
1785733917602,bot4,rtt,102
1785733917635,bot37,rtt,508
1785733917697,bot31,rtt,478
1785733917698,bot33,rtt,479
1785733917700,bot39,rtt,481
1785733917723,bot7,rtt,1221
1785733917724,bot9,rtt,1222
1785733917732,bot20,rtt,1239
1785733917734,bot22,rtt,1233
1785733917736,bot24,rtt,1243
1785733917740,bot26,rtt,1233
1785733917742,bot28,rtt,1249
1785733917747,bot30,rtt,1254
1785733917751,bot32,rtt,1258
1785733917752,bot34,rtt,1259
1785733917766,bot1,rtt,1273
1785733917772,bot3,rtt,1279
1785733917773,bot5,rtt,1280
1785733917780,bot11,rtt,1281
1785733917784,bot13,rtt,1284
1785733917786,bot15,rtt,1284
1785733917798,bot18,rtt,1305
1785733917922,bot35,rtt,430
1785733917926,bot17,rtt,428
1785733917929,bot19,rtt,435
1785733917930,bot21,rtt,427
1785733917932,bot23,rtt,429
1785733917934,bot25,rtt,440
1785733917936,bot27,rtt,442
1785733917937,bot29,rtt,443
1785733918440,bot37,rtt,311
1785733918500,bot31,rtt,281
1785733918501,bot33,rtt,282
1785733918507,bot39,rtt,288
1785733918527,bot27,rtt,19
1785733918565,bot12,rtt,57
1785733918568,bot14,rtt,60
1785733918570,bot16,rtt,62
1785733918582,bot0,rtt,74
1785733918585,bot2,rtt,77
1785733918587,bot4,rtt,79
1785733918590,bot6,rtt,82
1785733918593,bot8,rtt,85
1785733918595,bot10,rtt,87
1785733918598,bot29,rtt,90
1785733918604,bot35,rtt,97
1785733918609,bot17,rtt,101
1785733918611,bot19,rtt,103
1785733918612,bot21,rtt,104
1785733918614,bot23,rtt,106
1785733918615,bot25,rtt,107
1785733918687,bot36,rtt,1563
1785733918735,bot38,rtt,1516
1785733918873,bot1,rtt,1379
1785733918875,bot3,rtt,1381
1785733918877,bot5,rtt,1383
1785733918879,bot9,rtt,1376
1785733918880,bot11,rtt,1381
1785733918883,bot13,rtt,1384
1785733918886,bot15,rtt,1383
1785733918889,bot18,rtt,1395
1785733918893,bot22,rtt,1392
1785733918897,bot24,rtt,1403
1785733918900,bot26,rtt,1393
1785733918902,bot28,rtt,1408
1785733918907,bot34,rtt,1414
1785733918911,bot7,rtt,1408
1785733918928,bot20,rtt,1434
1785733918932,bot30,rtt,1439
1785733918933,bot32,rtt,1439
1785733919143,bot37,rtt,11
1785733919255,bot31,rtt,35
1785733919255,bot33,rtt,35
1785733919260,bot39,rtt,41
1785733919392,bot36,rtt,1269
1785733919441,bot38,rtt,1222
1785733919537,bot10,rtt,28
1785733919540,bot12,rtt,31
1785733919543,bot14,rtt,34
1785733919545,bot16,rtt,36
1785733919548,bot0,rtt,39
1785733919549,bot2,rtt,40
1785733919551,bot4,rtt,42
1785733919552,bot6,rtt,43
1785733919554,bot8,rtt,45
1785733919561,bot17,rtt,52
1785733919566,bot19,rtt,57
1785733919571,bot21,rtt,62
1785733919575,bot23,rtt,66
1785733919578,bot25,rtt,68
1785733919582,bot27,rtt,73
1785733919585,bot29,rtt,76
1785733919597,bot35,rtt,88
1785733919606,bot1,rtt,1098
1785733919611,bot3,rtt,1103
1785733919615,bot5,rtt,1107
1785733919617,bot7,rtt,1109
1785733919623,bot9,rtt,1115
1785733919626,bot11,rtt,1118
1785733919629,bot13,rtt,1121
1785733919634,bot15,rtt,1126
1785733919636,bot18,rtt,1128
1785733919640,bot20,rtt,1132
1785733919642,bot22,rtt,1134
1785733919645,bot24,rtt,1137
1785733919650,bot26,rtt,1142
1785733919653,bot28,rtt,1145
1785733919656,bot30,rtt,1149
1785733919659,bot32,rtt,1152
1785733919663,bot34,rtt,1156
1785733919948,bot36,rtt,825
1785733920086,bot38,rtt,866
1785733920177,bot37,rtt,45
1785733920251,bot31,rtt,31
1785733920252,bot33,rtt,32
1785733920254,bot39,rtt,34
1785733920368,bot3,rtt,859
1785733920424,bot1,rtt,915
1785733920426,bot5,rtt,917
1785733920429,bot7,rtt,920
1785733920430,bot11,rtt,921
1785733920431,bot13,rtt,922
1785733920434,bot18,rtt,925
1785733920436,bot20,rtt,927
1785733920438,bot22,rtt,929
1785733920440,bot24,rtt,931
1785733920441,bot26,rtt,932
1785733920444,bot28,rtt,935
1785733920447,bot30,rtt,938
1785733920450,bot32,rtt,941
1785733920452,bot34,rtt,943
1785733920486,bot9,rtt,977
1785733920494,bot15,rtt,985
1785733920630,bot0,rtt,86
1785733920632,bot2,rtt,88
1785733920635,bot4,rtt,91
1785733920637,bot6,rtt,93
1785733920640,bot8,rtt,96
1785733920643,bot10,rtt,99
1785733920646,bot12,rtt,102
1785733920648,bot14,rtt,104
1785733920650,bot16,rtt,106
1785733920664,bot35,rtt,121
1785733920673,bot17,rtt,129
1785733920675,bot23,rtt,131
1785733920679,bot29,rtt,135
1785733920690,bot19,rtt,146
1785733920696,bot21,rtt,152
1785733920700,bot25,rtt,156
1785733920704,bot27,rtt,160
1785733921139,bot36,rtt,1013
1785733921172,bot37,rtt,21
1785733921192,bot38,rtt,972
1785733921230,bot31,rtt,10
1785733921231,bot33,rtt,11
1785733921232,bot39,rtt,13
1785733921553,bot2,rtt,9
1785733921554,bot4,rtt,10
1785733921557,bot8,rtt,12
1785733921558,bot10,rtt,13
1785733921561,bot12,rtt,17
1785733921562,bot14,rtt,17
1785733921564,bot16,rtt,20
1785733921569,bot19,rtt,25
1785733921574,bot23,rtt,29
1785733921575,bot25,rtt,31
1785733921576,bot27,rtt,32
1785733921584,bot35,rtt,40
1785733921602,bot0,rtt,57
1785733921605,bot6,rtt,60
1785733921635,bot17,rtt,91
1785733921639,bot21,rtt,94
1785733921647,bot29,rtt,103
1785733921745,bot9,rtt,1201
1785733921746,bot11,rtt,1202
1785733921750,bot15,rtt,1206
1785733921751,bot18,rtt,1207
1785733921753,bot22,rtt,1209
1785733921754,bot24,rtt,1210
1785733921756,bot26,rtt,1212
1785733921758,bot28,rtt,1214
1785733921759,bot30,rtt,1215
1785733921762,bot32,rtt,1218
1785733921763,bot34,rtt,1219
1785733921783,bot1,rtt,1239
1785733921784,bot3,rtt,1240
1785733921788,bot5,rtt,1244
1785733921789,bot7,rtt,1245
1785733921798,bot13,rtt,1254
1785733921805,bot20,rtt,1261
1785733922168,bot37,rtt,14
1785733922245,bot31,rtt,25
1785733922246,bot33,rtt,26
1785733922247,bot39,rtt,27
1785733922297,bot36,rtt,1146
1785733922334,bot38,rtt,1114
1785733922553,bot8,rtt,8
1785733922554,bot10,rtt,9
1785733922557,bot14,rtt,12
1785733922557,bot16,rtt,12
1785733922559,bot17,rtt,14
1785733922560,bot21,rtt,15
1785733922562,bot23,rtt,17
1785733922563,bot25,rtt,18
1785733922566,bot29,rtt,21
1785733922571,bot35,rtt,27
1785733922582,bot0,rtt,37
1785733922583,bot2,rtt,38
1785733922584,bot4,rtt,39
1785733922585,bot6,rtt,39
1785733922588,bot12,rtt,43
1785733922589,bot19,rtt,45
1785733922591,bot27,rtt,47
1785733922746,bot30,rtt,1202
1785733922748,bot32,rtt,1204
1785733922761,bot1,rtt,1217
1785733922764,bot3,rtt,1220
1785733922766,bot5,rtt,1222
1785733922768,bot9,rtt,1223
1785733922770,bot11,rtt,1226
1785733922771,bot13,rtt,1227
1785733922772,bot15,rtt,1227
1785733922774,bot18,rtt,1230
1785733922777,bot20,rtt,1233
1785733922778,bot22,rtt,1233
1785733922780,bot24,rtt,1236
1785733922783,bot26,rtt,1238
1785733922785,bot28,rtt,1241
1785733922787,bot34,rtt,1243
1785733922790,bot7,rtt,1245
1785733923173,bot37,rtt,18
1785733923237,bot31,rtt,16
1785733923238,bot33,rtt,17
1785733923239,bot39,rtt,18
1785733923559,bot23,rtt,12
1785733923560,bot25,rtt,15
1785733923563,bot29,rtt,18
1785733923577,bot17,rtt,32
1785733923642,bot14,rtt,95
1785733923645,bot16,rtt,98
1785733923656,bot0,rtt,109
1785733923659,bot2,rtt,114
1785733923661,bot4,rtt,114
1785733923663,bot6,rtt,116
1785733923665,bot8,rtt,118
1785733923667,bot10,rtt,120
1785733923669,bot12,rtt,124
1785733923671,bot19,rtt,126
1785733923673,bot21,rtt,126
1785733923680,bot27,rtt,135
1785733923687,bot35,rtt,142
1785733923709,bot36,rtt,1555
1785733923755,bot38,rtt,1535
1785733924262,bot31,rtt,41
1785733924264,bot33,rtt,43
1785733924266,bot37,rtt,68
1785733924268,bot39,rtt,48
1785733924301,bot30,rtt,1757
1785733924302,bot32,rtt,1758
1785733924330,bot34,rtt,1786
1785733924335,bot3,rtt,1791
1785733924336,bot5,rtt,1791
1785733924340,bot11,rtt,1795
1785733924343,bot18,rtt,1798
1785733924344,bot20,rtt,1800
1785733924347,bot22,rtt,1802
1785733924350,bot24,rtt,1805
1785733924353,bot26,rtt,1807
1785733924354,bot28,rtt,1810
1785733924374,bot1,rtt,1830
1785733924377,bot7,rtt,1832
1785733924377,bot9,rtt,1832
1785733924378,bot13,rtt,1833
1785733924379,bot15,rtt,1834
1785733924650,bot2,rtt,104
1785733924653,bot4,rtt,106
1785733924656,bot6,rtt,109
1785733924658,bot8,rtt,111
1785733924661,bot10,rtt,114
1785733924663,bot12,rtt,117
1785733924666,bot14,rtt,119
1785733924668,bot16,rtt,121
1785733924671,bot17,rtt,125
1785733924673,bot19,rtt,127
1785733924677,bot21,rtt,130
1785733924679,bot23,rtt,132
1785733924682,bot25,rtt,136
1785733924685,bot27,rtt,139
1785733924687,bot29,rtt,141
1785733924696,bot35,rtt,152
1785733924704,bot0,rtt,157
1785733925041,bot36,rtt,1886
1785733925043,bot38,rtt,1822
1785733925257,bot11,rtt,1712
1785733925261,bot32,rtt,1716
1785733925264,bot5,rtt,1719
1785733925268,bot13,rtt,1723
1785733925270,bot18,rtt,1725
1785733925272,bot20,rtt,1727
1785733925275,bot24,rtt,1730
1785733925279,bot28,rtt,1734
1785733925281,bot30,rtt,1736
1785733925290,bot1,rtt,1745
1785733925294,bot3,rtt,1749
1785733925352,bot34,rtt,1807
1785733925364,bot7,rtt,1817
1785733925366,bot9,rtt,1818
1785733925371,bot15,rtt,1824
1785733925377,bot22,rtt,1830
1785733925380,bot26,rtt,1833
1785733925414,bot31,rtt,192
1785733925415,bot33,rtt,193
1785733925416,bot37,rtt,217
1785733925417,bot39,rtt,197
1785733925570,bot2,rtt,23
1785733925572,bot12,rtt,25
1785733925578,bot35,rtt,31
1785733925647,bot17,rtt,100
1785733925650,bot19,rtt,103
1785733925652,bot21,rtt,98
1785733925654,bot23,rtt,100
1785733925656,bot25,rtt,109
1785733925658,bot27,rtt,111
1785733925660,bot29,rtt,113
1785733925671,bot0,rtt,117
1785733925675,bot4,rtt,121
1785733925679,bot6,rtt,125
1785733925680,bot8,rtt,126
1785733925683,bot10,rtt,129
1785733925688,bot14,rtt,134
1785733925691,bot16,rtt,137
1785733926000,bot36,rtt,1802
1785733926001,bot38,rtt,1780
1785733926167,bot5,rtt,1621
1785733926173,bot26,rtt,1626
1785733926180,bot30,rtt,1634
1785733926191,bot1,rtt,1645
1785733926193,bot15,rtt,1646
1785733926194,bot18,rtt,1648
1785733926196,bot20,rtt,1650
1785733926200,bot9,rtt,1653
1785733926201,bot3,rtt,1655
1785733926204,bot7,rtt,1657
1785733926206,bot11,rtt,1660
1785733926237,bot13,rtt,1691
1785733926239,bot22,rtt,1692
1785733926240,bot24,rtt,1694
1785733926243,bot28,rtt,1697
1785733926245,bot32,rtt,1699
1785733926246,bot34,rtt,1700
1785733926260,bot37,rtt,25
1785733926339,bot31,rtt,79
1785733926340,bot33,rtt,80
1785733926342,bot39,rtt,82
1785733926558,bot2,rtt,10
1785733926572,bot19,rtt,24
1785733926574,bot25,rtt,26
1785733926581,bot27,rtt,33
1785733926584,bot35,rtt,36
1785733926625,bot17,rtt,77
1785733926630,bot29,rtt,82
1785733926646,bot21,rtt,91
1785733926647,bot23,rtt,92
1785733926698,bot0,rtt,143
1785733926705,bot4,rtt,150
1785733926709,bot6,rtt,154
1785733926712,bot8,rtt,157
1785733926714,bot10,rtt,159
1785733926715,bot12,rtt,167
1785733926721,bot14,rtt,166
1785733926723,bot16,rtt,168
1785733926729,bot36,rtt,1530
1785733926730,bot38,rtt,1508
1785733926947,bot11,rtt,1400
1785733926950,bot13,rtt,1403
1785733926954,bot15,rtt,1400
1785733926957,bot18,rtt,1410
1785733926961,bot20,rtt,1414
1785733926965,bot22,rtt,1411
1785733926971,bot24,rtt,1424
1785733926974,bot26,rtt,1420
1785733926978,bot28,rtt,1431
1785733926982,bot30,rtt,1435
1785733926985,bot32,rtt,1438
1785733926989,bot34,rtt,1442
1785733927022,bot1,rtt,1475
1785733927024,bot3,rtt,1477
1785733927027,bot5,rtt,1480
1785733927030,bot7,rtt,1476
1785733927032,bot9,rtt,1478
1785733927340,bot31,rtt,71
1785733927341,bot33,rtt,72
1785733927342,bot37,rtt,102
1785733927344,bot39,rtt,75
1785733927574,bot36,rtt,1340
1785733927574,bot38,rtt,1314
1785733927634,bot19,rtt,82
1785733927637,bot25,rtt,85
1785733927638,bot27,rtt,86
1785733927638,bot29,rtt,86
1785733927652,bot35,rtt,100
1785733927664,bot17,rtt,112
1785733927668,bot4,rtt,112
1785733927672,bot6,rtt,116
1785733927676,bot8,rtt,120
1785733927679,bot10,rtt,123
1785733927683,bot12,rtt,131
1785733927686,bot14,rtt,130
1785733927689,bot16,rtt,133
1785733927692,bot0,rtt,136
1785733927695,bot2,rtt,143
1785733927716,bot21,rtt,160
1785733927718,bot23,rtt,162
1785733927845,bot15,rtt,1290
1785733927848,bot18,rtt,1300
1785733927851,bot20,rtt,1303
1785733927852,bot22,rtt,1297
1785733927855,bot24,rtt,1307
1785733927858,bot26,rtt,1303
1785733927863,bot28,rtt,1315
1785733927866,bot30,rtt,1318
1785733927870,bot32,rtt,1322
1785733927873,bot34,rtt,1325
1785733927883,bot1,rtt,1335
1785733927886,bot3,rtt,1338
1785733927889,bot5,rtt,1341
1785733927892,bot7,rtt,1337
1785733927895,bot9,rtt,1340
1785733927898,bot11,rtt,1350
1785733927901,bot13,rtt,1353
1785733928333,bot31,rtt,63
1785733928334,bot33,rtt,64
1785733928336,bot37,rtt,85
1785733928337,bot39,rtt,67
1785733928586,bot36,rtt,1346
1785733928642,bot17,rtt,89
1785733928643,bot19,rtt,91
1785733928645,bot21,rtt,65
1785733928648,bot23,rtt,68
1785733928649,bot25,rtt,96
1785733928651,bot27,rtt,99
1785733928655,bot29,rtt,102
1785733928663,bot35,rtt,111
1785733928691,bot0,rtt,111
1785733928694,bot2,rtt,141
1785733928697,bot4,rtt,117
1785733928701,bot6,rtt,121
1785733928703,bot8,rtt,123
1785733928706,bot10,rtt,126
1785733928709,bot12,rtt,156
1785733928712,bot14,rtt,132
1785733928725,bot16,rtt,145
1785733928735,bot38,rtt,1466
1785733928864,bot11,rtt,1312
1785733928867,bot13,rtt,1315
1785733928883,bot24,rtt,1331
1785733928891,bot30,rtt,1339
1785733928893,bot32,rtt,1341
1785733928896,bot34,rtt,1344
1785733928920,bot1,rtt,1368
1785733928921,bot3,rtt,1369
1785733928922,bot5,rtt,1370
1785733928924,bot9,rtt,1368
1785733928942,bot7,rtt,1386
1785733928944,bot18,rtt,1392
1785733928946,bot20,rtt,1394
1785733928947,bot22,rtt,1391
1785733928949,bot26,rtt,1393
1785733928951,bot28,rtt,1399
1785733928960,bot15,rtt,1404
1785733929163,bot36,rtt,912
1785733929236,bot38,rtt,966
1785733929328,bot37,rtt,75
1785733929336,bot5,rtt,783
1785733929340,bot11,rtt,787
1785733929343,bot13,rtt,790
1785733929345,bot15,rtt,765
1785733929348,bot18,rtt,795
1785733929350,bot20,rtt,798
1785733929353,bot22,rtt,773
1785733929356,bot24,rtt,803
1785733929360,bot26,rtt,780
1785733929365,bot28,rtt,813
1785733929368,bot30,rtt,816
1785733929386,bot31,rtt,114
1785733929387,bot33,rtt,115
1785733929389,bot39,rtt,118
1785733929391,bot1,rtt,839
1785733929395,bot3,rtt,842
1785733929401,bot7,rtt,821
1785733929403,bot9,rtt,823
1785733929417,bot32,rtt,865
1785733929420,bot34,rtt,868
1785733929622,bot2,rtt,60
1785733929623,bot4,rtt,42
1785733929625,bot8,rtt,44
1785733929626,bot12,rtt,64
1785733929627,bot14,rtt,46
1785733929634,bot16,rtt,53
1785733929635,bot0,rtt,54
1785733929641,bot6,rtt,60
1785733929646,bot10,rtt,65
1785733929671,bot17,rtt,109
1785733929673,bot19,rtt,111
1785733929678,bot21,rtt,97
1785733929682,bot23,rtt,101
1785733929685,bot25,rtt,123
1785733929689,bot27,rtt,127
1785733929692,bot29,rtt,130
1785733929702,bot35,rtt,141
1785733929956,bot36,rtt,703
1785733929957,bot38,rtt,685
1785733930158,bot7,rtt,577
1785733930161,bot11,rtt,599
1785733930168,bot15,rtt,587
1785733930173,bot20,rtt,611
1785733930176,bot22,rtt,595
1785733930179,bot24,rtt,617
1785733930185,bot28,rtt,624
1785733930188,bot30,rtt,627
1785733930190,bot32,rtt,629
1785733930194,bot34,rtt,633
1785733930230,bot1,rtt,668
1785733930231,bot3,rtt,669
1785733930233,bot5,rtt,671
1785733930236,bot9,rtt,655
1785733930238,bot13,rtt,676
1785733930239,bot18,rtt,677
1785733930243,bot26,rtt,662
1785733930347,bot31,rtt,72
1785733930348,bot33,rtt,73
1785733930350,bot37,rtt,90
1785733930350,bot39,rtt,77
1785733930640,bot12,rtt,65
1785733930644,bot16,rtt,62
1785733930658,bot0,rtt,76
1785733930663,bot2,rtt,88
1785733930664,bot4,rtt,84
1785733930667,bot6,rtt,85
1785733930669,bot8,rtt,87
1785733930672,bot10,rtt,90
1785733930675,bot14,rtt,93
1785733930684,bot17,rtt,109
1785733930687,bot19,rtt,112
1785733930690,bot21,rtt,108
1785733930694,bot23,rtt,112
1785733930697,bot25,rtt,122
1785733930700,bot27,rtt,125
1785733930703,bot29,rtt,128
1785733930712,bot35,rtt,137
1785733930756,bot38,rtt,481
1785733930762,bot36,rtt,503
1785733930847,bot7,rtt,265
1785733930848,bot9,rtt,266
1785733930850,bot13,rtt,275
1785733930851,bot15,rtt,269
1785733930853,bot18,rtt,278
1785733930855,bot20,rtt,280
1785733930859,bot24,rtt,284
1785733930861,bot26,rtt,279
1785733930863,bot28,rtt,288
1785733930867,bot30,rtt,292
1785733930868,bot32,rtt,293
1785733930871,bot34,rtt,296
1785733930884,bot1,rtt,309
1785733930888,bot3,rtt,313
1785733930890,bot5,rtt,315
1785733930898,bot11,rtt,323
1785733930905,bot22,rtt,323
1785733931332,bot31,rtt,57
1785733931333,bot33,rtt,57
1785733931334,bot37,rtt,69
1785733931335,bot39,rtt,62
1785733931367,bot36,rtt,102
1785733931367,bot38,rtt,91
1785733931636,bot2,rtt,57
1785733931638,bot4,rtt,57
1785733931643,bot8,rtt,59
1785733931645,bot10,rtt,61
1785733931647,bot12,rtt,69
1785733931664,bot5,rtt,86
1785733931681,bot11,rtt,103
1785733931686,bot13,rtt,107
1785733931689,bot15,rtt,105
1785733931695,bot18,rtt,117
1785733931698,bot20,rtt,120
1785733931705,bot24,rtt,127
1785733931709,bot26,rtt,125
1785733931711,bot28,rtt,133
1785733931717,bot30,rtt,139
1785733931719,bot32,rtt,141
1785733931722,bot34,rtt,144
1785733931729,bot0,rtt,145
1785733931735,bot6,rtt,151
1785733931742,bot14,rtt,158
1785733931745,bot16,rtt,161
1785733931747,bot17,rtt,169
1785733931751,bot19,rtt,173
1785733931756,bot21,rtt,172
1785733931761,bot23,rtt,177
1785733931767,bot25,rtt,189
1785733931770,bot27,rtt,192
1785733931775,bot29,rtt,197
1785733931786,bot35,rtt,208
1785733931797,bot1,rtt,219
1785733931832,bot3,rtt,254
1785733931835,bot7,rtt,251
1785733931836,bot9,rtt,252
1785733931841,bot22,rtt,257
1785733932341,bot31,rtt,63
1785733932342,bot33,rtt,64
1785733932344,bot37,rtt,72
1785733932345,bot39,rtt,68
1785733932377,bot36,rtt,105
1785733932378,bot38,rtt,100
1785733932621,bot0,rtt,37
1785733932622,bot2,rtt,43
1785733932623,bot6,rtt,39
1785733932624,bot8,rtt,40
1785733932627,bot16,rtt,43
1785733932631,bot17,rtt,53
1785733932637,bot27,rtt,59
1785733932638,bot29,rtt,60
1785733932646,bot35,rtt,68
1785733932658,bot1,rtt,80
1785733932664,bot3,rtt,86
1785733932670,bot5,rtt,92
1785733932673,bot7,rtt,89
1785733932677,bot9,rtt,93
1785733932682,bot11,rtt,104
1785733932687,bot13,rtt,108
1785733932690,bot15,rtt,106
1785733932693,bot18,rtt,115
1785733932698,bot20,rtt,120
1785733932727,bot19,rtt,149
1785733932730,bot21,rtt,146
1785733932730,bot23,rtt,146
1785733932734,bot25,rtt,156
1785733932743,bot22,rtt,159
1785733932745,bot24,rtt,167
1785733932752,bot4,rtt,170
1785733932758,bot10,rtt,174
1785733932764,bot12,rtt,186
1785733932767,bot14,rtt,183
1785733932773,bot26,rtt,189
1785733932777,bot28,rtt,199
1785733932779,bot30,rtt,201
1785733932784,bot32,rtt,206
1785733932786,bot34,rtt,208
1785733933362,bot31,rtt,85
1785733933363,bot33,rtt,86
1785733933365,bot37,rtt,88
1785733933366,bot39,rtt,89
1785733933383,bot36,rtt,106
1785733933384,bot38,rtt,107
1785733933634,bot16,rtt,49
1785733933636,bot2,rtt,57
1785733933637,bot4,rtt,56
1785733933638,bot6,rtt,53
1785733933639,bot8,rtt,54
1785733933641,bot10,rtt,56
1785733933642,bot12,rtt,63
1785733933643,bot14,rtt,58
1785733933648,bot17,rtt,69
1785733933649,bot19,rtt,70
1785733933652,bot21,rtt,67
1785733933654,bot23,rtt,69
1785733933657,bot25,rtt,78
1785733933660,bot27,rtt,81
1785733933663,bot29,rtt,84
1785733933674,bot35,rtt,96
1785733933687,bot0,rtt,102
1785733933701,bot11,rtt,122
1785733933715,bot22,rtt,130
1785733933724,bot30,rtt,146
1785733933730,bot34,rtt,152
1785733933805,bot1,rtt,226
1785733933808,bot3,rtt,229
1785733933809,bot5,rtt,230
1785733933811,bot7,rtt,226
1785733933813,bot9,rtt,228
1785733933815,bot13,rtt,236
1785733933818,bot15,rtt,233
1785733933820,bot18,rtt,241
1785733933820,bot20,rtt,241
1785733933824,bot24,rtt,245
1785733933826,bot26,rtt,241
1785733933828,bot28,rtt,249
1785733933831,bot32,rtt,253
1785733934336,bot36,rtt,58
1785733934336,bot38,rtt,58
1785733934348,bot31,rtt,70
1785733934349,bot33,rtt,71
1785733934351,bot37,rtt,73
1785733934352,bot39,rtt,74
1785733934644,bot9,rtt,57
1785733934657,bot24,rtt,77
1785733934659,bot26,rtt,72
1785733934663,bot28,rtt,84
1785733934666,bot30,rtt,88
1785733934669,bot32,rtt,90
1785733934671,bot34,rtt,93
1785733934682,bot17,rtt,102
1785733934684,bot19,rtt,105
1785733934688,bot21,rtt,101
1785733934691,bot23,rtt,104
1785733934694,bot25,rtt,114
1785733934698,bot27,rtt,119
1785733934702,bot29,rtt,122
1785733934714,bot35,rtt,136
1785733934752,bot0,rtt,165
1785733934757,bot10,rtt,170
1785733934760,bot12,rtt,180
1785733934763,bot14,rtt,176
1785733934765,bot16,rtt,178
1785733934769,bot1,rtt,190
1785733934772,bot3,rtt,193
1785733934775,bot5,rtt,195
1785733934778,bot7,rtt,191
1785733934795,bot11,rtt,215
1785733934799,bot13,rtt,219
1785733934802,bot15,rtt,215
1785733934804,bot18,rtt,224
1785733934806,bot20,rtt,227
1785733934808,bot22,rtt,221
1785733934816,bot2,rtt,236
1785733934820,bot4,rtt,239
1785733934822,bot6,rtt,235
1785733934828,bot8,rtt,241
1785733935340,bot31,rtt,61
1785733935341,bot33,rtt,62
1785733935342,bot37,rtt,63
1785733935343,bot39,rtt,64
1785733935369,bot36,rtt,90
1785733935370,bot38,rtt,91
1785733935634,bot27,rtt,55
1785733935645,bot10,rtt,58
1785733935648,bot12,rtt,67
1785733935664,bot0,rtt,76
1785733935667,bot2,rtt,86
1785733935669,bot4,rtt,87
1785733935671,bot6,rtt,83
1785733935673,bot8,rtt,85
1785733935674,bot14,rtt,86
1785733935674,bot16,rtt,88
1785733935677,bot1,rtt,98
1785733935679,bot3,rtt,100
1785733935683,bot5,rtt,102
1785733935685,bot7,rtt,97
1785733935688,bot9,rtt,100
1785733935690,bot11,rtt,109
1785733935695,bot13,rtt,114
1785733935700,bot15,rtt,112
1785733935707,bot18,rtt,126
1785733935709,bot20,rtt,130
1785733935712,bot22,rtt,124
1785733935715,bot24,rtt,134
1785733935721,bot26,rtt,133
1785733935724,bot28,rtt,145
1785733935726,bot30,rtt,147
1785733935730,bot32,rtt,151
1785733935735,bot34,rtt,156
1785733935747,bot35,rtt,168
1785733935757,bot17,rtt,176
1785733935759,bot19,rtt,180
1785733935763,bot21,rtt,175
1785733935765,bot23,rtt,177
1785733935767,bot25,rtt,186
1785733935773,bot29,rtt,192
1785733936348,bot31,rtt,69
1785733936349,bot33,rtt,70
1785733936352,bot37,rtt,74
1785733936353,bot39,rtt,75
1785733936626,bot17,rtt,43
1785733936628,bot19,rtt,47
1785733936630,bot21,rtt,41
1785733936634,bot23,rtt,45
1785733936635,bot25,rtt,54
1785733936637,bot27,rtt,56
1785733936642,bot29,rtt,59
1785733936654,bot35,rtt,73
1785733936740,bot36,rtt,462
1785733936741,bot38,rtt,462
1785733936758,bot0,rtt,169
1785733936759,bot2,rtt,176
1785733936760,bot4,rtt,176
1785733936761,bot6,rtt,172
1785733936762,bot8,rtt,173
1785733936765,bot12,rtt,184
1785733936767,bot16,rtt,180
1785733936825,bot10,rtt,236
1785733936833,bot14,rtt,244
1785733936965,bot18,rtt,384
1785733936971,bot22,rtt,382
1785733936975,bot24,rtt,394
1785733936978,bot26,rtt,389
1785733936981,bot28,rtt,400
1785733936985,bot30,rtt,404
1785733936988,bot32,rtt,407
1785733936991,bot34,rtt,410
1785733937017,bot1,rtt,436
1785733937018,bot3,rtt,437
1785733937021,bot5,rtt,440
1785733937024,bot7,rtt,435
1785733937028,bot9,rtt,439
1785733937030,bot11,rtt,447
1785733937032,bot13,rtt,449
1785733937035,bot15,rtt,446
1785733937038,bot20,rtt,457
1785733937333,bot31,rtt,50
1785733937334,bot33,rtt,51
1785733937336,bot37,rtt,56
1785733937337,bot39,rtt,57
1785733937354,bot36,rtt,74
1785733937355,bot38,rtt,72
1785733937635,bot0,rtt,44
1785733937637,bot2,rtt,48
1785733937638,bot4,rtt,49
1785733937640,bot6,rtt,49
1785733937644,bot8,rtt,53
1785733937645,bot10,rtt,54
1785733937648,bot12,rtt,59
1785733937651,bot14,rtt,60
1785733937654,bot16,rtt,63
1785733937681,bot17,rtt,92
1785733937687,bot19,rtt,98
1785733937690,bot21,rtt,99
1785733937693,bot23,rtt,102
1785733937696,bot25,rtt,107
1785733937700,bot27,rtt,111
1785733937708,bot29,rtt,118
1785733937719,bot35,rtt,130
1785733937729,bot1,rtt,140
1785733937733,bot3,rtt,144
1785733937736,bot5,rtt,147
1785733937741,bot7,rtt,150
1785733937745,bot9,rtt,154
1785733937748,bot11,rtt,159
1785733937752,bot13,rtt,163
1785733937754,bot15,rtt,163
1785733937759,bot18,rtt,170
1785733937762,bot20,rtt,173
1785733937766,bot22,rtt,175
1785733937769,bot24,rtt,180
1785733937771,bot26,rtt,180
1785733937776,bot28,rtt,187
1785733937779,bot30,rtt,190
1785733937782,bot32,rtt,193
1785733937788,bot34,rtt,199
1785733938338,bot31,rtt,55
1785733938339,bot33,rtt,56
1785733938341,bot37,rtt,60
1785733938342,bot39,rtt,61
1785733938358,bot36,rtt,77
1785733938359,bot38,rtt,76
1785733938653,bot27,rtt,62
1785733938656,bot29,rtt,65
1785733938665,bot35,rtt,74
1785733938676,bot17,rtt,85
1785733938676,bot4,rtt,85
1785733938681,bot6,rtt,90
1785733938684,bot8,rtt,93
1785733938687,bot10,rtt,96
1785733938689,bot12,rtt,98
1785733938693,bot14,rtt,102
1785733938696,bot16,rtt,105
1785733938700,bot0,rtt,109
1785733938706,bot2,rtt,115
1785733938709,bot1,rtt,118
1785733938712,bot3,rtt,121
1785733938717,bot5,rtt,126
1785733938721,bot7,rtt,130
1785733938726,bot9,rtt,135
1785733938729,bot11,rtt,138
1785733938734,bot13,rtt,143
1785733938738,bot15,rtt,147
1785733938742,bot18,rtt,151
1785733938747,bot20,rtt,156
1785733938752,bot22,rtt,161
1785733938755,bot24,rtt,164
1785733938763,bot26,rtt,172
1785733938765,bot28,rtt,174
1785733938770,bot30,rtt,179
1785733938774,bot32,rtt,183
1785733938777,bot34,rtt,186
1785733938825,bot19,rtt,234
1785733938828,bot21,rtt,237
1785733938830,bot23,rtt,239
1785733938831,bot25,rtt,240
1785733939335,bot31,rtt,48
1785733939336,bot33,rtt,49
1785733939338,bot37,rtt,52
1785733939339,bot39,rtt,53
1785733939463,bot36,rtt,177
1785733939464,bot38,rtt,177
1785733939628,bot27,rtt,37
1785733939633,bot6,rtt,41
1785733939634,bot8,rtt,43
1785733939637,bot12,rtt,46
1785733939639,bot14,rtt,48
1785733939641,bot16,rtt,50
1785733939652,bot23,rtt,61
1785733939654,bot25,rtt,63
1785733939657,bot29,rtt,66
1785733939662,bot0,rtt,70
1785733939664,bot2,rtt,73
1785733939666,bot4,rtt,75
1785733939671,bot10,rtt,80
1785733939676,bot35,rtt,85
1785733939682,bot17,rtt,91
1785733939683,bot19,rtt,92
1785733939684,bot21,rtt,93
1785733939793,bot7,rtt,201
1785733939822,bot13,rtt,231
1785733939824,bot18,rtt,233
1785733939830,bot26,rtt,238
1785733939832,bot28,rtt,241
1785733939835,bot34,rtt,244
1785733939838,bot1,rtt,247
1785733939841,bot9,rtt,249
1785733939867,bot3,rtt,276
1785733939868,bot5,rtt,277
1785733939871,bot11,rtt,280
1785733939875,bot15,rtt,284
1785733939877,bot20,rtt,286
1785733939877,bot22,rtt,286
1785733939879,bot24,rtt,288
1785733939882,bot30,rtt,291
1785733939883,bot32,rtt,292
1785733940349,bot31,rtt,59
1785733940349,bot33,rtt,59
1785733940351,bot37,rtt,64
1785733940352,bot39,rtt,65
1785733940629,bot21,rtt,37
1785733940634,bot29,rtt,42
1785733940640,bot35,rtt,49
1785733940645,bot0,rtt,53
1785733940648,bot2,rtt,56
1785733940650,bot4,rtt,58
1785733940652,bot6,rtt,60
1785733940654,bot8,rtt,62
1785733940656,bot10,rtt,64
1785733940658,bot12,rtt,66
1785733940660,bot14,rtt,68
1785733940662,bot16,rtt,70
1785733940670,bot19,rtt,79
1785733940673,bot23,rtt,81
1785733940674,bot25,rtt,82
1785733940676,bot27,rtt,85
1785733940681,bot17,rtt,89
1785733940814,bot36,rtt,529
1785733940816,bot38,rtt,526
1785733941068,bot18,rtt,476
1785733941074,bot26,rtt,482
1785733941075,bot28,rtt,484
1785733941082,bot3,rtt,491
1785733941106,bot5,rtt,515
1785733941121,bot22,rtt,529
1785733941126,bot30,rtt,535
1785733941129,bot34,rtt,538
1785733941136,bot7,rtt,544
1785733941137,bot9,rtt,545
1785733941138,bot11,rtt,546
1785733941139,bot13,rtt,547
1785733941140,bot15,rtt,548
1785733941143,bot20,rtt,552
1785733941144,bot24,rtt,552
1785733941146,bot32,rtt,555
1785733941147,bot1,rtt,556
1785733941344,bot31,rtt,53
1785733941346,bot33,rtt,55
1785733941347,bot37,rtt,58
1785733941349,bot39,rtt,60
1785733941663,bot10,rtt,69
1785733941665,bot17,rtt,72
1785733941669,bot19,rtt,76
1785733941673,bot21,rtt,79
1785733941677,bot23,rtt,83
1785733941680,bot25,rtt,87
1785733941684,bot27,rtt,91
1785733941686,bot29,rtt,93
1785733941695,bot35,rtt,103
1785733941704,bot12,rtt,111
1785733941708,bot14,rtt,114
1785733941710,bot16,rtt,116
1785733941726,bot0,rtt,132
1785733941727,bot2,rtt,134
1785733941728,bot4,rtt,135
1785733941729,bot6,rtt,135
1785733941729,bot8,rtt,135
1785733941752,bot36,rtt,467
1785733941753,bot38,rtt,462
1785733942078,bot22,rtt,484
1785733942080,bot24,rtt,487
1785733942082,bot26,rtt,488
1785733942087,bot30,rtt,494
1785733942090,bot32,rtt,497
1785733942100,bot1,rtt,507
1785733942103,bot3,rtt,510
1785733942105,bot5,rtt,512
1785733942109,bot9,rtt,515
1785733942110,bot11,rtt,517
1785733942116,bot15,rtt,522
1785733942118,bot18,rtt,525
1785733942120,bot20,rtt,527
1785733942143,bot28,rtt,550
1785733942148,bot34,rtt,555
1785733942156,bot7,rtt,562
1785733942162,bot13,rtt,569
1785733942340,bot31,rtt,45
1785733942340,bot33,rtt,45
1785733942344,bot37,rtt,56
1785733942345,bot39,rtt,55
1785733942655,bot29,rtt,61
1785733942670,bot35,rtt,77
1785733942694,bot0,rtt,99
1785733942696,bot2,rtt,102
1785733942699,bot4,rtt,105
1785733942701,bot6,rtt,106
1785733942703,bot8,rtt,109
1785733942705,bot10,rtt,111
1785733942707,bot12,rtt,114
1785733942709,bot14,rtt,115
1785733942711,bot16,rtt,117
1785733942713,bot17,rtt,119
1785733942714,bot19,rtt,121
1785733942715,bot21,rtt,121
1785733942717,bot23,rtt,123
1785733942718,bot25,rtt,124
1785733942719,bot27,rtt,126
1785733942729,bot36,rtt,441
1785733942730,bot38,rtt,435
1785733942835,bot9,rtt,240
1785733942851,bot18,rtt,257
1785733942859,bot24,rtt,265
1785733942859,bot26,rtt,264
1785733942863,bot28,rtt,270
1785733942867,bot32,rtt,274
1785733942868,bot34,rtt,275
1785733942875,bot1,rtt,282
1785733942878,bot3,rtt,285
1785733942880,bot5,rtt,287
1785733942883,bot7,rtt,288
1785733942888,bot11,rtt,294
1785733942890,bot13,rtt,296
1785733942894,bot15,rtt,300
1785733942915,bot20,rtt,322
1785733942916,bot22,rtt,322
1785733942921,bot30,rtt,328
1785733943347,bot31,rtt,52
1785733943348,bot33,rtt,53
1785733943350,bot37,rtt,61
1785733943351,bot39,rtt,61
1785733943639,bot6,rtt,44
1785733943643,bot8,rtt,49
1785733943646,bot10,rtt,52
1785733943649,bot12,rtt,55
1785733943655,bot14,rtt,61
1785733943659,bot16,rtt,65
1785733943679,bot17,rtt,85
1785733943688,bot0,rtt,93
1785733943689,bot2,rtt,95
1785733943691,bot4,rtt,97
1785733943700,bot35,rtt,107
1785733943703,bot19,rtt,109
1785733943706,bot21,rtt,112
1785733943710,bot23,rtt,116
1785733943712,bot25,rtt,118
1785733943715,bot27,rtt,121
1785733943718,bot29,rtt,124
1785733943733,bot36,rtt,445
1785733943734,bot38,rtt,439
1785733943946,bot5,rtt,352
1785733943948,bot9,rtt,354
1785733943952,bot18,rtt,358
1785733943953,bot22,rtt,359
1785733943955,bot26,rtt,360
1785733943960,bot34,rtt,367
1785733943976,bot1,rtt,382
1785733943979,bot3,rtt,385
1785733943986,bot7,rtt,392
1785733943990,bot11,rtt,396
1785733943992,bot13,rtt,398
1785733943994,bot15,rtt,400
1785733943998,bot20,rtt,404
1785733944002,bot24,rtt,408
1785733944006,bot28,rtt,412
1785733944008,bot30,rtt,414
1785733944009,bot32,rtt,415
1785733944358,bot31,rtt,63
1785733944368,bot33,rtt,73
1785733944369,bot37,rtt,80
1785733944370,bot39,rtt,80
1785733944624,bot17,rtt,29
1785733944625,bot19,rtt,31
1785733944631,bot35,rtt,39
1785733944660,bot0,rtt,65
1785733944664,bot2,rtt,69
1785733944668,bot4,rtt,73
1785733944671,bot6,rtt,76
1785733944675,bot8,rtt,80
1785733944678,bot10,rtt,83
1785733944682,bot12,rtt,88
1785733944685,bot14,rtt,90
1785733944689,bot16,rtt,94
1785733944721,bot21,rtt,126
1785733944722,bot23,rtt,127
1785733944725,bot25,rtt,131
1785733944728,bot27,rtt,134
1785733944731,bot29,rtt,136
1785733944842,bot36,rtt,554
1785733944845,bot38,rtt,550
1785733944958,bot26,rtt,363
1785733944963,bot32,rtt,369
1785733944980,bot1,rtt,386
1785733944981,bot3,rtt,387
1785733944985,bot5,rtt,391
1785733944986,bot7,rtt,391
1785733944988,bot18,rtt,394
1785733944991,bot20,rtt,397
1785733944992,bot22,rtt,397
1785733944994,bot24,rtt,400
1785733944996,bot28,rtt,402
1785733944996,bot30,rtt,402
1785733944998,bot34,rtt,405
1785733945000,bot9,rtt,405
1785733945003,bot11,rtt,408
1785733945005,bot13,rtt,410
1785733945008,bot15,rtt,413
1785733945328,bot31,rtt,32
1785733945329,bot33,rtt,33
1785733945330,bot37,rtt,40
1785733945331,bot39,rtt,39
1785733945560,bot36,rtt,272
1785733945562,bot38,rtt,266
1785733945623,bot19,rtt,29
1785733945624,bot21,rtt,27
1785733945625,bot25,rtt,31
1785733945628,bot35,rtt,36
1785733945630,bot17,rtt,36
1785733945633,bot23,rtt,36
1785733945635,bot27,rtt,41
1785733945636,bot29,rtt,42
1785733945642,bot0,rtt,45
1785733945645,bot2,rtt,51
1785733945648,bot4,rtt,54
1785733945652,bot6,rtt,55
1785733945655,bot8,rtt,58
1785733945660,bot10,rtt,66
1785733945663,bot12,rtt,69
1785733945667,bot14,rtt,70
1785733945670,bot16,rtt,76
1785733945755,bot5,rtt,161
1785733945762,bot11,rtt,168
1785733945774,bot15,rtt,177
1785733945778,bot22,rtt,184
1785733945781,bot24,rtt,187
1785733945785,bot13,rtt,191
1785733945789,bot18,rtt,195
1785733945790,bot20,rtt,196
1785733945793,bot26,rtt,196
1785733945795,bot28,rtt,201
1785733945796,bot30,rtt,202
1785733945798,bot32,rtt,204
1785733945803,bot34,rtt,209
1785733945808,bot1,rtt,214
1785733945810,bot3,rtt,216
1785733945812,bot7,rtt,215
1785733945814,bot9,rtt,217
1785733946354,bot31,rtt,58
1785733946355,bot33,rtt,59
1785733946357,bot37,rtt,66
1785733946358,bot39,rtt,65
1785733946370,bot36,rtt,82
1785733946371,bot38,rtt,75
1785733946630,bot12,rtt,35
1785733946632,bot4,rtt,36
1785733946638,bot22,rtt,42
1785733946695,bot7,rtt,98
1785733946697,bot0,rtt,100
1785733946699,bot2,rtt,103
1785733946708,bot6,rtt,111
1785733946710,bot8,rtt,113
1785733946712,bot10,rtt,116
1785733946719,bot14,rtt,122
1785733946723,bot16,rtt,127
1785733946726,bot9,rtt,129
1785733946730,bot13,rtt,134
1785733946734,bot18,rtt,138
1785733946737,bot20,rtt,142
1785733946741,bot24,rtt,146
1785733946745,bot26,rtt,148
1785733946751,bot28,rtt,156
1785733946758,bot30,rtt,163
1785733946763,bot32,rtt,168
1785733946766,bot34,rtt,171
1785733946807,bot17,rtt,211
1785733946810,bot19,rtt,215
1785733946813,bot21,rtt,216
1785733946815,bot23,rtt,218
1785733946817,bot25,rtt,221
1785733946819,bot27,rtt,224
1785733946820,bot29,rtt,224
1785733946826,bot35,rtt,233
1785733946841,bot1,rtt,246
1785733946844,bot3,rtt,249
1785733946848,bot5,rtt,253
1785733946856,bot11,rtt,260
1785733946859,bot15,rtt,262
1785733947337,bot36,rtt,48
1785733947338,bot38,rtt,40
1785733947342,bot31,rtt,44
1785733947343,bot33,rtt,45
1785733947344,bot37,rtt,53
1785733947345,bot39,rtt,52
1785733947624,bot0,rtt,27
1785733947624,bot2,rtt,28
1785733947627,bot4,rtt,31
1785733947628,bot6,rtt,31
1785733947629,bot8,rtt,32
1785733947630,bot10,rtt,34
1785733947632,bot12,rtt,36
1785733947634,bot14,rtt,37
1785733947636,bot16,rtt,40
1785733947653,bot17,rtt,57
1785733947654,bot19,rtt,58
1785733947656,bot21,rtt,59
1785733947658,bot23,rtt,61
1785733947660,bot25,rtt,64
1785733947661,bot27,rtt,65
1785733947663,bot29,rtt,67
1785733947667,bot35,rtt,71
1785733947823,bot5,rtt,227
1785733947839,bot13,rtt,243
1785733947843,bot20,rtt,247
1785733947847,bot7,rtt,250
1785733947850,bot22,rtt,254
1785733947851,bot24,rtt,255
1785733947854,bot30,rtt,258
1785733947855,bot32,rtt,259
1785733947873,bot9,rtt,276
1785733947874,bot11,rtt,278
1785733947877,bot26,rtt,280
1785733947878,bot28,rtt,282
1785733947881,bot34,rtt,285
1785733947883,bot1,rtt,287
1785733947884,bot3,rtt,288
1785733947887,bot15,rtt,290
1785733947888,bot18,rtt,292
1785733948535,bot31,rtt,236
1785733948536,bot33,rtt,237
1785733948539,bot37,rtt,246
1785733948540,bot39,rtt,244
1785733948636,bot0,rtt,38
1785733948640,bot2,rtt,43
1785733948642,bot4,rtt,45
1785733948646,bot6,rtt,48
1785733948649,bot8,rtt,51
1785733948653,bot10,rtt,56
1785733948656,bot12,rtt,59
1785733948659,bot14,rtt,61
1785733948664,bot16,rtt,67
1785733948852,bot19,rtt,256
1785733948854,bot21,rtt,256
1785733948856,bot23,rtt,258
1785733948857,bot25,rtt,260
1785733948861,bot29,rtt,264
1785733948886,bot36,rtt,596
1785733948886,bot38,rtt,587
1785733948900,bot35,rtt,304
1785733948905,bot17,rtt,308
1785733948905,bot27,rtt,309
1785733949245,bot9,rtt,647
1785733949250,bot28,rtt,654
1785733949252,bot34,rtt,656
1785733949254,bot13,rtt,657
1785733949256,bot18,rtt,659
1785733949258,bot22,rtt,661
1785733949276,bot24,rtt,679
1785733949280,bot11,rtt,683
1785733949283,bot3,rtt,687
1785733949285,bot5,rtt,688
1785733949286,bot7,rtt,688
1785733949332,bot20,rtt,736
1785733949337,bot15,rtt,739
1785733949340,bot26,rtt,742
1785733949342,bot30,rtt,746
1785733949343,bot32,rtt,747
1785733949349,bot1,rtt,753
1785733949629,bot0,rtt,31
1785733949630,bot2,rtt,32
1785733949632,bot4,rtt,34
1785733949633,bot6,rtt,35
1785733949635,bot8,rtt,37
1785733949638,bot10,rtt,40
1785733949641,bot12,rtt,45
1785733949644,bot14,rtt,46
1785733949647,bot16,rtt,49
1785733949784,bot33,rtt,485
1785733949786,bot37,rtt,490
1785733949786,bot39,rtt,490
1785733949823,bot31,rtt,524
1785733950053,bot21,rtt,455
1785733950056,bot25,rtt,460
1785733950058,bot23,rtt,460
1785733950062,bot27,rtt,466
1785733950065,bot29,rtt,469
1785733950073,bot35,rtt,477
1785733950083,bot17,rtt,487
1785733950085,bot19,rtt,489
1785733950267,bot36,rtt,972
1785733950268,bot38,rtt,969
1785733950622,bot14,rtt,23
1785733950624,bot6,rtt,25
1785733950626,bot10,rtt,28
1785733950629,bot12,rtt,32
1785733950629,bot16,rtt,31
1785733950631,bot0,rtt,32
1785733950655,bot2,rtt,57
1785733950658,bot4,rtt,60
1785733950663,bot8,rtt,64
1785733950675,bot20,rtt,1079
1785733950677,bot22,rtt,1079
1785733950683,bot24,rtt,1087
1785733950685,bot26,rtt,1087
1785733950689,bot28,rtt,1093
1785733950694,bot30,rtt,1098
1785733950697,bot32,rtt,1101
1785733950699,bot34,rtt,1103
1785733950708,bot1,rtt,1112
1785733950711,bot3,rtt,1115
1785733950713,bot5,rtt,1117
1785733950716,bot7,rtt,1118
1785733950719,bot9,rtt,1121
1785733950724,bot11,rtt,1128
1785733950727,bot13,rtt,1130
1785733950730,bot15,rtt,1132
1785733950733,bot18,rtt,1137
1785733950762,bot31,rtt,463
1785733950773,bot33,rtt,474
1785733950788,bot37,rtt,492
1785733950789,bot39,rtt,492
1785733950941,bot27,rtt,344
1785733950943,bot25,rtt,346
1785733950954,bot17,rtt,357
1785733950961,bot19,rtt,364
1785733950963,bot21,rtt,364
1785733950966,bot23,rtt,367
1785733950976,bot29,rtt,379
1785733950984,bot35,rtt,388
1785733951256,bot36,rtt,962
1785733951257,bot38,rtt,958
1785733951332,bot31,rtt,33
1785733951333,bot33,rtt,34
1785733951340,bot37,rtt,44
1785733951344,bot39,rtt,48
1785733951380,bot8,respawn
1785733951480,bot1,rtt,883
1785733951483,bot3,rtt,886
1785733951487,bot5,rtt,890
1785733951490,bot7,rtt,891
1785733951492,bot9,rtt,893
1785733951494,bot11,rtt,897
1785733951498,bot13,rtt,901
1785733951500,bot15,rtt,901
1785733951503,bot18,rtt,906
1785733951506,bot20,rtt,909
1785733951510,bot22,rtt,912
1785733951515,bot24,rtt,918
1785733951517,bot26,rtt,918
1785733951520,bot28,rtt,923
1785733951523,bot30,rtt,926
1785733951525,bot32,rtt,928
1785733951526,bot34,rtt,929
1785733951633,bot17,rtt,33
1785733951635,bot21,rtt,35
1785733951638,bot25,rtt,38
1785733951640,bot27,rtt,40
1785733951643,bot29,rtt,43
1785733951651,bot35,rtt,54
1785733951676,bot0,rtt,72
1785733951683,bot19,rtt,83
1785733951689,bot23,rtt,89
1785733951699,bot2,rtt,99
1785733951702,bot4,rtt,102
1785733951707,bot6,rtt,103
1785733951709,bot10,rtt,109
1785733951717,bot12,rtt,117
1785733951719,bot14,rtt,119
1785733951721,bot16,rtt,121
1785733951725,bot8,rtt,125
1785733951885,bot36,rtt,591
1785733951922,bot38,rtt,622
1785733952152,bot28,rtt,552
1785733952159,bot34,rtt,562
1785733952174,bot24,rtt,574
1785733952175,bot26,rtt,571
1785733952178,bot30,rtt,578
1785733952180,bot32,rtt,580
1785733952190,bot1,rtt,590
1785733952193,bot3,rtt,593
1785733952197,bot5,rtt,597
1785733952199,bot7,rtt,599
1785733952203,bot9,rtt,603
1785733952207,bot11,rtt,607
1785733952209,bot13,rtt,609
1785733952213,bot15,rtt,613
1785733952215,bot18,rtt,615
1785733952220,bot20,rtt,620
1785733952221,bot22,rtt,621
1785733952330,bot31,rtt,28
1785733952330,bot33,rtt,28
1785733952332,bot37,rtt,30
1785733952332,bot39,rtt,30
1785733952649,bot0,rtt,45
1785733952653,bot2,rtt,52
1785733952656,bot4,rtt,55
1785733952659,bot6,rtt,52
1785733952662,bot10,rtt,61
1785733952664,bot12,rtt,63
1785733952666,bot14,rtt,65
1785733952668,bot16,rtt,67
1785733952670,bot8,rtt,69
1785733952750,bot25,rtt,149
1785733952779,bot27,rtt,179
1785733952781,bot29,rtt,180
1785733952786,bot35,rtt,189
1785733952792,bot17,rtt,191
1785733952793,bot19,rtt,192
1785733952794,bot21,rtt,193
1785733952796,bot23,rtt,195
1785733952922,bot36,rtt,621
1785733952922,bot38,rtt,620
1785733953631,bot4,rtt,29
1785733953639,bot6,rtt,32
1785733953641,bot10,rtt,39
1785733953643,bot12,rtt,41
1785733953645,bot14,rtt,43
1785733953647,bot16,rtt,45
1785733953651,bot8,rtt,49
1785733953660,bot0,rtt,56
1785733953664,bot2,rtt,62
1785733953782,bot11,rtt,1181
1785733953783,bot15,rtt,1182
1785733953784,bot22,rtt,1183
1785733953861,bot9,rtt,1260
1785733953867,bot18,rtt,1266
1785733953867,bot20,rtt,1266
1785733953870,bot24,rtt,1269
1785733953872,bot26,rtt,1265
1785733953873,bot28,rtt,1273
1785733953874,bot30,rtt,1275
1785733953875,bot32,rtt,1275
1785733953877,bot34,rtt,1280
1785733953880,bot1,rtt,1279
1785733953882,bot3,rtt,1281
1785733953883,bot5,rtt,1282
1785733953892,bot13,rtt,1291
1785733953931,bot7,rtt,1330
1785733954368,bot31,rtt,1065
1785733954368,bot33,rtt,1065
1785733954376,bot37,rtt,1073
1785733954376,bot39,rtt,1073
1785733954556,bot27,rtt,956
1785733954557,bot29,rtt,955
1785733954564,bot35,rtt,967
1785733954580,bot17,rtt,978
1785733954582,bot19,rtt,980
1785733954584,bot21,rtt,982
1785733954588,bot23,rtt,986
1785733954592,bot25,rtt,990
1785733954765,bot0,rtt,155
1785733954767,bot2,rtt,164
1785733954769,bot4,rtt,166
1785733954771,bot6,rtt,161
1785733954775,bot10,rtt,172
1785733954777,bot12,rtt,175
1785733954780,bot14,rtt,177
1785733954781,bot16,rtt,178
1785733954783,bot8,rtt,180
1785733954916,bot36,rtt,1616
1785733954918,bot38,rtt,1615
1785733955076,bot26,rtt,1469
1785733955080,bot28,rtt,1480
1785733955124,bot37,rtt,822
1785733955133,bot39,rtt,831
1785733955139,bot1,rtt,1537
1785733955146,bot3,rtt,1544
1785733955208,bot31,rtt,906
1785733955210,bot33,rtt,907
1785733955213,bot5,rtt,1611
1785733955216,bot7,rtt,1614
1785733955220,bot9,rtt,1618
1785733955223,bot11,rtt,1621
1785733955225,bot13,rtt,1623
1785733955228,bot15,rtt,1626
1785733955229,bot18,rtt,1627
1785733955233,bot20,rtt,1631
1785733955236,bot22,rtt,1634
1785733955238,bot24,rtt,1636
1785733955242,bot30,rtt,1642
1785733955243,bot32,rtt,1643
1785733955244,bot34,rtt,1647
1785733955261,bot35,rtt,659
1785733955305,bot17,rtt,703
1785733955309,bot19,rtt,707
1785733955311,bot21,rtt,708
1785733955317,bot23,rtt,714
1785733955319,bot25,rtt,717
1785733955324,bot27,rtt,722
1785733955328,bot29,rtt,726
1785733955535,bot31,rtt,180
1785733955537,bot33,rtt,182
1785733955538,bot37,rtt,183
1785733955539,bot39,rtt,184
1785733955622,bot38,rtt,1319
1785733955656,bot23,rtt,53
1785733955658,bot25,rtt,55
1785733955661,bot27,rtt,58
1785733955663,bot29,rtt,60
1785733955671,bot35,rtt,68
1785733955705,bot17,rtt,102
1785733955708,bot19,rtt,105
1785733955710,bot21,rtt,107
1785733955721,bot36,rtt,1420
1785733955755,bot0,rtt,144
1785733955756,bot2,rtt,153
1785733955758,bot4,rtt,155
1785733955758,bot6,rtt,147
1785733955760,bot10,rtt,157
1785733955761,bot12,rtt,158
1785733955762,bot14,rtt,159
1785733955764,bot16,rtt,161
1785733955764,bot8,rtt,161
1785733955847,bot3,rtt,1245
1785733955853,bot5,rtt,1251
1785733955856,bot7,rtt,1253
1785733955859,bot9,rtt,1256
1785733955863,bot11,rtt,1261
1785733955867,bot13,rtt,1265
1785733955872,bot15,rtt,1269
1785733955874,bot18,rtt,1272
1785733955880,bot20,rtt,1278
1785733955883,bot22,rtt,1280
1785733955886,bot24,rtt,1284
1785733955890,bot26,rtt,1280
1785733955893,bot28,rtt,1291
1785733955900,bot30,rtt,1298
1785733955904,bot32,rtt,1302
1785733955907,bot34,rtt,1305
1785733955935,bot1,rtt,1333
1785733956227,bot36,rtt,872
1785733956228,bot38,rtt,873
1785733956261,bot5,rtt,658
1785733956270,bot18,rtt,667
1785733956272,bot20,rtt,669
1785733956275,bot24,rtt,672
1785733956276,bot26,rtt,665
1785733956280,bot30,rtt,677
1785733956282,bot34,rtt,679
1785733956291,bot1,rtt,688
1785733956292,bot3,rtt,689
1785733956294,bot11,rtt,691
1785733956323,bot7,rtt,719
1785733956324,bot9,rtt,720
1785733956326,bot13,rtt,723
1785733956328,bot15,rtt,725
1785733956331,bot22,rtt,728
1785733956335,bot28,rtt,732
1785733956337,bot32,rtt,734
1785733956460,bot31,rtt,70
1785733956482,bot33,rtt,92
1785733956484,bot37,rtt,94
1785733956485,bot39,rtt,95
1785733956638,bot16,rtt,33
1785733956639,bot17,rtt,34
1785733956668,bot35,rtt,64
1785733956676,bot4,rtt,71
1785733956681,bot6,rtt,70
1785733956685,bot10,rtt,80
1785733956708,bot2,rtt,103
1785733956711,bot12,rtt,106
1785733956713,bot14,rtt,108
1785733956726,bot8,rtt,121
1785733956732,bot19,rtt,127
1785733956735,bot21,rtt,130
1785733956738,bot23,rtt,133
1785733956742,bot25,rtt,137
1785733956747,bot27,rtt,143
1785733956750,bot29,rtt,145
1785733956756,bot0,rtt,146
1785733956799,bot36,rtt,409
1785733956800,bot38,rtt,410
1785733956859,bot34,rtt,255
1785733956881,bot1,rtt,276
1785733956885,bot3,rtt,280
1785733956888,bot5,rtt,283
1785733956891,bot7,rtt,285
1785733956893,bot9,rtt,287
1785733956897,bot11,rtt,292
1785733956900,bot13,rtt,295
1785733956902,bot15,rtt,297
1785733956904,bot18,rtt,299
1785733956907,bot20,rtt,302
1785733956911,bot22,rtt,306
1785733956913,bot24,rtt,308
1785733956915,bot26,rtt,304
1785733956918,bot28,rtt,314
1785733956919,bot30,rtt,315
1785733956921,bot32,rtt,317
1785733957430,bot31,rtt,40
1785733957431,bot33,rtt,41
1785733957433,bot37,rtt,43
1785733957434,bot39,rtt,44
1785733957462,bot36,rtt,72
1785733957463,bot38,rtt,73
1785733957624,bot0,rtt,13
1785733957626,bot2,rtt,19
1785733957627,bot4,rtt,20
1785733957629,bot6,rtt,17
1785733957632,bot10,rtt,25
1785733957634,bot12,rtt,29
1785733957637,bot14,rtt,30
1785733957639,bot16,rtt,32
1785733957643,bot8,rtt,36
1785733957647,bot17,rtt,42
1785733957649,bot21,rtt,42
1785733957652,bot23,rtt,45
1785733957653,bot25,rtt,48
1785733957657,bot27,rtt,52
1785733957660,bot29,rtt,55
1785733957670,bot35,rtt,66
1785733957715,bot19,rtt,110
1785733957724,bot1,rtt,119
1785733957726,bot3,rtt,121
1785733957730,bot5,rtt,125
1785733957732,bot7,rtt,125
1785733957736,bot9,rtt,129
1785733957738,bot11,rtt,131
1785733957742,bot13,rtt,135
1785733957745,bot15,rtt,138
1785733957748,bot18,rtt,143
1785733957751,bot20,rtt,146
1785733957754,bot22,rtt,147
1785733957757,bot24,rtt,152
1785733957761,bot26,rtt,149
1785733957765,bot28,rtt,160
1785733957768,bot30,rtt,164
1785733957773,bot32,rtt,169
1785733957778,bot34,rtt,174
1785733958442,bot31,rtt,40
1785733958443,bot33,rtt,40
1785733958445,bot37,rtt,43
1785733958446,bot39,rtt,44
1785733958472,bot36,rtt,70
1785733958473,bot38,rtt,70
1785733958634,bot0,rtt,23
1785733958635,bot2,rtt,28
1785733958637,bot4,rtt,30
1785733958640,bot6,rtt,28
1785733958643,bot10,rtt,36
1785733958646,bot12,rtt,40
1785733958652,bot14,rtt,45
1785733958656,bot16,rtt,49
1785733958669,bot8,rtt,62
1785733958674,bot17,rtt,67
1785733958678,bot19,rtt,73
1785733958683,bot21,rtt,76
1785733958685,bot23,rtt,78
1785733958690,bot25,rtt,84
1785733958694,bot27,rtt,89
1785733958698,bot29,rtt,91
1785733958708,bot35,rtt,103
1785733958747,bot1,rtt,142
1785733958753,bot3,rtt,147
1785733958755,bot5,rtt,149
1785733958758,bot7,rtt,151
1785733958763,bot9,rtt,156
1785733958766,bot11,rtt,159
1785733958770,bot13,rtt,163
1785733958774,bot15,rtt,167
1785733958780,bot18,rtt,173
1785733958782,bot20,rtt,177
1785733958787,bot22,rtt,180
1785733958790,bot24,rtt,184
1785733958795,bot26,rtt,183
1785733958798,bot28,rtt,193
1785733958801,bot30,rtt,196
1785733958805,bot32,rtt,200
1785733958812,bot34,rtt,207
1785733959434,bot31,rtt,30
1785733959435,bot33,rtt,31
1785733959436,bot37,rtt,32
1785733959437,bot39,rtt,33
1785733959644,bot17,rtt,35
1785733959646,bot19,rtt,41
1785733959647,bot21,rtt,38
1785733959649,bot23,rtt,40
1785733959651,bot25,rtt,46
1785733959655,bot27,rtt,50
1785733959658,bot29,rtt,49
1785733959667,bot35,rtt,62
1785733959676,bot0,rtt,64
1785733959682,bot2,rtt,73
1785733959686,bot4,rtt,77
1785733959690,bot6,rtt,78
1785733959694,bot10,rtt,85
1785733959698,bot12,rtt,93
1785733959701,bot14,rtt,92
1785733959705,bot16,rtt,96
1785733959709,bot8,rtt,100
1785733960443,bot31,rtt,33
1785733960444,bot33,rtt,34
1785733960448,bot37,rtt,38
1785733960458,bot39,rtt,48
1785733960515,bot38,rtt,1111
1785733960630,bot32,rtt,1025
1785733960632,bot7,rtt,1023
1785733960633,bot13,rtt,1024
1785733960634,bot17,rtt,24
1785733960635,bot19,rtt,29
1785733960635,bot21,rtt,25
1785733960636,bot23,rtt,26
1785733960637,bot25,rtt,31
1785733960638,bot27,rtt,32
1785733960639,bot29,rtt,29
1785733960641,bot35,rtt,35
1785733960644,bot0,rtt,32
1785733960675,bot15,rtt,1066
1785733960678,bot18,rtt,1069
1785733960684,bot34,rtt,1079
1785733960688,bot36,rtt,1284
1785733960692,bot1,rtt,1087
1785733960695,bot3,rtt,1090
1785733960697,bot5,rtt,1092
1785733960703,bot9,rtt,1094
1785733960706,bot11,rtt,1097
1785733960746,bot2,rtt,136
1785733960748,bot4,rtt,138
1785733960750,bot6,rtt,138
1785733960752,bot10,rtt,142
1785733960756,bot12,rtt,150
1785733960757,bot14,rtt,147
1785733960760,bot16,rtt,150
1785733960763,bot8,rtt,153
1785733960766,bot22,rtt,1157
1785733960769,bot24,rtt,1164
1785733960776,bot26,rtt,1164
1785733960781,bot28,rtt,1176
1785733960785,bot30,rtt,1180
1785733960788,bot20,rtt,1183
1785733961165,bot36,rtt,755
1785733961166,bot38,rtt,756
1785733961252,bot20,rtt,646
1785733961254,bot22,rtt,644
1785733961257,bot24,rtt,651
1785733961264,bot28,rtt,658
1785733961266,bot30,rtt,660
1785733961270,bot5,rtt,664
1785733961274,bot9,rtt,664
1785733961277,bot13,rtt,667
1785733961295,bot32,rtt,689
1785733961298,bot34,rtt,692
1785733961304,bot1,rtt,698
1785733961307,bot7,rtt,697
1785733961308,bot11,rtt,698
1785733961310,bot15,rtt,700
1785733961312,bot18,rtt,702
1785733961316,bot26,rtt,704
1785733961317,bot3,rtt,711
1785733961489,bot31,rtt,78
1785733961490,bot33,rtt,79
1785733961492,bot37,rtt,82
1785733961493,bot39,rtt,83
1785733961646,bot4,rtt,13
1785733961647,bot2,rtt,14
1785733961648,bot10,rtt,15
1785733961649,bot12,rtt,16
1785733961656,bot16,rtt,23
1785733961657,bot8,rtt,24
1785733961658,bot0,rtt,25
1785733961659,bot6,rtt,26
1785733961661,bot14,rtt,28
1785733961760,bot27,rtt,127
1785733961763,bot29,rtt,130
1785733961784,bot35,rtt,152
1785733961829,bot17,rtt,196
1785733961832,bot19,rtt,199
1785733961834,bot21,rtt,201
1785733961836,bot23,rtt,203
1785733961839,bot25,rtt,206
1785733961844,bot36,rtt,434
1785733961846,bot38,rtt,435
1785733961985,bot28,rtt,352
1785733961986,bot30,rtt,354
1785733961986,bot32,rtt,353
1785733961987,bot34,rtt,355
1785733962036,bot1,rtt,403
1785733962039,bot3,rtt,406
1785733962040,bot5,rtt,407
1785733962042,bot7,rtt,409
1785733962044,bot9,rtt,411
1785733962046,bot11,rtt,413
1785733962048,bot13,rtt,415
1785733962051,bot15,rtt,418
1785733962055,bot18,rtt,422
1785733962058,bot20,rtt,425
1785733962061,bot22,rtt,428
1785733962062,bot24,rtt,429
1785733962065,bot26,rtt,432
1785733962451,bot31,rtt,39
1785733962452,bot33,rtt,40
1785733962453,bot37,rtt,41
1785733962462,bot39,rtt,50
1785733962500,bot36,rtt,88
1785733962501,bot38,rtt,89
1785733962655,bot5,rtt,19
1785733962662,bot10,rtt,14
1785733962664,bot12,rtt,28
1785733962670,bot14,rtt,22
1785733962675,bot16,rtt,27
1785733962679,bot20,rtt,43
1785733962683,bot24,rtt,47
1785733962686,bot28,rtt,50
1785733962687,bot30,rtt,51
1785733962689,bot32,rtt,53
1785733962691,bot34,rtt,55
1785733962697,bot8,rtt,49
1785733962703,bot19,rtt,67
1785733962720,bot0,rtt,72
1785733962722,bot1,rtt,86
1785733962724,bot2,rtt,76
1785733962724,bot3,rtt,88
1785733962725,bot4,rtt,77
1785733962727,bot6,rtt,79
1785733962730,bot7,rtt,82
1785733962732,bot11,rtt,84
1785733962739,bot27,rtt,103
1785733962752,bot35,rtt,116
1785733962770,bot9,rtt,122
1785733962775,bot22,rtt,127
1785733962780,bot26,rtt,132
1785733962793,bot13,rtt,145
1785733962796,bot15,rtt,148
1785733962799,bot18,rtt,151
1785733962883,bot17,rtt,235
1785733962885,bot21,rtt,237
1785733962886,bot23,rtt,238
1785733962887,bot25,rtt,239
1785733962889,bot29,rtt,241
1785733963435,bot31,rtt,22
1785733963435,bot33,rtt,22
1785733963438,bot37,rtt,25
1785733963438,bot39,rtt,25
1785733963462,bot36,rtt,51
1785733963463,bot38,rtt,50
1785733963648,bot12,rtt,8
1785733963663,bot27,rtt,23
1785733963671,bot35,rtt,31
1785733963682,bot0,rtt,32
1785733963686,bot1,rtt,46
1785733963687,bot3,rtt,47
1785733963701,bot2,rtt,51
1785733963703,bot4,rtt,53
1785733963705,bot6,rtt,55
1785733963707,bot10,rtt,57
1785733963712,bot14,rtt,62
1785733963713,bot16,rtt,63
1785733963715,bot8,rtt,65
1785733963719,bot17,rtt,69
1785733963721,bot19,rtt,81
1785733963723,bot21,rtt,73
1785733963725,bot23,rtt,75
1785733963727,bot25,rtt,77
1785733963731,bot29,rtt,81
1785733963735,bot5,rtt,95
1785733963740,bot7,rtt,90
1785733963743,bot9,rtt,93
1785733963746,bot11,rtt,96
1785733963749,bot13,rtt,99
1785733963755,bot15,rtt,105
1785733963758,bot18,rtt,108
1785733963760,bot20,rtt,120
1785733963765,bot22,rtt,115
1785733963766,bot24,rtt,126
1785733963771,bot26,rtt,121
1785733963773,bot28,rtt,133
1785733963776,bot30,rtt,136
1785733963779,bot32,rtt,139
1785733963782,bot34,rtt,142
1785733964456,bot31,rtt,26
1785733964467,bot33,rtt,37
1785733964481,bot37,rtt,52
1785733964482,bot39,rtt,53
1785733964732,bot16,rtt,69
1785733964738,bot10,rtt,75
1785733964741,bot12,rtt,79
1785733964742,bot14,rtt,79
1785733964746,bot8,rtt,83
1785733964757,bot0,rtt,94
1785733964760,bot2,rtt,97
1785733964762,bot4,rtt,99
1785733964764,bot6,rtt,101
1785733964877,bot36,rtt,448
1785733964878,bot38,rtt,448
1785733964882,bot17,rtt,219
1785733964883,bot19,rtt,221
1785733964884,bot21,rtt,221
1785733964885,bot23,rtt,222
1785733964893,bot25,rtt,231
1785733964894,bot27,rtt,232
1785733964895,bot29,rtt,233
1785733964904,bot35,rtt,242
1785733965026,bot13,rtt,363
1785733965026,bot15,rtt,363
1785733965027,bot18,rtt,365
1785733965031,bot22,rtt,368
1785733965034,bot26,rtt,371
1785733965039,bot28,rtt,377
1785733965041,bot30,rtt,379
1785733965044,bot32,rtt,382
1785733965048,bot34,rtt,386
1785733965060,bot1,rtt,398
1785733965063,bot3,rtt,401
1785733965066,bot5,rtt,404
1785733965069,bot7,rtt,406
1785733965073,bot9,rtt,410
1785733965076,bot11,rtt,413
1785733965102,bot20,rtt,440
1785733965106,bot24,rtt,444
1785733965577,bot36,rtt,146
1785733965578,bot38,rtt,147
1785733965595,bot31,rtt,164
1785733965597,bot33,rtt,166
1785733965600,bot37,rtt,169
1785733965601,bot39,rtt,170
1785733965756,bot16,rtt,77
1785733965758,bot8,rtt,78
1785733965760,bot0,rtt,80
1785733965764,bot2,rtt,85
1785733965766,bot4,rtt,87
1785733965768,bot6,rtt,88
1785733965771,bot10,rtt,92
1785733965773,bot12,rtt,94
1785733965775,bot14,rtt,95
1785733965798,bot24,rtt,119
1785733965829,bot1,rtt,150
1785733965831,bot3,rtt,152
1785733965833,bot5,rtt,154
1785733965834,bot7,rtt,154
1785733965838,bot9,rtt,158
1785733965839,bot11,rtt,160
1785733965842,bot13,rtt,163
1785733965845,bot15,rtt,165
1785733965846,bot18,rtt,167
1785733965849,bot20,rtt,170
1785733965851,bot22,rtt,172
1785733965855,bot26,rtt,175
1785733965856,bot28,rtt,177
1785733965859,bot30,rtt,180
1785733965861,bot32,rtt,182
1785733965862,bot34,rtt,183
1785733965879,bot17,rtt,200
1785733965890,bot19,rtt,211
1785733965893,bot21,rtt,213
1785733965897,bot23,rtt,217
1785733965902,bot25,rtt,223
1785733965906,bot27,rtt,227
1785733965909,bot29,rtt,230
1785733965922,bot35,rtt,243
1785733966464,bot31,rtt,31
1785733966465,bot33,rtt,32
1785733966467,bot37,rtt,34
1785733966467,bot39,rtt,34
1785733966485,bot36,rtt,52
1785733966486,bot38,rtt,53
1785733966735,bot0,rtt,55
1785733966737,bot2,rtt,57
1785733966739,bot4,rtt,59
1785733966740,bot6,rtt,60
1785733966743,bot10,rtt,63
1785733966745,bot12,rtt,66
1785733966749,bot14,rtt,69
1785733966752,bot16,rtt,72
1785733966755,bot8,rtt,75
1785733966764,bot17,rtt,84
1785733966770,bot19,rtt,91
1785733966774,bot21,rtt,94
1785733966778,bot23,rtt,98
1785733966783,bot25,rtt,104
1785733966786,bot27,rtt,107
1785733966789,bot29,rtt,110
1785733966798,bot35,rtt,119
1785733966817,bot1,rtt,138
1785733966820,bot3,rtt,141
1785733966824,bot5,rtt,145
1785733966828,bot7,rtt,148
1785733966833,bot9,rtt,153
1785733966837,bot11,rtt,157
1785733966841,bot13,rtt,161
1785733966845,bot15,rtt,165
1785733966848,bot18,rtt,169
1785733966851,bot20,rtt,172
1785733966856,bot22,rtt,176
1785733966860,bot24,rtt,181
1785733966865,bot26,rtt,185
1785733966868,bot28,rtt,189
1785733966871,bot30,rtt,192
1785733966876,bot32,rtt,197
1785733966880,bot34,rtt,201
1785733967461,bot31,rtt,27
1785733967468,bot33,rtt,34
1785733967470,bot37,rtt,36
1785733967471,bot39,rtt,37
1785733967501,bot36,rtt,67
1785733967502,bot38,rtt,65
1785733967746,bot4,rtt,57
1785733967750,bot10,rtt,61
1785733967754,bot12,rtt,65
1785733967756,bot14,rtt,67
1785733967762,bot16,rtt,73
1785733967769,bot8,rtt,80
1785733967785,bot0,rtt,96
1785733967787,bot2,rtt,98
1785733967790,bot6,rtt,101
1785733967797,bot1,rtt,108
1785733967804,bot7,rtt,115
1785733967805,bot9,rtt,116
1785733967813,bot28,rtt,124
1785733967869,bot3,rtt,180
1785733967874,bot17,rtt,185
1785733967876,bot19,rtt,187
1785733967878,bot21,rtt,189
1785733967881,bot23,rtt,192
1785733967882,bot5,rtt,193
1785733967891,bot11,rtt,202
1785733967893,bot13,rtt,204
1785733967897,bot15,rtt,208
1785733967899,bot18,rtt,210
1785733967901,bot20,rtt,212
1785733967905,bot22,rtt,216
1785733967906,bot24,rtt,217
1785733967908,bot26,rtt,219
1785733967914,bot30,rtt,225
1785733967917,bot32,rtt,228
1785733967918,bot34,rtt,229
1785733967927,bot25,rtt,238
1785733967929,bot27,rtt,240
1785733967931,bot29,rtt,242
1785733967939,bot35,rtt,251
1785733968464,bot31,rtt,29
1785733968465,bot33,rtt,30
1785733968487,bot37,rtt,52
1785733968488,bot39,rtt,53
1785733968494,bot36,rtt,59
1785733968496,bot38,rtt,56
1785733968741,bot6,rtt,52
1785733968743,bot10,rtt,54
1785733968746,bot12,rtt,57
1785733968750,bot14,rtt,61
1785733968754,bot16,rtt,65
1785733968757,bot8,rtt,68
1785733968783,bot3,rtt,94
1785733968787,bot5,rtt,98
1785733968789,bot7,rtt,100
1785733968793,bot9,rtt,104
1785733968796,bot11,rtt,107
1785733968798,bot13,rtt,109
1785733968802,bot15,rtt,113
1785733968804,bot18,rtt,115
1785733968807,bot0,rtt,118
1785733968808,bot2,rtt,119
1785733968810,bot4,rtt,121
1785733968813,bot17,rtt,124
1785733968816,bot19,rtt,127
1785733968819,bot21,rtt,130
1785733968822,bot23,rtt,133
1785733968824,bot20,rtt,135
1785733968827,bot22,rtt,138
1785733968831,bot24,rtt,142
1785733968838,bot26,rtt,149
1785733968842,bot28,rtt,153
1785733968847,bot30,rtt,158
1785733968849,bot32,rtt,160
1785733968853,bot34,rtt,164
1785733968869,bot1,rtt,180
1785733968877,bot25,rtt,188
1785733968881,bot27,rtt,192
1785733968885,bot29,rtt,196
1785733968906,bot35,rtt,218
1785733969458,bot31,rtt,16
1785733969460,bot33,rtt,18
1785733969494,bot36,rtt,52
1785733969495,bot38,rtt,51
1785733969495,bot37,rtt,53
1785733969498,bot39,rtt,56
1785733969738,bot0,rtt,47
1785733969741,bot2,rtt,51
1785733969745,bot4,rtt,55
1785733969751,bot6,rtt,60
1785733969757,bot10,rtt,67
1785733969760,bot12,rtt,70
1785733969762,bot14,rtt,72
1785733969765,bot16,rtt,75
1785733969769,bot8,rtt,78
1785733969774,bot1,rtt,84
1785733969777,bot3,rtt,87
1785733969781,bot5,rtt,91
1785733969785,bot7,rtt,94
1785733969788,bot9,rtt,97
1785733969791,bot11,rtt,101
1785733969796,bot13,rtt,106
1785733969800,bot15,rtt,110
1785733969805,bot18,rtt,115
1785733969831,bot19,rtt,142
1785733969833,bot21,rtt,143
1785733969839,bot17,rtt,149
1785733969844,bot25,rtt,154
1785733969847,bot27,rtt,158
1785733969850,bot29,rtt,160
1785733969858,bot35,rtt,169
1785733969863,bot23,rtt,173
1785733969867,bot20,rtt,178
1785733969869,bot22,rtt,179
1785733969873,bot24,rtt,183
1785733969878,bot26,rtt,187
1785733969881,bot28,rtt,192
1785733969888,bot30,rtt,199
1785733969895,bot32,rtt,206
1785733969906,bot34,rtt,217
1785733970463,bot31,rtt,20
1785733970464,bot33,rtt,21
1785733970473,bot37,rtt,30
1785733970474,bot39,rtt,31
1785733970490,bot36,rtt,47
1785733970492,bot38,rtt,48
1785733970745,bot16,rtt,54
1785733970747,bot8,rtt,56
1785733970750,bot1,rtt,59
1785733970757,bot0,rtt,66
1785733970758,bot2,rtt,67
1785733970761,bot4,rtt,70
1785733970763,bot6,rtt,72
1785733970765,bot10,rtt,74
1785733970768,bot12,rtt,77
1785733970770,bot14,rtt,79
1785733970774,bot3,rtt,83
1785733970778,bot5,rtt,87
1785733970780,bot7,rtt,89
1785733970784,bot9,rtt,93
1785733970787,bot11,rtt,96
1785733970792,bot13,rtt,101
1785733970795,bot15,rtt,104
1785733970798,bot18,rtt,107
1785733970802,bot20,rtt,112
1785733970804,bot22,rtt,113
1785733970808,bot24,rtt,117
1785733970811,bot26,rtt,120
1785733970814,bot28,rtt,124
1785733970818,bot30,rtt,129
1785733970821,bot32,rtt,132
1785733970827,bot34,rtt,138
1785733970838,bot17,rtt,147
1785733970841,bot19,rtt,151
1785733970844,bot21,rtt,153
1785733970848,bot23,rtt,157
1785733970851,bot25,rtt,160
1785733970856,bot27,rtt,166
1785733970860,bot29,rtt,169
1785733970873,bot35,rtt,184
1785733971470,bot36,rtt,28
1785733971487,bot38,rtt,43
1785733971495,bot31,rtt,53
1785733971497,bot33,rtt,53
1785733971499,bot37,rtt,57
1785733971501,bot39,rtt,59
1785733971730,bot8,rtt,38
1785733971763,bot24,rtt,71
1785733971766,bot26,rtt,74
1785733971768,bot28,rtt,79
1785733971774,bot30,rtt,85
1785733971778,bot32,rtt,89
1785733971779,bot34,rtt,90
1785733971791,bot17,rtt,99
1785733971794,bot19,rtt,105
1785733971797,bot21,rtt,105
1785733971802,bot23,rtt,110
1785733971804,bot25,rtt,112
1785733971809,bot27,rtt,120
1785733971812,bot29,rtt,120
1785733971824,bot35,rtt,135
1785733971862,bot7,rtt,170
1785733971863,bot0,rtt,171
1785733971868,bot2,rtt,176
1785733971871,bot4,rtt,179
1785733971875,bot6,rtt,183
1785733971878,bot10,rtt,186
1785733971883,bot12,rtt,191
1785733971886,bot14,rtt,194
1785733971899,bot16,rtt,207
1785733971903,bot1,rtt,212
1785733971906,bot3,rtt,215
1785733971909,bot5,rtt,217
1785733971912,bot9,rtt,220
1785733971915,bot11,rtt,223
1785733971917,bot13,rtt,225
1785733971918,bot15,rtt,226
1785733971920,bot18,rtt,228
1785733971922,bot20,rtt,233
1785733971924,bot22,rtt,232
1785733972523,bot31,rtt,63
1785733972523,bot33,rtt,63
1785733972524,bot37,rtt,64
1785733972525,bot39,rtt,65
1785733972547,bot38,rtt,87
1785733972563,bot36,rtt,103
1785733972728,bot2,rtt,36
1785733972730,bot12,rtt,38
1785733972735,bot6,rtt,43
1785733972736,bot10,rtt,44
1785733972741,bot14,rtt,49
1785733972744,bot16,rtt,52
1785733972746,bot8,rtt,54
1785733972749,bot0,rtt,57
1785733972764,bot4,rtt,72
1785733972778,bot5,rtt,86
1785733972782,bot7,rtt,90
1785733972784,bot9,rtt,92
1785733972789,bot11,rtt,97
1785733972795,bot13,rtt,103
1785733972799,bot15,rtt,107
1785733972801,bot18,rtt,109
1785733972805,bot17,rtt,113
1785733972812,bot19,rtt,122
1785733972816,bot21,rtt,124
1785733972821,bot23,rtt,129
1785733972823,bot25,rtt,131
1785733972826,bot27,rtt,136
1785733972831,bot29,rtt,139
1785733972840,bot35,rtt,151
1785733972850,bot20,rtt,160
1785733972854,bot22,rtt,162
1785733972857,bot24,rtt,165
1785733972860,bot26,rtt,168
1785733972869,bot28,rtt,179
1785733972875,bot30,rtt,186
1785733972879,bot32,rtt,190
1785733972881,bot34,rtt,192
1785733972932,bot1,rtt,240
1785733972934,bot3,rtt,242
1785733973465,bot3,respawn
1785733973539,bot31,rtt,63
1785733973540,bot33,rtt,64
1785733973555,bot37,rtt,79
1785733973557,bot39,rtt,81
1785733973585,bot36,rtt,109
1785733973586,bot38,rtt,110
1785733973734,bot0,rtt,41
1785733973735,bot2,rtt,42
1785733973736,bot4,rtt,43
1785733973738,bot6,rtt,45
1785733973742,bot10,rtt,49
1785733973745,bot12,rtt,52
1785733973748,bot14,rtt,55
1785733973751,bot16,rtt,58
1785733973755,bot8,rtt,62
1785733973763,bot1,rtt,70
1785733973766,bot5,rtt,73
1785733973771,bot7,rtt,78
1785733973773,bot9,rtt,80
1785733973779,bot11,rtt,86
1785733973783,bot13,rtt,90
1785733973786,bot15,rtt,93
1785733973791,bot18,rtt,98
1785733973793,bot20,rtt,102
1785733973799,bot22,rtt,106
1785733973802,bot24,rtt,109
1785733973805,bot26,rtt,112
1785733973810,bot28,rtt,119
1785733973812,bot30,rtt,121
1785733973819,bot32,rtt,128
1785733973822,bot34,rtt,131
1785733973861,bot17,rtt,168
1785733973865,bot19,rtt,174
1785733973867,bot21,rtt,174
1785733973870,bot23,rtt,177
1785733973873,bot25,rtt,180
1785733973876,bot27,rtt,185
1785733973879,bot29,rtt,186
1785733973888,bot35,rtt,197
1785733973911,bot3,rtt,218
1785733974555,bot31,rtt,78
1785733974556,bot33,rtt,79
1785733974560,bot37,rtt,83
1785733974561,bot39,rtt,84
1785733974586,bot36,rtt,109
1785733974587,bot38,rtt,110
1785733974728,bot0,rtt,30
1785733974733,bot2,rtt,35
1785733974736,bot4,rtt,38
1785733974738,bot6,rtt,40
1785733974740,bot10,rtt,42
1785733974743,bot12,rtt,45
1785733974746,bot14,rtt,48
1785733974749,bot16,rtt,51
1785733974753,bot8,rtt,55
1785733974773,bot1,rtt,75
1785733974775,bot5,rtt,77
1785733974780,bot7,rtt,82
1785733974782,bot9,rtt,84
1785733974787,bot11,rtt,89
1785733974791,bot13,rtt,93
1785733974795,bot15,rtt,97
1785733974799,bot18,rtt,101
1785733974804,bot20,rtt,106
1785733974808,bot22,rtt,110
1785733974812,bot24,rtt,114
1785733974817,bot26,rtt,119
1785733974822,bot28,rtt,124
1785733974825,bot30,rtt,127
1785733974829,bot32,rtt,131
1785733974832,bot34,rtt,134
1785733974844,bot3,rtt,146
1785733974848,bot17,rtt,150
1785733974852,bot19,rtt,154
1785733974855,bot21,rtt,157
1785733974859,bot23,rtt,161
1785733974862,bot25,rtt,164
1785733974866,bot27,rtt,168
1785733974869,bot29,rtt,171
1785733974879,bot35,rtt,181
1785733975531,bot31,rtt,27
1785733975532,bot33,rtt,28
1785733975533,bot37,rtt,29
1785733975534,bot39,rtt,30
1785733975567,bot36,rtt,63
1785733975568,bot38,rtt,64
1785733975723,bot4,rtt,16
1785733975725,bot12,rtt,18
1785733975726,bot14,rtt,19
1785733975727,bot16,rtt,20
1785733975728,bot8,rtt,21
1785733975728,bot0,rtt,21
1785733975730,bot2,rtt,23
1785733975732,bot6,rtt,25
1785733975732,bot10,rtt,25
1785733975759,bot17,rtt,52
1785733975765,bot23,rtt,58
1785733975768,bot25,rtt,61
1785733975774,bot27,rtt,67
1785733975776,bot29,rtt,69
1785733975793,bot15,rtt,86
1785733975797,bot20,rtt,90
1785733975801,bot24,rtt,94
1785733975807,bot30,rtt,100
1785733975809,bot32,rtt,102
1785733975850,bot1,rtt,143
1785733975857,bot35,rtt,157
1785733975863,bot19,rtt,156
1785733975864,bot21,rtt,157
1785733975868,bot5,rtt,161
1785733975868,bot7,rtt,161
1785733975870,bot9,rtt,163
1785733975871,bot11,rtt,164
1785733975873,bot13,rtt,166
1785733975876,bot18,rtt,169
1785733975878,bot22,rtt,171
1785733975883,bot26,rtt,176
1785733975883,bot28,rtt,176
1785733975888,bot34,rtt,181
1785733975893,bot3,rtt,186
1785733976072,bot2,respawn
1785733976547,bot31,rtt,44
1785733976549,bot33,rtt,46
1785733976551,bot37,rtt,48
1785733976557,bot39,rtt,54
1785733976587,bot36,rtt,84
1785733976589,bot38,rtt,85
1785733976732,bot22,rtt,24
1785733976737,bot34,rtt,30
1785733976748,bot12,rtt,41
1785733976752,bot14,rtt,44
1785733976755,bot16,rtt,47
1785733976758,bot8,rtt,50
1785733976774,bot2,rtt,66
1785733976778,bot17,rtt,70
1785733976782,bot19,rtt,75
1785733976786,bot21,rtt,78
1785733976791,bot23,rtt,83
1785733976794,bot25,rtt,87
1785733976799,bot27,rtt,92
1785733976802,bot29,rtt,94
1785733976813,bot35,rtt,112
1785733976857,bot24,rtt,150
1785733976859,bot26,rtt,151
1785733976862,bot28,rtt,155
1785733976865,bot30,rtt,158
1785733976868,bot32,rtt,161
1785733976874,bot0,rtt,166
1785733976878,bot4,rtt,170
1785733976879,bot6,rtt,171
1785733976881,bot10,rtt,173
1785733976904,bot3,rtt,197
1785733976928,bot1,rtt,221
1785733976933,bot5,rtt,226
1785733976936,bot7,rtt,228
