1785734770506,bot0,spawn
1785734770698,bot1,spawn
1785734771028,bot2,spawn
1785734771545,bot3,spawn
1785734771552,bot0,rtt,45
1785734771742,bot1,rtt,44
1785734772032,bot4,spawn
1785734772076,bot2,rtt,44
1785734772554,bot0,rtt,47
1785734772604,bot3,rtt,57
1785734772614,bot5,spawn
1785734772747,bot1,rtt,45
1785734773093,bot4,rtt,49
1785734773095,bot2,rtt,51
1785734773100,bot6,spawn
1785734773553,bot7,spawn
1785734773598,bot0,rtt,80
1785734773642,bot3,rtt,90
1785734773661,bot5,rtt,46
1785734773754,bot1,rtt,52
1785734774108,bot4,rtt,64
1785734774119,bot2,rtt,75
1785734774185,bot6,rtt,54
1785734774195,bot8,spawn
1785734774610,bot0,rtt,81
1785734774640,bot3,rtt,56
1785734774644,bot7,rtt,59
1785734774692,bot5,rtt,58
1785734774804,bot1,rtt,56
1785734774810,bot9,spawn
1785734775212,bot2,rtt,141
1785734775243,bot4,rtt,172
1785734775369,bot6,rtt,205
1785734775396,bot8,rtt,137
1785734775682,bot0,rtt,87
1785734775938,bot5,rtt,87
1785734775969,bot7,rtt,118
1785734776072,bot1,rtt,221
1785734776114,bot9,rtt,263
1785734776314,bot10,spawn
1785734776364,bot3,rtt,514
1785734776623,bot2,rtt,262
1785734776789,bot4,rtt,428
1785734776855,bot6,rtt,494
1785734776951,bot8,rtt,590
1785734777215,bot3,rtt,95
1785734777294,bot5,rtt,174
1785734777378,bot7,rtt,258
1785734777450,bot0,rtt,330
1785734777602,bot1,rtt,482
1785734777703,bot9,rtt,583
1785734778357,bot3,rtt,120
1785734778470,bot5,rtt,233
1785734778636,bot7,rtt,399
1785734778686,bot0,rtt,449
1785734778793,bot2,rtt,556
1785734778820,bot1,rtt,583
1785734778884,bot9,rtt,647
1785734779000,bot4,rtt,763
1785734779117,bot6,rtt,880
1785734779230,bot8,rtt,993
1785734779361,bot10,rtt,1125
1785734779667,bot5,rtt,154
1785734779772,bot7,rtt,259
1785734779806,bot0,rtt,293
1785734779811,bot2,rtt,298
1785734779814,bot1,rtt,301
1785734779877,bot9,rtt,364
1785734779918,bot4,rtt,405
1785734779964,bot6,rtt,451
1785734780031,bot8,rtt,518
1785734780101,bot10,rtt,588
1785734780280,bot3,rtt,767
1785734780614,bot4,rtt,51
1785734780616,bot6,rtt,53
1785734780631,bot8,rtt,68
1785734780639,bot11,spawn
1785734780669,bot3,rtt,106
1785734780670,bot5,rtt,107
1785734780671,bot7,rtt,108
1785734780676,bot0,rtt,113
1785734780679,bot2,rtt,116
1785734780680,bot1,rtt,117
1785734780681,bot9,rtt,118
1785734780717,bot10,rtt,154
1785734780938,bot12,spawn
1785734781035,bot13,spawn
1785734781154,bot14,spawn
1785734781251,bot15,spawn
1785734781256,bot16,spawn
1785734781259,bot17,spawn
1785734781370,bot18,spawn
1785734781379,bot19,spawn
1785734781497,bot21,spawn
1785734781501,bot20,spawn
1785734781738,bot8,rtt,68
1785734781759,bot11,rtt,89
1785734781784,bot10,rtt,115
1785734782031,bot3,rtt,361
1785734782034,bot5,rtt,364
1785734782043,bot7,rtt,373
1785734782047,bot0,rtt,377
1785734782054,bot2,rtt,384
1785734782057,bot1,rtt,387
1785734782066,bot9,rtt,396
1785734782074,bot4,rtt,404
1785734782084,bot6,rtt,414
1785734782267,bot12,rtt,238
1785734782683,bot22,spawn
1785734782788,bot3,rtt,50
1785734782795,bot5,rtt,56
1785734782800,bot7,rtt,62
1785734782807,bot0,rtt,69
1785734782812,bot2,rtt,74
1785734782818,bot1,rtt,79
1785734782822,bot9,rtt,83
1785734782827,bot4,rtt,89
1785734782832,bot6,rtt,94
1785734782838,bot8,rtt,100
1785734782916,bot11,rtt,177
1785734782996,bot10,rtt,258
1785734783209,bot17,rtt,471
1785734783327,bot14,rtt,589
1785734783445,bot21,rtt,707
1785734783546,bot20,rtt,808
1785734783709,bot19,rtt,971
1785734784091,bot4,rtt,57
1785734784097,bot6,rtt,63
1785734784106,bot8,rtt,71
1785734784250,bot11,rtt,215
1785734784277,bot10,rtt,243
1785734784305,bot13,rtt,1567
1785734784463,bot13,rtt,429
1785734784695,bot15,rtt,1957
1785734784744,bot16,rtt,2006
1785734784888,bot17,rtt,854
1785734785105,bot14,rtt,1071
1785734785239,bot18,rtt,2501
1785734785385,bot18,rtt,1351
1785734785609,bot21,rtt,1575
1785734785851,bot20,rtt,1817
1785734786099,bot19,rtt,2065
1785734786450,bot22,rtt,2416
1785734786764,bot3,rtt,2730
1785734786776,bot5,rtt,2741
1785734786789,bot7,rtt,2755
1785734786803,bot0,rtt,2769
1785734786818,bot2,rtt,2784
1785734786833,bot2,rtt,71
1785734786834,bot1,rtt,2799
1785734786842,bot1,rtt,80
1785734786843,bot9,rtt,2808
1785734786852,bot9,rtt,90
1785734786863,bot4,rtt,101
1785734786872,bot6,rtt,110
1785734786882,bot8,rtt,120
1785734787143,bot11,rtt,380
1785734787193,bot10,rtt,431
1785734787401,bot13,rtt,639
1785734787617,bot15,rtt,3583
1785734787875,bot15,rtt,1113
1785734788289,bot17,rtt,1527
1785734788597,bot14,rtt,1835
1785734788860,bot18,rtt,2098
1785734789123,bot21,rtt,2361
1785734789378,bot20,rtt,2616
1785734789673,bot19,rtt,2911
1785734789853,bot22,rtt,3091
1785734790079,bot23,spawn
1785734790158,bot3,rtt,3396
1785734790175,bot5,rtt,3413
1785734790190,bot7,rtt,3428
1785734790201,bot0,rtt,3439
1785734790213,bot0,rtt,57
1785734790225,bot2,rtt,69
1785734790235,bot1,rtt,79
1785734790247,bot9,rtt,90
1785734790260,bot4,rtt,104
1785734790272,bot6,rtt,116
1785734790285,bot8,rtt,129
1785734790309,bot11,rtt,152
1785734790320,bot10,rtt,164
1785734790376,bot13,rtt,220
1785734790400,bot12,rtt,6367
1785734790462,bot15,rtt,306
1785734790535,bot16,rtt,6501
1785734790663,bot17,rtt,507
1785734790669,bot14,rtt,513
1785734790676,bot18,rtt,520
1785734790680,bot21,rtt,524
1785734790684,bot20,rtt,528
1785734790687,bot19,rtt,531
1785734790691,bot22,rtt,535
1785734790751,bot3,rtt,595
1785734790756,bot5,rtt,600
1785734790760,bot7,rtt,604
1785734791274,bot16,rtt,4512
1785734791515,bot16,rtt,1359
1785734791561,bot23,rtt,429
1785734791669,bot7,rtt,46
1785734791674,bot0,rtt,51
1785734791677,bot2,rtt,54
1785734791681,bot1,rtt,58
1785734791685,bot9,rtt,62
1785734791690,bot4,rtt,68
1785734791695,bot6,rtt,72
1785734791699,bot8,rtt,76
1785734791702,bot11,rtt,79
1785734791706,bot10,rtt,84
1785734791711,bot13,rtt,89
1785734791811,bot15,rtt,189
1785734791816,bot16,rtt,194
1785734791819,bot17,rtt,197
1785734791822,bot14,rtt,200
1785734791825,bot18,rtt,203
1785734791827,bot21,rtt,205
1785734791830,bot20,rtt,208
1785734791832,bot19,rtt,210
1785734791834,bot22,rtt,212
1785734791902,bot3,rtt,279
1785734791905,bot5,rtt,282
1785734791933,bot12,rtt,5172
1785734792075,bot24,spawn
1785734792188,bot12,rtt,2033
1785734792195,bot12,rtt,573
1785734792327,bot26,spawn
1785734792332,bot25,spawn
1785734792445,bot23,rtt,166
1785734792495,bot27,spawn
1785734792499,bot28,spawn
1785734792626,bot29,spawn
1785734792770,bot3,rtt,112
1785734792772,bot5,rtt,114
1785734792774,bot7,rtt,116
1785734792775,bot0,rtt,118
1785734792777,bot2,rtt,120
1785734792779,bot1,rtt,121
1785734792780,bot9,rtt,122
1785734792794,bot4,rtt,137
1785734792796,bot6,rtt,139
1785734792797,bot8,rtt,140
1785734792799,bot11,rtt,141
1785734792800,bot10,rtt,143
1785734792802,bot13,rtt,145
1785734792803,bot12,rtt,146
1785734792804,bot15,rtt,147
1785734792805,bot16,rtt,148
1785734792806,bot17,rtt,149
1785734792807,bot14,rtt,150
1785734792809,bot18,rtt,152
1785734792810,bot21,rtt,153
1785734792811,bot20,rtt,154
1785734792812,bot19,rtt,155
1785734792823,bot22,rtt,166
1785734793261,bot24,rtt,97
1785734793554,bot23,rtt,86
1785734793617,bot26,rtt,149
1785734793648,bot25,rtt,180
1785734793954,bot27,rtt,185
1785734793999,bot29,rtt,230
1785734794015,bot28,rtt,246
1785734794120,bot3,rtt,350
1785734794124,bot5,rtt,354
1785734794127,bot7,rtt,357
1785734794129,bot0,rtt,359
1785734794133,bot2,rtt,364
1785734794137,bot1,rtt,367
1785734794140,bot9,rtt,370
1785734794146,bot4,rtt,377
1785734794149,bot6,rtt,379
1785734794153,bot8,rtt,383
1785734794157,bot11,rtt,387
1785734794160,bot10,rtt,391
1785734794164,bot13,rtt,395
1785734794167,bot12,rtt,398
1785734794170,bot15,rtt,401
1785734794174,bot16,rtt,405
1785734794178,bot17,rtt,409
1785734794183,bot14,rtt,414
1785734794188,bot18,rtt,419
1785734794192,bot21,rtt,423
1785734794197,bot20,rtt,428
1785734794204,bot19,rtt,435
1785734794209,bot22,rtt,440
1785734794957,bot0,rtt,71
1785734794964,bot2,rtt,78
1785734794970,bot1,rtt,84
1785734794975,bot9,rtt,89
1785734794981,bot4,rtt,95
1785734794990,bot6,rtt,104
1785734795000,bot8,rtt,114
1785734795007,bot11,rtt,121
1785734795013,bot10,rtt,127
1785734795018,bot13,rtt,133
1785734795024,bot12,rtt,139
1785734795030,bot15,rtt,145
1785734795036,bot16,rtt,151
1785734795040,bot17,rtt,154
1785734795044,bot14,rtt,159
1785734795051,bot18,rtt,165
1785734795055,bot21,rtt,169
1785734795060,bot20,rtt,174
1785734795065,bot19,rtt,179
1785734795069,bot22,rtt,184
1785734795145,bot23,rtt,260
1785734795251,bot24,rtt,366
1785734795357,bot26,rtt,472
1785734795475,bot25,rtt,590
1785734795588,bot27,rtt,703
1785734795703,bot29,rtt,818
1785734795819,bot28,rtt,934
1785734796000,bot3,rtt,1114
1785734796007,bot5,rtt,1121
1785734796016,bot7,rtt,1130
1785734796051,bot8,rtt,53
1785734796056,bot11,rtt,58
1785734796062,bot10,rtt,64
1785734796068,bot13,rtt,70
1785734796072,bot12,rtt,75
1785734796076,bot15,rtt,78
1785734796081,bot16,rtt,83
1785734796088,bot17,rtt,90
1785734796094,bot14,rtt,96
1785734796099,bot18,rtt,101
1785734796104,bot21,rtt,106
1785734796109,bot20,rtt,111
1785734796114,bot19,rtt,116
1785734796118,bot22,rtt,120
1785734796144,bot23,rtt,147
1785734796225,bot24,rtt,228
1785734796374,bot25,rtt,377
1785734796469,bot27,rtt,472
1785734796673,bot29,rtt,676
1785734796771,bot28,rtt,774
1785734796893,bot3,rtt,895
1785734796897,bot5,rtt,899
1785734796901,bot7,rtt,903
1785734796904,bot0,rtt,906
1785734796910,bot2,rtt,912
1785734796913,bot1,rtt,915
1785734796916,bot9,rtt,918
1785734796919,bot4,rtt,921
1785734796923,bot6,rtt,925
1785734797089,bot26,rtt,1092
1785734797744,bot18,rtt,48
1785734797747,bot21,rtt,51
1785734797750,bot20,rtt,54
1785734797755,bot19,rtt,59
1785734797759,bot22,rtt,63
1785734797761,bot23,rtt,66
1785734797823,bot24,rtt,128
1785734797887,bot26,rtt,192
1785734797944,bot25,rtt,249
1785734797992,bot27,rtt,297
1785734798032,bot29,rtt,336
1785734798073,bot28,rtt,377
1785734798145,bot3,rtt,449
1785734798148,bot5,rtt,452
1785734798151,bot7,rtt,455
1785734798198,bot0,rtt,502
1785734798201,bot2,rtt,505
1785734798241,bot1,rtt,545
1785734798245,bot9,rtt,549
1785734798251,bot4,rtt,555
1785734798254,bot6,rtt,558
1785734798257,bot8,rtt,561
1785734798260,bot11,rtt,564
1785734798264,bot10,rtt,568
1785734798267,bot13,rtt,571
1785734798270,bot12,rtt,574
1785734798274,bot15,rtt,578
1785734798280,bot16,rtt,584
1785734798285,bot17,rtt,589
1785734798289,bot14,rtt,593
1785734798886,bot1,rtt,47
1785734798889,bot9,rtt,50
1785734798892,bot4,rtt,53
1785734798895,bot6,rtt,56
1785734798900,bot8,rtt,61
1785734798904,bot11,rtt,65
1785734798908,bot10,rtt,69
1785734798944,bot13,rtt,105
1785734798947,bot12,rtt,108
1785734798950,bot15,rtt,111
1785734798954,bot16,rtt,115
1785734798960,bot17,rtt,121
1785734798964,bot14,rtt,125
1785734798966,bot18,rtt,127
1785734798969,bot21,rtt,130
1785734798972,bot20,rtt,133
1785734798975,bot19,rtt,136
1785734798978,bot22,rtt,139
1785734798984,bot23,rtt,146
1785734799028,bot24,rtt,190
1785734799082,bot26,rtt,244
1785734799143,bot25,rtt,305
1785734799236,bot27,rtt,397
1785734799304,bot29,rtt,465
1785734799371,bot28,rtt,532
1785734799481,bot3,rtt,642
1785734799485,bot5,rtt,646
1785734799488,bot7,rtt,649
1785734799491,bot0,rtt,652
1785734799494,bot2,rtt,655
1785734799886,bot21,rtt,46
1785734799887,bot22,rtt,49
1785734799888,bot23,rtt,50
1785734799890,bot25,rtt,52
1785734799891,bot24,rtt,53
1785734799892,bot27,rtt,54
1785734799894,bot26,rtt,56
1785734799895,bot29,rtt,57
1785734799896,bot28,rtt,58
1785734799910,bot0,rtt,70
1785734799910,bot15,rtt,70
1785734799911,bot1,rtt,71
1785734799912,bot2,rtt,72
1785734799913,bot3,rtt,73
1785734799914,bot4,rtt,74
1785734799914,bot5,rtt,74
1785734799915,bot6,rtt,75
1785734799916,bot7,rtt,76
1785734799926,bot8,rtt,86
1785734799927,bot9,rtt,87
1785734799928,bot10,rtt,88
1785734799930,bot11,rtt,90
1785734799930,bot12,rtt,92
1785734799932,bot13,rtt,92
1785734799933,bot14,rtt,93
1785734799934,bot17,rtt,94
1785734799935,bot16,rtt,95
1785734799936,bot19,rtt,96
1785734799941,bot18,rtt,101
1785734799942,bot20,rtt,102
1785734800891,bot22,rtt,48
1785734800891,bot25,rtt,48
1785734800892,bot27,rtt,49
1785734800893,bot29,rtt,50
1785734800905,bot3,rtt,55
1785734800907,bot2,rtt,57
1785734800907,bot5,rtt,57
1785734800908,bot4,rtt,58
1785734800909,bot7,rtt,59
1785734800909,bot9,rtt,59
1785734800910,bot6,rtt,60
1785734800911,bot11,rtt,61
1785734800912,bot8,rtt,62
1785734800912,bot13,rtt,62
1785734800913,bot10,rtt,63
1785734800914,bot17,rtt,64
1785734800915,bot19,rtt,65
1785734800915,bot12,rtt,72
1785734800916,bot21,rtt,66
1785734800917,bot14,rtt,67
1785734800918,bot23,rtt,75
1785734800920,bot16,rtt,70
1785734800921,bot24,rtt,78
1785734800922,bot26,rtt,79
1785734800924,bot18,rtt,74
1785734800925,bot28,rtt,82
1785734800932,bot20,rtt,82
1785734800936,bot15,rtt,86
1785734800938,bot0,rtt,88
1785734800939,bot1,rtt,89
1785734801903,bot23,rtt,46
1785734801903,bot22,rtt,46
1785734801904,bot24,rtt,47
1785734801904,bot26,rtt,47
1785734801905,bot27,rtt,48
1785734801905,bot28,rtt,48
1785734801906,bot29,rtt,49
1785734801907,bot4,rtt,46
1785734801908,bot8,rtt,46
1785734801908,bot15,rtt,47
1785734801910,bot1,rtt,48
1785734801910,bot3,rtt,48
1785734801911,bot5,rtt,49
1785734801912,bot7,rtt,50
1785734801913,bot9,rtt,51
1785734801913,bot12,rtt,56
1785734801915,bot17,rtt,54
1785734801933,bot0,rtt,71
1785734801934,bot2,rtt,73
1785734801935,bot6,rtt,73
1785734801936,bot10,rtt,75
1785734801938,bot11,rtt,76
1785734801938,bot13,rtt,77
1785734801939,bot14,rtt,78
1785734801943,bot16,rtt,82
1785734801945,bot19,rtt,84
1785734801946,bot18,rtt,85
1785734801947,bot21,rtt,86
1785734801947,bot20,rtt,86
1785734801961,bot25,rtt,104
1785734802914,bot15,rtt,45
1785734802917,bot2,rtt,48
1785734802919,bot4,rtt,50
1785734802920,bot6,rtt,51
1785734802922,bot8,rtt,53
1785734802924,bot11,rtt,54
1785734802925,bot10,rtt,56
1785734802927,bot19,rtt,58
1785734802929,bot21,rtt,60
1785734802930,bot14,rtt,61
1785734802931,bot23,rtt,66
1785734802933,bot16,rtt,64
1785734802934,bot24,rtt,69
1785734802937,bot18,rtt,68
1785734802937,bot26,rtt,72
1785734802940,bot20,rtt,71
1785734802941,bot28,rtt,76
1785734802943,bot22,rtt,78
1785734802945,bot27,rtt,80
1785734802947,bot29,rtt,82
1785734802951,bot0,rtt,82
1785734802954,bot1,rtt,85
1785734802958,bot13,rtt,89
1785734802959,bot25,rtt,94
1785734802962,bot5,rtt,93
1785734802963,bot7,rtt,94
1785734802965,bot9,rtt,96
1785734802966,bot12,rtt,101
1785734802968,bot17,rtt,99
1785734803014,bot3,rtt,145
1785734803918,bot15,rtt,44
1785734803919,bot1,rtt,45
1785734803920,bot0,rtt,46
1785734803920,bot2,rtt,46
1785734803921,bot3,rtt,47
1785734803922,bot5,rtt,48
1785734803923,bot4,rtt,49
1785734803924,bot7,rtt,50
1785734803925,bot6,rtt,51
1785734803926,bot9,rtt,52
1785734803927,bot8,rtt,53
1785734803928,bot11,rtt,54
1785734803929,bot10,rtt,55
1785734803930,bot13,rtt,56
1785734803931,bot12,rtt,57
1785734803932,bot17,rtt,58
1785734803934,bot14,rtt,60
1785734803935,bot19,rtt,61
1785734803937,bot16,rtt,63
1785734803938,bot21,rtt,64
1785734803938,bot18,rtt,64
1785734803939,bot23,rtt,66
1785734803941,bot20,rtt,67
1785734803942,bot24,rtt,69
1785734803943,bot22,rtt,69
1785734803944,bot26,rtt,71
1785734803945,bot25,rtt,72
1785734803946,bot28,rtt,73
1785734803947,bot27,rtt,74
1785734803948,bot29,rtt,75
1785734804934,bot3,rtt,44
1785734804935,bot5,rtt,45
1785734804936,bot7,rtt,46
1785734804936,bot9,rtt,46
1785734804938,bot0,rtt,48
1785734804939,bot11,rtt,49
1785734804939,bot2,rtt,49
1785734804940,bot13,rtt,50
1785734804941,bot17,rtt,51
1785734804941,bot4,rtt,51
1785734804942,bot19,rtt,52
1785734804943,bot21,rtt,53
1785734804944,bot6,rtt,54
1785734804944,bot23,rtt,54
1785734804946,bot8,rtt,56
1785734804946,bot24,rtt,56
1785734804947,bot10,rtt,57
1785734804947,bot26,rtt,57
1785734804948,bot12,rtt,58
1785734804949,bot15,rtt,59
1785734804950,bot28,rtt,60
1785734804951,bot14,rtt,61
1785734804951,bot16,rtt,61
1785734804952,bot18,rtt,62
1785734804953,bot20,rtt,63
1785734804954,bot22,rtt,64
1785734804955,bot25,rtt,65
1785734804956,bot27,rtt,66
1785734804957,bot29,rtt,67
1785734804985,bot1,rtt,95
1785734805998,bot13,rtt,48
1785734806000,bot17,rtt,50
1785734806003,bot10,rtt,53
1785734806006,bot19,rtt,56
1785734806007,bot12,rtt,57
1785734806009,bot21,rtt,59
1785734806010,bot14,rtt,60
1785734806011,bot23,rtt,61
1785734806013,bot16,rtt,63
1785734806019,bot24,rtt,69
1785734806020,bot26,rtt,70
1785734806022,bot18,rtt,72
1785734806023,bot28,rtt,73
1785734806024,bot20,rtt,74
1785734806026,bot25,rtt,76
1785734806029,bot27,rtt,79
1785734806031,bot29,rtt,81
1785734806057,bot22,rtt,107
1785734806059,bot0,rtt,109
1785734806060,bot1,rtt,110
1785734806061,bot15,rtt,111
1785734806063,bot2,rtt,113
1785734806064,bot3,rtt,114
1785734806065,bot5,rtt,115
1785734806067,bot4,rtt,117
1785734806069,bot7,rtt,119
1785734806071,bot6,rtt,121
1785734806073,bot9,rtt,122
1785734806075,bot11,rtt,124
1785734806089,bot8,rtt,139
1785734806995,bot24,rtt,45
1785734806996,bot25,rtt,42
1785734806996,bot27,rtt,42
1785734806997,bot29,rtt,43
1785734807005,bot15,rtt,51
1785734807006,bot1,rtt,51
1785734807007,bot0,rtt,52
1785734807008,bot3,rtt,53
1785734807009,bot2,rtt,54
1785734807010,bot5,rtt,55
1785734807011,bot7,rtt,56
1785734807011,bot4,rtt,56
1785734807012,bot9,rtt,57
1785734807013,bot6,rtt,58
1785734807014,bot11,rtt,59
1785734807017,bot13,rtt,63
1785734807019,bot8,rtt,64
1785734807020,bot17,rtt,65
1785734807021,bot10,rtt,66
1785734807022,bot19,rtt,67
1785734807024,bot12,rtt,70
1785734807025,bot21,rtt,70
1785734807026,bot23,rtt,72
1785734807027,bot14,rtt,73
1785734807029,bot26,rtt,75
1785734807031,bot16,rtt,76
1785734807032,bot28,rtt,78
1785734807034,bot18,rtt,79
1785734807035,bot20,rtt,80
1785734807036,bot22,rtt,82
1785734807994,bot24,rtt,45
1785734807997,bot15,rtt,42
1785734807998,bot13,rtt,43
1785734807999,bot17,rtt,44
1785734808000,bot19,rtt,45
1785734808001,bot21,rtt,46
1785734808002,bot23,rtt,48
1785734808003,bot26,rtt,49
1785734808004,bot28,rtt,50
1785734808005,bot1,rtt,48
1785734808005,bot0,rtt,48
1785734808006,bot2,rtt,49
1785734808007,bot4,rtt,50
1785734808007,bot6,rtt,50
1785734808008,bot8,rtt,51
1785734808009,bot10,rtt,54
1785734808009,bot12,rtt,54
1785734808010,bot14,rtt,55
1785734808010,bot16,rtt,55
1785734808013,bot18,rtt,58
1785734808014,bot20,rtt,59
1785734808015,bot22,rtt,60
1785734808016,bot25,rtt,62
1785734808017,bot27,rtt,63
1785734808018,bot29,rtt,64
1785734808025,bot3,rtt,68
1785734808026,bot5,rtt,69
1785734808027,bot7,rtt,70
1785734808028,bot9,rtt,71
1785734808028,bot11,rtt,71
1785734808995,bot24,rtt,45
1785734808995,bot26,rtt,41
1785734808996,bot28,rtt,42
1785734808996,bot25,rtt,42
1785734808997,bot27,rtt,43
1785734808997,bot29,rtt,43
1785734808999,bot13,rtt,45
1785734809000,bot10,rtt,44
1785734809000,bot17,rtt,46
1785734809001,bot12,rtt,47
1785734809002,bot19,rtt,46
1785734809003,bot14,rtt,49
1785734809004,bot21,rtt,48
1785734809005,bot16,rtt,51
1785734809006,bot23,rtt,52
1785734809007,bot18,rtt,53
1785734809010,bot20,rtt,54
1785734809011,bot22,rtt,57
1785734809016,bot0,rtt,57
1785734809017,bot15,rtt,63
1785734809019,bot2,rtt,61
1785734809020,bot4,rtt,62
1785734809021,bot1,rtt,62
1785734809022,bot6,rtt,63
1785734809023,bot3,rtt,64
1785734809024,bot8,rtt,65
1785734809025,bot5,rtt,66
1785734809026,bot7,rtt,67
1785734809027,bot9,rtt,68
1785734809028,bot11,rtt,69
1785734809995,bot24,rtt,44
1785734809999,bot12,rtt,43
1785734809999,bot17,rtt,43
1785734810000,bot14,rtt,44
1785734810001,bot19,rtt,42
1785734810001,bot16,rtt,45
1785734810002,bot21,rtt,42
1785734810002,bot18,rtt,46
1785734810003,bot23,rtt,47
1785734810004,bot20,rtt,44
1785734810006,bot22,rtt,50
1785734810007,bot25,rtt,51
1785734810007,bot26,rtt,51
1785734810008,bot27,rtt,52
1785734810009,bot28,rtt,53
1785734810009,bot29,rtt,53
1785734810010,bot0,rtt,44
1785734810011,bot1,rtt,45
1785734810012,bot2,rtt,47
1785734810013,bot3,rtt,47
1785734810013,bot4,rtt,48
1785734810014,bot5,rtt,48
1785734810015,bot6,rtt,50
1785734810016,bot7,rtt,50
1785734810016,bot8,rtt,50
1785734810019,bot9,rtt,53
1785734810020,bot10,rtt,60
1785734810021,bot11,rtt,55
1785734810022,bot15,rtt,66
1785734810030,bot13,rtt,74
1785734810996,bot24,rtt,45
1785734811002,bot12,rtt,44
1785734811003,bot14,rtt,45
1785734811004,bot16,rtt,46
1785734811006,bot18,rtt,48
1785734811007,bot20,rtt,47
1785734811008,bot22,rtt,50
1785734811009,bot13,rtt,51
1785734811010,bot25,rtt,53
1785734811011,bot17,rtt,53
1785734811012,bot27,rtt,55
1785734811014,bot15,rtt,56
1785734811015,bot19,rtt,55
1785734811017,bot29,rtt,59
1785734811018,bot21,rtt,58
1785734811019,bot23,rtt,62
1785734811025,bot26,rtt,68
1785734811027,bot28,rtt,70
1785734811045,bot0,rtt,79
1785734811046,bot2,rtt,81
1785734811047,bot4,rtt,82
1785734811048,bot6,rtt,82
1785734811049,bot8,rtt,83
1785734811050,bot1,rtt,75
1785734811051,bot10,rtt,91
1785734811052,bot3,rtt,86
1785734811053,bot5,rtt,78
1785734811055,bot7,rtt,89
1785734811056,bot9,rtt,81
1785734811057,bot11,rtt,82
1785734811997,bot24,rtt,44
1785734812002,bot10,rtt,42
1785734812003,bot12,rtt,46
1785734812004,bot14,rtt,47
1785734812005,bot16,rtt,48
1785734812006,bot18,rtt,47
1785734812007,bot20,rtt,47
1785734812007,bot15,rtt,50
1785734812007,bot13,rtt,50
1785734812008,bot22,rtt,51
1785734812008,bot17,rtt,49
1785734812008,bot25,rtt,51
1785734812009,bot19,rtt,49
1785734812009,bot27,rtt,52
1785734812010,bot21,rtt,50
1785734812010,bot29,rtt,53
1785734812011,bot23,rtt,54
1785734812011,bot26,rtt,54
1785734812012,bot28,rtt,55
1785734812018,bot0,rtt,46
1785734812019,bot2,rtt,47
1785734812019,bot4,rtt,47
1785734812020,bot8,rtt,48
1785734812021,bot6,rtt,49
1785734812021,bot3,rtt,49
1785734812022,bot5,rtt,41
1785734812026,bot7,rtt,54
1785734812027,bot9,rtt,46
1785734812028,bot11,rtt,47
1785734812042,bot1,rtt,61
1785734812999,bot24,rtt,44
1785734813000,bot28,rtt,41
1785734813001,bot29,rtt,42
1785734813006,bot15,rtt,47
1785734813012,bot10,rtt,51
1785734813012,bot13,rtt,53
1785734813013,bot12,rtt,54
1785734813013,bot17,rtt,52
1785734813014,bot14,rtt,55
1785734813015,bot16,rtt,56
1785734813016,bot19,rtt,55
1785734813017,bot21,rtt,56
1785734813019,bot18,rtt,58
1785734813020,bot23,rtt,61
1785734813024,bot20,rtt,63
1785734813025,bot22,rtt,66
1785734813029,bot25,rtt,70
1785734813031,bot26,rtt,72
1785734813033,bot27,rtt,74
1785734813036,bot1,rtt,55
1785734813044,bot0,rtt,71
1785734813046,bot3,rtt,73
1785734813047,bot5,rtt,66
1785734813048,bot2,rtt,75
1785734813048,bot7,rtt,75
1785734813049,bot4,rtt,77
1785734813050,bot6,rtt,77
1785734813050,bot9,rtt,69
1785734813051,bot8,rtt,78
1785734813052,bot11,rtt,71
1785734813998,bot24,rtt,44
1785734814002,bot12,rtt,42
1785734814002,bot14,rtt,42
1785734814003,bot13,rtt,43
1785734814003,bot16,rtt,43
1785734814005,bot23,rtt,47
1785734814005,bot22,rtt,45
1785734814006,bot26,rtt,48
1785734814006,bot25,rtt,46
1785734814006,bot28,rtt,46
1785734814007,bot27,rtt,47
1785734814007,bot29,rtt,47
1785734814008,bot15,rtt,48
1785734814016,bot10,rtt,52
1785734814021,bot17,rtt,57
1785734814022,bot19,rtt,58
1785734814023,bot18,rtt,59
1785734814023,bot21,rtt,59
1785734814024,bot20,rtt,60
1785734814032,bot0,rtt,57
1785734814033,bot1,rtt,51
1785734814038,bot2,rtt,63
1785734814038,bot3,rtt,63
1785734814038,bot4,rtt,63
1785734814039,bot6,rtt,64
1785734814039,bot5,rtt,57
1785734814039,bot8,rtt,64
1785734814040,bot7,rtt,65
1785734814040,bot9,rtt,58
1785734814040,bot11,rtt,58
1785734815004,bot24,rtt,47
1785734815006,bot25,rtt,42
1785734815007,bot27,rtt,43
1785734815007,bot29,rtt,43
1785734815018,bot15,rtt,54
1785734815025,bot13,rtt,61
1785734815028,bot17,rtt,60
1785734815030,bot8,rtt,45
1785734815031,bot19,rtt,63
1785734815032,bot10,rtt,64
1785734815034,bot21,rtt,66
1785734815035,bot12,rtt,71
1785734815036,bot23,rtt,73
1785734815038,bot14,rtt,74
1785734815041,bot16,rtt,77
1785734815042,bot26,rtt,78
1785734815044,bot18,rtt,76
1785734815045,bot28,rtt,81
1785734815047,bot20,rtt,79
1785734815048,bot22,rtt,84
1785734815071,bot1,rtt,86
1785734815072,bot3,rtt,87
1785734815073,bot0,rtt,88
1785734815074,bot5,rtt,89
1785734815075,bot7,rtt,90
1785734815077,bot2,rtt,92
1785734815077,bot9,rtt,92
1785734815078,bot11,rtt,93
1785734815079,bot4,rtt,94
1785734815086,bot6,rtt,101
1785734816002,bot24,rtt,44
1785734816006,bot23,rtt,43
1785734816007,bot26,rtt,44
1785734816008,bot25,rtt,45
1785734816020,bot13,rtt,45
1785734816021,bot10,rtt,45
1785734816022,bot17,rtt,47
1785734816023,bot12,rtt,48
1785734816024,bot19,rtt,48
1785734816024,bot14,rtt,49
1785734816025,bot21,rtt,49
1785734816026,bot16,rtt,51
1785734816028,bot18,rtt,53
1785734816029,bot20,rtt,53
1785734816031,bot22,rtt,56
1785734816032,bot28,rtt,57
1785734816034,bot27,rtt,59
1785734816035,bot29,rtt,60
1785734816039,bot3,rtt,52
1785734816040,bot5,rtt,53
1785734816040,bot2,rtt,54
1785734816041,bot7,rtt,54
1785734816041,bot4,rtt,55
1785734816044,bot9,rtt,57
1785734816044,bot6,rtt,58
1785734816045,bot8,rtt,58
1785734816045,bot11,rtt,58
1785734816049,bot1,rtt,62
1785734816050,bot0,rtt,63
1785734816050,bot15,rtt,75
1785734817002,bot24,rtt,45
1785734817007,bot25,rtt,42
1785734817012,bot23,rtt,47
1785734817012,bot26,rtt,47
1785734817019,bot15,rtt,42
1785734817022,bot10,rtt,44
1785734817023,bot12,rtt,46
1785734817023,bot14,rtt,46
1785734817024,bot16,rtt,47
1785734817025,bot18,rtt,48
1785734817025,bot20,rtt,47
1785734817026,bot22,rtt,49
1785734817027,bot27,rtt,50
1785734817028,bot29,rtt,51
1785734817030,bot0,rtt,44
1785734817030,bot1,rtt,42
1785734817031,bot3,rtt,45
1785734817031,bot5,rtt,45
1785734817032,bot7,rtt,46
1785734817033,bot9,rtt,45
1785734817033,bot11,rtt,45
1785734817033,bot13,rtt,56
1785734817034,bot17,rtt,57
1785734817035,bot19,rtt,58
1785734817035,bot21,rtt,58
1785734817037,bot28,rtt,60
1785734817038,bot2,rtt,52
1785734817038,bot4,rtt,52
1785734817038,bot6,rtt,52
1785734817039,bot8,rtt,53
1785734818004,bot24,rtt,46
1785734818025,bot10,rtt,45
1785734818025,bot13,rtt,45
1785734818026,bot12,rtt,46
1785734818027,bot17,rtt,47
1785734818028,bot14,rtt,48
1785734818029,bot19,rtt,49
1785734818029,bot16,rtt,49
1785734818030,bot21,rtt,50
1785734818031,bot18,rtt,51
1785734818032,bot23,rtt,57
1785734818034,bot20,rtt,54
1785734818034,bot26,rtt,59
1785734818037,bot22,rtt,57
1785734818038,bot28,rtt,58
1785734818039,bot25,rtt,64
1785734818040,bot27,rtt,61
1785734818041,bot29,rtt,61
1785734818047,bot0,rtt,61
1785734818048,bot1,rtt,59
1785734818049,bot3,rtt,63
1785734818049,bot2,rtt,63
1785734818050,bot5,rtt,64
1785734818051,bot4,rtt,65
1785734818051,bot7,rtt,65
1785734818052,bot6,rtt,66
1785734818053,bot9,rtt,64
1785734818053,bot8,rtt,67
1785734818054,bot11,rtt,65
1785734818056,bot15,rtt,76
1785734819001,bot24,rtt,43
1785734819021,bot12,rtt,42
1785734819023,bot14,rtt,44
1785734819023,bot23,rtt,48
1785734819024,bot16,rtt,42
1785734819026,bot18,rtt,44
1785734819026,bot26,rtt,51
1785734819027,bot20,rtt,45
1785734819028,bot28,rtt,49
1785734819028,bot22,rtt,49
1785734819029,bot25,rtt,54
1785734819030,bot27,rtt,51
1785734819031,bot29,rtt,52
1785734819033,bot15,rtt,51
1785734819034,bot1,rtt,45
1785734819035,bot3,rtt,48
1785734819036,bot0,rtt,49
1785734819038,bot5,rtt,51
1785734819039,bot2,rtt,52
1785734819040,bot7,rtt,53
1785734819041,bot4,rtt,54
1785734819041,bot9,rtt,52
1785734819042,bot6,rtt,55
1785734819043,bot11,rtt,54
1785734819043,bot8,rtt,56
1785734819043,bot13,rtt,64
1785734819044,bot10,rtt,62
1785734819045,bot17,rtt,63
1785734819045,bot19,rtt,63
1785734819046,bot21,rtt,64
1785734820002,bot24,rtt,43
1785734820022,bot23,rtt,46
1785734820024,bot22,rtt,45
1785734820025,bot26,rtt,49
1785734820025,bot25,rtt,49
1785734820026,bot28,rtt,47
1785734820027,bot27,rtt,48
1785734820027,bot29,rtt,48
1785734820030,bot15,rtt,49
1785734820032,bot2,rtt,45
1785734820033,bot3,rtt,45
1785734820034,bot5,rtt,46
1785734820035,bot4,rtt,48
1785734820036,bot6,rtt,49
1785734820037,bot7,rtt,49
1785734820037,bot8,rtt,50
1785734820038,bot9,rtt,47
1785734820038,bot10,rtt,56
1785734820039,bot11,rtt,48
1785734820039,bot13,rtt,60
1785734820040,bot12,rtt,61
1785734820041,bot17,rtt,60
1785734820041,bot14,rtt,62
1785734820042,bot16,rtt,61
1785734820043,bot19,rtt,62
1785734820043,bot21,rtt,61
1785734820044,bot18,rtt,63
1785734820044,bot20,rtt,62
1785734820049,bot0,rtt,62
1785734820057,bot1,rtt,66
1785734821002,bot24,rtt,44
1785734821020,bot23,rtt,43
1785734821022,bot26,rtt,45
1785734821023,bot28,rtt,44
1785734821024,bot22,rtt,45
1785734821024,bot25,rtt,47
1785734821025,bot27,rtt,46
1785734821026,bot29,rtt,47
1785734821032,bot7,rtt,44
1785734821034,bot6,rtt,46
1785734821036,bot9,rtt,44
1785734821037,bot11,rtt,45
1785734821039,bot8,rtt,51
1785734821040,bot13,rtt,61
1785734821041,bot10,rtt,57
1785734821042,bot17,rtt,61
1785734821042,bot12,rtt,63
1785734821043,bot19,rtt,62
1785734821044,bot14,rtt,65
1785734821047,bot21,rtt,63
1785734821047,bot16,rtt,66
1785734821048,bot18,rtt,67
1785734821049,bot20,rtt,65
1785734821054,bot0,rtt,66
1785734821057,bot1,rtt,65
1785734821059,bot2,rtt,71
1785734821063,bot3,rtt,75
1785734821066,bot5,rtt,78
1785734821067,bot15,rtt,86
1785734821080,bot4,rtt,92
1785734822006,bot24,rtt,48
1785734822022,bot18,rtt,41
1785734822025,bot23,rtt,48
1785734822026,bot22,rtt,47
1785734822028,bot25,rtt,51
1785734822029,bot26,rtt,52
1785734822030,bot27,rtt,51
1785734822031,bot28,rtt,52
1785734822033,bot29,rtt,54
1785734822045,bot1,rtt,52
1785734822048,bot2,rtt,60
1785734822053,bot3,rtt,65
1785734822056,bot4,rtt,68
1785734822061,bot5,rtt,73
1785734822065,bot6,rtt,77
1785734822069,bot7,rtt,81
1785734822072,bot8,rtt,84
1785734822078,bot9,rtt,85
1785734822081,bot10,rtt,95
1785734822083,bot11,rtt,90
1785734822084,bot12,rtt,105
1785734822086,bot13,rtt,107
1785734822087,bot14,rtt,108
1785734822088,bot17,rtt,107
1785734822089,bot16,rtt,108
1785734822090,bot19,rtt,109
1785734822092,bot21,rtt,108
1785734822093,bot20,rtt,109
1785734822103,bot0,rtt,115
1785734822106,bot15,rtt,125
1785734823005,bot24,rtt,47
1785734823021,bot26,rtt,43
1785734823021,bot28,rtt,41
1785734823022,bot25,rtt,44
1785734823022,bot27,rtt,42
1785734823023,bot29,rtt,43
1785734823024,bot23,rtt,47
1785734823025,bot18,rtt,43
1785734823025,bot20,rtt,41
1785734823026,bot22,rtt,46
1785734823032,bot2,rtt,43
1785734823035,bot4,rtt,46
1785734823039,bot3,rtt,49
1785734823041,bot6,rtt,52
1785734823045,bot5,rtt,55
1785734823048,bot8,rtt,59
1785734823051,bot7,rtt,61
1785734823053,bot10,rtt,67
1785734823057,bot9,rtt,63
1785734823058,bot12,rtt,78
1785734823062,bot11,rtt,68
1785734823062,bot14,rtt,82
1785734823066,bot16,rtt,84
1785734823068,bot13,rtt,88
1785734823070,bot17,rtt,88
1785734823072,bot19,rtt,90
1785734823073,bot15,rtt,91
1785734823075,bot21,rtt,91
1785734823103,bot1,rtt,109
1785734823104,bot0,rtt,115
1785734824007,bot24,rtt,48
1785734824018,bot23,rtt,41
1785734824021,bot26,rtt,44
1785734824021,bot25,rtt,44
1785734824022,bot28,rtt,42
1785734824023,bot27,rtt,44
1785734824023,bot29,rtt,43
1785734824034,bot8,rtt,44
1785734824039,bot10,rtt,52
1785734824041,bot13,rtt,61
1785734824044,bot12,rtt,64
1785734824047,bot17,rtt,64
1785734824050,bot14,rtt,70
1785734824053,bot19,rtt,70
1785734824056,bot16,rtt,73
1785734824060,bot21,rtt,75
1785734824062,bot18,rtt,79
1785734824068,bot20,rtt,83
1785734824071,bot22,rtt,91
1785734824077,bot1,rtt,82
1785734824080,bot3,rtt,90
1785734824083,bot0,rtt,93
1785734824086,bot15,rtt,103
1785734824090,bot2,rtt,100
1785734824107,bot5,rtt,117
1785734824108,bot4,rtt,118
1785734824110,bot7,rtt,120
1785734824112,bot6,rtt,122
1785734824114,bot9,rtt,119
1785734824116,bot11,rtt,121
1785734825006,bot24,rtt,47
1785734825022,bot14,rtt,42
1785734825026,bot16,rtt,43
1785734825029,bot21,rtt,44
1785734825031,bot18,rtt,48
1785734825032,bot23,rtt,55
1785734825034,bot20,rtt,49
1785734825037,bot22,rtt,57
1785734825040,bot26,rtt,63
1785734825041,bot25,rtt,64
1785734825042,bot28,rtt,62
1785734825043,bot27,rtt,63
1785734825044,bot29,rtt,64
1785734825052,bot2,rtt,61
1785734825056,bot5,rtt,65
1785734825058,bot4,rtt,67
1785734825062,bot7,rtt,71
1785734825064,bot6,rtt,73
1785734825069,bot9,rtt,74
1785734825071,bot8,rtt,80
1785734825075,bot11,rtt,80
1785734825077,bot10,rtt,89
1785734825079,bot13,rtt,99
1785734825083,bot12,rtt,103
1785734825086,bot17,rtt,103
1785734825091,bot19,rtt,108
1785734825107,bot1,rtt,112
1785734825109,bot0,rtt,118
1785734825113,bot3,rtt,122
1785734825115,bot15,rtt,132
1785734826010,bot24,rtt,50
1785734826021,bot26,rtt,43
1785734826021,bot25,rtt,43
1785734826022,bot27,rtt,42
1785734826023,bot29,rtt,42
1785734826024,bot12,rtt,43
1785734826025,bot13,rtt,44
1785734826027,bot15,rtt,44
1785734826037,bot3,rtt,44
1785734826040,bot2,rtt,47
1785734826043,bot4,rtt,50
1785734826047,bot5,rtt,54
1785734826051,bot7,rtt,58
1785734826054,bot6,rtt,61
1785734826058,bot9,rtt,62
1785734826060,bot8,rtt,67
1785734826064,bot11,rtt,68
1785734826066,bot10,rtt,78
1785734826069,bot14,rtt,88
1785734826073,bot17,rtt,90
1785734826076,bot19,rtt,92
1785734826080,bot16,rtt,97
1785734826084,bot18,rtt,101
1785734826087,bot21,rtt,101
1785734826089,bot23,rtt,111
1785734826097,bot20,rtt,111
1785734826100,bot22,rtt,119
1785734826105,bot28,rtt,124
1785734826116,bot0,rtt,123
1785734826118,bot1,rtt,122
1785734827006,bot24,rtt,46
1785734827021,bot23,rtt,43
1785734827023,bot26,rtt,45
1785734827024,bot22,rtt,42
1785734827024,bot25,rtt,46
1785734827025,bot28,rtt,43
1785734827025,bot27,rtt,45
1785734827026,bot29,rtt,44
1785734827028,bot15,rtt,44
1785734827038,bot4,rtt,46
1785734827041,bot7,rtt,46
1785734827044,bot6,rtt,52
1785734827048,bot9,rtt,51
1785734827050,bot8,rtt,58
1785734827054,bot11,rtt,57
1785734827056,bot10,rtt,68
1785734827058,bot13,rtt,76
1785734827061,bot12,rtt,79
1785734827064,bot17,rtt,80
1785734827066,bot14,rtt,84
1785734827070,bot19,rtt,86
1785734827073,bot16,rtt,89
1785734827076,bot21,rtt,91
1785734827078,bot18,rtt,94
1785734827084,bot20,rtt,98
1785734827094,bot0,rtt,102
1785734827112,bot1,rtt,115
1785734827113,bot2,rtt,121
1785734827115,bot3,rtt,121
1785734827116,bot5,rtt,121
1785734828008,bot24,rtt,48
1785734828028,bot22,rtt,46
1785734828030,bot26,rtt,48
1785734828032,bot25,rtt,50
1785734828037,bot28,rtt,55
1785734828040,bot27,rtt,58
1785734828043,bot29,rtt,61
1785734828055,bot1,rtt,58
1785734828058,bot0,rtt,66
1785734828061,bot3,rtt,67
1785734828064,bot2,rtt,72
1785734828067,bot5,rtt,73
1785734828070,bot4,rtt,78
1785734828074,bot7,rtt,80
1785734828077,bot6,rtt,85
1785734828080,bot9,rtt,83
1785734828083,bot8,rtt,91
1785734828086,bot11,rtt,89
1785734828088,bot10,rtt,97
1785734828091,bot13,rtt,109
1785734828094,bot12,rtt,112
1785734828097,bot17,rtt,110
1785734828100,bot14,rtt,118
1785734828104,bot19,rtt,117
1785734828107,bot16,rtt,121
1785734828117,bot21,rtt,130
1785734828120,bot18,rtt,133
1785734828123,bot23,rtt,141
1785734828127,bot20,rtt,140
1785734828145,bot15,rtt,159
1785734829006,bot24,rtt,46
1785734829029,bot15,rtt,43
1785734829035,bot10,rtt,44
1785734829036,bot12,rtt,52
1785734829040,bot14,rtt,56
1785734829043,bot16,rtt,57
1785734829047,bot18,rtt,61
1785734829051,bot1,rtt,54
1785734829052,bot20,rtt,66
1785734829056,bot3,rtt,62
1785734829058,bot22,rtt,74
1785734829062,bot5,rtt,68
1785734829063,bot25,rtt,79
1785734829078,bot27,rtt,94
1785734829082,bot0,rtt,90
1785734829084,bot2,rtt,92
1785734829086,bot4,rtt,94
1785734829089,bot6,rtt,97
1785734829090,bot8,rtt,98
1785734829097,bot7,rtt,103
1785734829100,bot9,rtt,103
1785734829102,bot29,rtt,118
1785734829107,bot11,rtt,110
1785734829107,bot13,rtt,123
1785734829112,bot17,rtt,126
1785734829116,bot19,rtt,130
1785734829120,bot21,rtt,134
1785734829122,bot23,rtt,138
1785734829131,bot26,rtt,147
1785734829136,bot28,rtt,152
1785734830008,bot24,rtt,47
1785734830035,bot4,rtt,43
1785734830038,bot7,rtt,44
1785734830041,bot6,rtt,49
1785734830044,bot8,rtt,52
1785734830051,bot15,rtt,65
1785734830054,bot0,rtt,62
1785734830057,bot1,rtt,60
1785734830057,bot2,rtt,65
1785734830059,bot3,rtt,65
1785734830060,bot5,rtt,66
1785734830065,bot9,rtt,68
1785734830067,bot10,rtt,75
1785734830071,bot11,rtt,74
1785734830073,bot12,rtt,89
1785734830075,bot13,rtt,91
1785734830079,bot14,rtt,95
1785734830082,bot17,rtt,96
1785734830086,bot16,rtt,100
1785734830088,bot19,rtt,102
1785734830091,bot18,rtt,105
1785734830094,bot21,rtt,107
1785734830097,bot20,rtt,110
1785734830099,bot22,rtt,115
1785734830102,bot23,rtt,118
1785734830108,bot25,rtt,124
1785734830111,bot26,rtt,127
1785734830115,bot27,rtt,131
1785734830119,bot28,rtt,134
1785734830122,bot29,rtt,138
1785734831005,bot24,rtt,45
1785734831035,bot2,rtt,43
1785734831044,bot11,rtt,46
1785734831046,bot4,rtt,54
1785734831048,bot15,rtt,61
1785734831051,bot1,rtt,53
1785734831053,bot3,rtt,59
1785734831054,bot0,rtt,62
1785734831056,bot5,rtt,62
1785734831057,bot7,rtt,63
1785734831058,bot9,rtt,60
1785734831059,bot13,rtt,75
1785734831063,bot6,rtt,71
1785734831065,bot17,rtt,78
1785734831069,bot19,rtt,82
1785734831072,bot8,rtt,80
1785734831074,bot21,rtt,87
1785734831078,bot10,rtt,86
1785734831079,bot23,rtt,95
1785734831083,bot12,rtt,99
1785734831088,bot14,rtt,104
1785734831091,bot26,rtt,107
1785734831095,bot16,rtt,108
1785734831097,bot28,rtt,113
1785734831101,bot18,rtt,114
1785734831105,bot20,rtt,118
1785734831107,bot22,rtt,123
1785734831110,bot25,rtt,126
1785734831113,bot27,rtt,129
1785734831116,bot29,rtt,132
1785734832008,bot24,rtt,48
1785734832031,bot15,rtt,43
1785734832034,bot2,rtt,42
1785734832035,bot4,rtt,43
1785734832041,bot6,rtt,49
1785734832044,bot3,rtt,50
1785734832049,bot8,rtt,57
1785734832054,bot5,rtt,59
1785734832058,bot10,rtt,66
1785734832062,bot7,rtt,68
1785734832064,bot12,rtt,79
1785734832069,bot9,rtt,71
1785734832071,bot14,rtt,86
1785734832076,bot11,rtt,78
1785734832078,bot16,rtt,89
1785734832081,bot13,rtt,96
1785734832085,bot18,rtt,96
1785734832089,bot20,rtt,100
1785734832093,bot17,rtt,104
1785734832095,bot22,rtt,110
1785734832099,bot19,rtt,110
1785734832103,bot21,rtt,114
1785734832105,bot25,rtt,120
1785734832109,bot27,rtt,124
1785734832112,bot23,rtt,127
1785734832116,bot29,rtt,131
1785734832123,bot26,rtt,138
1785734832128,bot28,rtt,143
1785734832159,bot0,rtt,167
1785734832164,bot1,rtt,166
1785734833006,bot24,rtt,45
1785734833032,bot15,rtt,43
1785734833036,bot2,rtt,43
1785734833038,bot4,rtt,45
1785734833044,bot6,rtt,51
1785734833047,bot8,rtt,54
1785734833051,bot11,rtt,52
1785734833059,bot1,rtt,61
1785734833060,bot3,rtt,65
1785734833062,bot0,rtt,69
1785734833066,bot5,rtt,71
1785734833069,bot7,rtt,74
1785734833072,bot9,rtt,74
1785734833072,bot13,rtt,86
1785734833082,bot10,rtt,89
1785734833083,bot12,rtt,97
1785734833088,bot14,rtt,102
1785734833094,bot17,rtt,105
1785734833097,bot19,rtt,108
1785734833101,bot21,rtt,112
1785734833104,bot23,rtt,119
1785734833109,bot26,rtt,123
1785734833113,bot16,rtt,124
1785734833115,bot28,rtt,129
1785734833119,bot18,rtt,130
1785734833122,bot20,rtt,133
1785734833125,bot22,rtt,139
1785734833128,bot25,rtt,142
1785734833130,bot27,rtt,144
1785734833133,bot29,rtt,147
1785734834008,bot24,rtt,46
1785734834033,bot18,rtt,44
1785734834035,bot21,rtt,46
1785734834037,bot20,rtt,48
1785734834038,bot23,rtt,53
1785734834042,bot22,rtt,55
1785734834048,bot25,rtt,63
1785734834051,bot26,rtt,66
1785734834055,bot27,rtt,70
1785734834058,bot28,rtt,73
1785734834061,bot29,rtt,76
1785734834067,bot0,rtt,74
1785734834070,bot2,rtt,77
1785734834074,bot1,rtt,75
1785734834077,bot4,rtt,84
1785734834080,bot6,rtt,87
1785734834085,bot3,rtt,89
1785734834088,bot5,rtt,92
1785734834091,bot8,rtt,98
1785734834095,bot7,rtt,99
1785734834098,bot10,rtt,105
1785734834102,bot9,rtt,103
1785734834104,bot12,rtt,118
1785734834107,bot15,rtt,118
1785734834112,bot11,rtt,113
1785734834113,bot13,rtt,126
1785734834117,bot14,rtt,130
1785734834123,bot17,rtt,134
1785734834143,bot16,rtt,154
1785734834146,bot19,rtt,157
1785734835007,bot24,rtt,44
1785734835031,bot13,rtt,44
1785734835034,bot19,rtt,43
1785734835036,bot0,rtt,42
1785734835038,bot21,rtt,47
1785734835040,bot23,rtt,55
1785734835047,bot2,rtt,53
1785734835049,bot26,rtt,62
1785734835051,bot28,rtt,65
1785734835056,bot4,rtt,62
1785734835059,bot6,rtt,65
1785734835062,bot8,rtt,68
1785734835065,bot10,rtt,71
1785734835067,bot12,rtt,80
1785734835071,bot15,rtt,80
1785734835074,bot14,rtt,87
1785734835078,bot16,rtt,87
1785734835081,bot18,rtt,90
1785734835085,bot20,rtt,94
1785734835087,bot22,rtt,100
1785734835090,bot25,rtt,104
1785734835093,bot27,rtt,107
1785734835097,bot29,rtt,111
1785734835102,bot1,rtt,102
1785734835106,bot3,rtt,108
1785734835109,bot5,rtt,111
1785734835130,bot7,rtt,132
1785734835132,bot9,rtt,131
1785734835135,bot11,rtt,134
1785734835138,bot17,rtt,147
1785734836020,bot24,rtt,52
1785734836036,bot15,rtt,44
1785734836041,bot7,rtt,42
1785734836046,bot11,rtt,44
1785734836048,bot4,rtt,53
1785734836050,bot13,rtt,63
1785734836054,bot6,rtt,57
1785734836056,bot8,rtt,59
1785734836059,bot10,rtt,64
1785734836061,bot17,rtt,69
1785734836064,bot12,rtt,77
1785734836066,bot14,rtt,79
1785734836070,bot19,rtt,78
1785734836073,bot21,rtt,81
1785734836076,bot16,rtt,84
1785734836079,bot18,rtt,87
1785734836082,bot23,rtt,97
1785734836088,bot20,rtt,96
1785734836091,bot22,rtt,104
1785734836094,bot26,rtt,108
1785734836097,bot25,rtt,111
1785734836101,bot28,rtt,115
1785734836104,bot27,rtt,118
1785734836107,bot29,rtt,121
1785734836131,bot2,rtt,134
1785734836132,bot0,rtt,135
1785734836135,bot1,rtt,133
1785734836138,bot3,rtt,139
1785734836139,bot5,rtt,140
1785734836141,bot9,rtt,139
1785734837027,bot24,rtt,59
1785734837029,bot26,rtt,44
1785734837030,bot28,rtt,43
1785734837037,bot12,rtt,50
1785734837042,bot14,rtt,55
1785734837046,bot7,rtt,47
1785734837048,bot16,rtt,55
1785734837052,bot9,rtt,50
1785734837055,bot11,rtt,52
1785734837057,bot18,rtt,64
1785734837059,bot13,rtt,72
1785734837063,bot20,rtt,70
1785734837065,bot17,rtt,72
1785734837068,bot22,rtt,81
1785734837071,bot19,rtt,78
1785734837073,bot25,rtt,88
1785734837076,bot21,rtt,83
1785734837079,bot27,rtt,94
1785734837082,bot23,rtt,97
1785734837085,bot29,rtt,98
1785734837095,bot15,rtt,102
1785734837101,bot1,rtt,100
1785734837104,bot0,rtt,107
1785734837110,bot2,rtt,113
1785734837113,bot4,rtt,117
1785734837117,bot6,rtt,120
1785734837120,bot8,rtt,123
1785734837123,bot10,rtt,128
1785734837142,bot3,rtt,143
1785734837145,bot5,rtt,146
1785734838020,bot24,rtt,52
1785734838041,bot10,rtt,45
1785734838044,bot7,rtt,44
1785734838045,bot12,rtt,58
1785734838050,bot9,rtt,48
1785734838053,bot11,rtt,49
1785734838054,bot14,rtt,67
1785734838057,bot13,rtt,70
1785734838060,bot16,rtt,66
1785734838062,bot18,rtt,68
1785734838065,bot17,rtt,71
1785734838068,bot20,rtt,74
1785734838071,bot19,rtt,77
1785734838073,bot22,rtt,86
1785734838077,bot21,rtt,83
1785734838078,bot25,rtt,92
1785734838083,bot27,rtt,97
1785734838086,bot23,rtt,100
1785734838091,bot29,rtt,105
1785734838094,bot26,rtt,108
1785734838098,bot28,rtt,112
1785734838118,bot6,rtt,120
1785734838120,bot0,rtt,122
1785734838123,bot2,rtt,125
1785734838125,bot3,rtt,125
1785734838126,bot8,rtt,128
1785734838129,bot5,rtt,129
1785734838142,bot1,rtt,140
1785734838143,bot15,rtt,149
1785734838147,bot4,rtt,149
1785734839026,bot24,rtt,50
1785734839030,bot22,rtt,43
1785734839044,bot8,rtt,45
1785734839050,bot10,rtt,54
1785734839052,bot13,rtt,65
1785734839055,bot12,rtt,68
1785734839058,bot17,rtt,63
1785734839060,bot14,rtt,73
1785734839064,bot19,rtt,69
1785734839067,bot16,rtt,72
1785734839070,bot21,rtt,75
1785734839073,bot18,rtt,78
1785734839074,bot23,rtt,88
1785734839078,bot20,rtt,83
1785734839083,bot26,rtt,97
1785734839086,bot25,rtt,100
1785734839090,bot28,rtt,103
1785734839093,bot27,rtt,107
1785734839097,bot29,rtt,111
1785734839102,bot1,rtt,99
1785734839104,bot0,rtt,105
1785734839131,bot15,rtt,136
1785734839134,bot2,rtt,135
1785734839137,bot3,rtt,136
1785734839139,bot5,rtt,138
1785734839142,bot4,rtt,143
1785734839144,bot7,rtt,143
1785734839145,bot6,rtt,146
1785734839147,bot9,rtt,144
1785734839148,bot11,rtt,143
1785734840032,bot23,rtt,45
1785734840034,bot24,rtt,59
1785734840036,bot22,rtt,47
1785734840037,bot26,rtt,50
1785734840040,bot25,rtt,53
1785734840043,bot28,rtt,56
1785734840045,bot27,rtt,58
1785734840048,bot29,rtt,61
1785734840061,bot2,rtt,60
1785734840064,bot3,rtt,63
1785734840068,bot4,rtt,67
1785734840071,bot5,rtt,70
1785734840074,bot6,rtt,73
1785734840078,bot7,rtt,77
1785734840081,bot8,rtt,80
1785734840084,bot9,rtt,78
1785734840087,bot10,rtt,91
1785734840093,bot11,rtt,85
1785734840098,bot12,rtt,109
1785734840102,bot13,rtt,113
1785734840113,bot14,rtt,124
1785734840117,bot17,rtt,121
1785734840121,bot16,rtt,125
1785734840132,bot19,rtt,136
1785734840135,bot18,rtt,139
1785734840138,bot21,rtt,142
1785734840144,bot20,rtt,148
1785734840159,bot1,rtt,153
1785734840164,bot0,rtt,163
1785734840167,bot15,rtt,171
1785734841024,bot24,rtt,49
1785734841042,bot10,rtt,45
1785734841046,bot12,rtt,57
1785734841049,bot13,rtt,59
1785734841052,bot14,rtt,62
1785734841055,bot17,rtt,59
1785734841058,bot16,rtt,62
1785734841063,bot19,rtt,67
1785734841066,bot21,rtt,70
1785734841070,bot18,rtt,74
1785734841072,bot20,rtt,76
1785734841074,bot23,rtt,87
1785734841078,bot22,rtt,89
1785734841083,bot26,rtt,96
1785734841086,bot25,rtt,99
1785734841089,bot27,rtt,102
1785734841092,bot28,rtt,105
1785734841095,bot29,rtt,107
1785734841112,bot2,rtt,111
1785734841114,bot15,rtt,118
1785734841118,bot1,rtt,112
1785734841119,bot4,rtt,118
1785734841122,bot3,rtt,121
1785734841124,bot6,rtt,123
1785734841127,bot5,rtt,126
1785734841128,bot8,rtt,127
1785734841131,bot0,rtt,130
1785734841133,bot7,rtt,132
1785734841138,bot9,rtt,132
1785734841141,bot11,rtt,131
1785734842018,bot24,rtt,42
1785734842046,bot4,rtt,44
1785734842052,bot6,rtt,50
1785734842056,bot11,rtt,45
1785734842058,bot8,rtt,56
1785734842060,bot13,rtt,71
1785734842063,bot17,rtt,66
1785734842067,bot10,rtt,70
1785734842069,bot19,rtt,72
1785734842072,bot12,rtt,83
1785734842075,bot21,rtt,78
1785734842077,bot14,rtt,88
1785734842079,bot15,rtt,83
1785734842082,bot16,rtt,85
1785734842085,bot18,rtt,88
1785734842088,bot20,rtt,91
1785734842091,bot22,rtt,102
1785734842093,bot23,rtt,106
1785734842096,bot25,rtt,109
1785734842103,bot26,rtt,116
1785734842106,bot27,rtt,119
1785734842109,bot29,rtt,122
1785734842112,bot28,rtt,125
1785734842132,bot1,rtt,127
1785734842134,bot3,rtt,132
1785734842136,bot0,rtt,134
1785734842137,bot5,rtt,135
1785734842138,bot2,rtt,136
1785734842140,bot7,rtt,138
1785734842142,bot9,rtt,135
1785734843025,bot24,rtt,50
1785734843041,bot13,rtt,51
1785734843043,bot12,rtt,53
1785734843046,bot17,rtt,48
1785734843048,bot14,rtt,58
1785734843052,bot19,rtt,54
1785734843054,bot16,rtt,56
1785734843058,bot21,rtt,60
1785734843063,bot18,rtt,65
1785734843065,bot23,rtt,78
1785734843069,bot20,rtt,71
1785734843072,bot15,rtt,74
1785734843076,bot0,rtt,74
1785734843080,bot1,rtt,75
1785734843096,bot2,rtt,94
1785734843099,bot3,rtt,97
1785734843101,bot4,rtt,99
1785734843103,bot5,rtt,101
1785734843105,bot6,rtt,103
1785734843107,bot7,rtt,105
1785734843109,bot8,rtt,107
1785734843112,bot9,rtt,104
1785734843113,bot10,rtt,115
1785734843116,bot11,rtt,105
1785734843126,bot22,rtt,136
1785734843132,bot25,rtt,144
1785734843135,bot26,rtt,147
1785734843139,bot27,rtt,151
1785734843142,bot29,rtt,154
1785734843146,bot28,rtt,158
1785734844022,bot24,rtt,47
1785734844039,bot15,rtt,42
1785734844043,bot10,rtt,45
1785734844044,bot12,rtt,55
1785734844049,bot14,rtt,60
1785734844052,bot13,rtt,63
1785734844055,bot16,rtt,57
1785734844059,bot17,rtt,61
1785734844062,bot18,rtt,64
1785734844064,bot19,rtt,66
1785734844068,bot20,rtt,70
1785734844071,bot21,rtt,73
1785734844073,bot22,rtt,84
1785734844076,bot23,rtt,89
1785734844079,bot25,rtt,92
1785734844082,bot27,rtt,95
1785734844088,bot26,rtt,101
1785734844092,bot29,rtt,105
1785734844098,bot28,rtt,111
1785734844119,bot9,rtt,112
1785734844121,bot1,rtt,116
1785734844123,bot3,rtt,120
1785734844126,bot0,rtt,123
1785734844128,bot5,rtt,125
1785734844131,bot7,rtt,128
1785734844132,bot2,rtt,129
1785734844135,bot4,rtt,133
1785734844137,bot6,rtt,134
1785734844142,bot8,rtt,139
1785734844146,bot11,rtt,131
1785734845025,bot24,rtt,48
1785734845042,bot13,rtt,53
1785734845044,bot12,rtt,55
1785734845047,bot17,rtt,48
1785734845049,bot14,rtt,60
1785734845053,bot19,rtt,53
1785734845056,bot16,rtt,57
1785734845059,bot21,rtt,59
1785734845062,bot18,rtt,62
1785734845064,bot23,rtt,76
1785734845071,bot20,rtt,71
1785734845073,bot26,rtt,85
1785734845078,bot22,rtt,89
1785734845081,bot28,rtt,93
1785734845084,bot25,rtt,96
1785734845088,bot27,rtt,100
1785734845091,bot29,rtt,103
1785734845096,bot0,rtt,92
1785734845098,bot2,rtt,96
1785734845101,bot15,rtt,104
1785734845105,bot1,rtt,100
1785734845108,bot3,rtt,104
1785734845126,bot4,rtt,124
1785734845128,bot5,rtt,124
1785734845131,bot7,rtt,127
1785734845132,bot6,rtt,130
1785734845136,bot9,rtt,128
1785734845138,bot8,rtt,134
1785734845141,bot11,rtt,126
1785734845142,bot10,rtt,142
1785734846052,bot8,rtt,47
1785734846056,bot9,rtt,47
1785734846058,bot10,rtt,57
1785734846060,bot12,rtt,70
1785734846068,bot14,rtt,78
1785734846071,bot13,rtt,81
1785734846076,bot16,rtt,75
1785734846080,bot17,rtt,79
1785734846084,bot18,rtt,83
1785734846089,bot20,rtt,88
1785734846093,bot19,rtt,92
1785734846097,bot22,rtt,107
1785734846105,bot21,rtt,104
1785734846109,bot25,rtt,121
1785734846113,bot23,rtt,125
1785734846116,bot27,rtt,128
1785734846121,bot29,rtt,132
1785734846124,bot24,rtt,141
1785734846128,bot26,rtt,140
1785734846132,bot28,rtt,144
1785734846158,bot1,rtt,150
1785734846159,bot15,rtt,161
1785734846163,bot0,rtt,158
1785734846166,bot2,rtt,163
1785734846169,bot3,rtt,164
1785734846171,bot4,rtt,168
1785734846177,bot5,rtt,172
1785734846178,bot6,rtt,175
1785734846180,bot7,rtt,175
1785734846185,bot11,rtt,154
1785734847032,bot23,rtt,44
1785734847034,bot24,rtt,52
1785734847036,bot22,rtt,46
1785734847040,bot15,rtt,42
1785734847052,bot4,rtt,49
1785734847055,bot7,rtt,48
1785734847058,bot6,rtt,55
1785734847062,bot9,rtt,52
1785734847065,bot8,rtt,60
1785734847071,bot10,rtt,68
1785734847074,bot13,rtt,84
1785734847077,bot12,rtt,87
1785734847081,bot17,rtt,78
1785734847084,bot14,rtt,94
1785734847087,bot19,rtt,84
1785734847094,bot16,rtt,92
1785734847097,bot21,rtt,94
1785734847100,bot18,rtt,97
1785734847105,bot20,rtt,102
1785734847112,bot0,rtt,105
1785734847114,bot1,rtt,104
1785734847118,bot2,rtt,115
1785734847121,bot3,rtt,114
1785734847123,bot26,rtt,135
1785734847127,bot25,rtt,139
1785734847130,bot28,rtt,142
1785734847133,bot27,rtt,145
1785734847138,bot29,rtt,150
1785734847158,bot5,rtt,151
1785734847163,bot11,rtt,116
1785734848033,bot23,rtt,45
1785734848035,bot24,rtt,53
1785734848037,bot22,rtt,47
1785734848040,bot15,rtt,42
1785734848047,bot2,rtt,43
1785734848052,bot4,rtt,48
1785734848055,bot7,rtt,47
1785734848057,bot6,rtt,53
1785734848060,bot9,rtt,48
1785734848063,bot8,rtt,57
1785734848068,bot10,rtt,66
1785734848070,bot13,rtt,80
1785734848075,bot12,rtt,85
1785734848079,bot17,rtt,77
1785734848081,bot14,rtt,91
1785734848084,bot19,rtt,82
1785734848087,bot16,rtt,85
1785734848090,bot21,rtt,88
1785734848092,bot18,rtt,90
1785734848096,bot20,rtt,94
1785734848102,bot26,rtt,114
1785734848105,bot28,rtt,117
1785734848108,bot25,rtt,120
1785734848111,bot27,rtt,123
1785734848114,bot29,rtt,126
1785734848136,bot0,rtt,128
1785734848139,bot1,rtt,127
1785734848140,bot3,rtt,132
1785734848143,bot5,rtt,135
1785734848178,bot11,rtt,45
1785734849028,bot24,rtt,45
1785734849042,bot13,rtt,51
1785734849043,bot12,rtt,52
1785734849044,bot14,rtt,53
1785734849046,bot17,rtt,43
1785734849048,bot16,rtt,45
1785734849050,bot19,rtt,46
1785734849053,bot18,rtt,49
1785734849055,bot21,rtt,51
1785734849057,bot20,rtt,53
1785734849060,bot23,rtt,71
1785734849063,bot22,rtt,72
1785734849068,bot26,rtt,78
1785734849071,bot25,rtt,81
1785734849074,bot27,rtt,84
1785734849078,bot28,rtt,88
1785734849083,bot29,rtt,93
1785734849086,bot15,rtt,88
1785734849091,bot0,rtt,83
1785734849094,bot1,rtt,82
1785734849110,bot2,rtt,104
1785734849113,bot3,rtt,105
1785734849114,bot4,rtt,110
1785734849118,bot5,rtt,110
1785734849120,bot6,rtt,114
1785734849123,bot7,rtt,115
1785734849125,bot9,rtt,113
1785734849127,bot8,rtt,120
1785734849131,bot10,rtt,127
1785734849190,bot11,rtt,43
1785734850035,bot25,rtt,44
1785734850036,bot27,rtt,42
1785734850040,bot29,rtt,46
1785734850049,bot13,rtt,55
1785734850053,bot17,rtt,50
1785734850055,bot19,rtt,52
1785734850058,bot21,rtt,55
1785734850060,bot23,rtt,69
1785734850063,bot24,rtt,79
1785734850067,bot15,rtt,69
1785734850072,bot0,rtt,63
1785734850075,bot2,rtt,70
1785734850091,bot4,rtt,88
1785734850096,bot6,rtt,91
1785734850099,bot8,rtt,92
1785734850102,bot10,rtt,99
1785734850104,bot12,rtt,110
1785734850107,bot14,rtt,113
1785734850111,bot16,rtt,108
1785734850114,bot18,rtt,111
1785734850117,bot20,rtt,114
1785734850119,bot22,rtt,125
1785734850129,bot1,rtt,116
1785734850131,bot3,rtt,122
1785734850137,bot5,rtt,128
1785734850140,bot7,rtt,130
1785734850142,bot9,rtt,129
1785734850156,bot26,rtt,165
1785734850159,bot28,rtt,165
1785734850232,bot11,rtt,43
1785734851028,bot24,rtt,45
1785734851040,bot23,rtt,49
1785734851044,bot22,rtt,49
1785734851045,bot26,rtt,53
1785734851046,bot25,rtt,54
1785734851048,bot28,rtt,53
1785734851051,bot15,rtt,53
1785734851055,bot0,rtt,47
1785734851059,bot1,rtt,45
1785734851063,bot3,rtt,55
1785734851066,bot2,rtt,61
1785734851070,bot4,rtt,65
1785734851074,bot5,rtt,66
1785734851075,bot27,rtt,80
1785734851079,bot29,rtt,84
1785734851096,bot7,rtt,88
1785734851099,bot6,rtt,94
1785734851103,bot9,rtt,89
1785734851105,bot8,rtt,98
1785734851110,bot10,rtt,105
1785734851112,bot13,rtt,117
1785734851115,bot12,rtt,120
1785734851119,bot17,rtt,114
1785734851121,bot14,rtt,126
1785734851124,bot19,rtt,119
1785734851126,bot16,rtt,121
1785734851131,bot21,rtt,126
1785734851133,bot18,rtt,128
1785734851138,bot20,rtt,133
1785734851237,bot11,rtt,46
1785734852030,bot24,rtt,47
1785734852037,bot13,rtt,41
1785734852051,bot15,rtt,52
1785734852054,bot3,rtt,44
1785734852057,bot5,rtt,47
1785734852059,bot7,rtt,49
1785734852061,bot0,rtt,51
1785734852067,bot2,rtt,61
1785734852072,bot4,rtt,66
1785734852073,bot17,rtt,67
1785734852076,bot6,rtt,70
1785734852077,bot23,rtt,85
1785734852081,bot10,rtt,75
1785734852086,bot12,rtt,90
1785734852088,bot26,rtt,95
1785734852091,bot28,rtt,95
1785734852094,bot14,rtt,98
1785734852098,bot16,rtt,93
1785734852100,bot18,rtt,94
1785734852104,bot20,rtt,98
1785734852106,bot22,rtt,110
1785734852108,bot25,rtt,115
1785734852111,bot27,rtt,116
1785734852115,bot29,rtt,119
1785734852135,bot8,rtt,127
1785734852137,bot21,rtt,131
1785734852139,bot1,rtt,118
1785734852144,bot9,rtt,123
1785734852151,bot19,rtt,145
1785734852233,bot11,rtt,42
1785734853030,bot24,rtt,47
1785734853038,bot12,rtt,42
1785734853039,bot14,rtt,41
1785734853047,bot22,rtt,51
1785734853054,bot25,rtt,60
1785734853059,bot27,rtt,63
1785734853063,bot0,rtt,51
1785734853066,bot2,rtt,60
1785734853068,bot4,rtt,63
1785734853071,bot6,rtt,65
1785734853074,bot8,rtt,66
1785734853078,bot1,rtt,57
1785734853079,bot10,rtt,74
1785734853087,bot3,rtt,75
1785734853088,bot16,rtt,83
1785734853090,bot18,rtt,85
1785734853094,bot5,rtt,82
1785734853095,bot20,rtt,90
1785734853097,bot7,rtt,85
1785734853103,bot29,rtt,107
1785734853106,bot13,rtt,110
1785734853110,bot17,rtt,105
1785734853113,bot19,rtt,108
1785734853116,bot21,rtt,111
1785734853118,bot23,rtt,125
1785734853122,bot15,rtt,121
1785734853130,bot26,rtt,136
1785734853134,bot28,rtt,138
1785734853155,bot9,rtt,134
1785734853236,bot11,rtt,44
1785734854027,bot24,rtt,43
1785734854036,bot23,rtt,43
1785734854038,bot26,rtt,45
1785734854039,bot22,rtt,42
1785734854040,bot28,rtt,44
1785734854041,bot25,rtt,48
1785734854042,bot27,rtt,46
1785734854043,bot29,rtt,47
1785734854048,bot4,rtt,43
1785734854050,bot6,rtt,44
1785734854053,bot8,rtt,43
1785734854054,bot10,rtt,49
1785734854056,bot12,rtt,59
1785734854062,bot3,rtt,45
1785734854064,bot15,rtt,63
1785734854068,bot5,rtt,51
1785734854071,bot7,rtt,54
1785734854074,bot9,rtt,50
1785734854077,bot13,rtt,80
1785734854081,bot17,rtt,76
1785734854093,bot14,rtt,94
1785734854096,bot19,rtt,91
1785734854099,bot21,rtt,94
1785734854102,bot16,rtt,97
1785734854108,bot18,rtt,103
1785734854113,bot20,rtt,108
1785734854133,bot0,rtt,117
1785734854135,bot2,rtt,129
1785734854143,bot1,rtt,119
1785734854236,bot11,rtt,44
1785734855031,bot24,rtt,47
1785734855040,bot12,rtt,43
1785734855045,bot14,rtt,47
1785734855051,bot18,rtt,45
1785734855052,bot13,rtt,55
1785734855056,bot20,rtt,50
1785734855057,bot17,rtt,51
1785734855059,bot22,rtt,62
1785734855061,bot25,rtt,68
1785734855064,bot19,rtt,58
1785734855066,bot27,rtt,70
1785734855070,bot21,rtt,64
1785734855072,bot29,rtt,75
1785734855074,bot23,rtt,81
1785734855080,bot26,rtt,87
1785734855083,bot28,rtt,86
1785734855098,bot0,rtt,78
1785734855099,bot15,rtt,98
1785734855102,bot2,rtt,95
1785734855104,bot4,rtt,98
1785734855107,bot6,rtt,100
1785734855112,bot1,rtt,89
1785734855114,bot8,rtt,103
1785734855115,bot10,rtt,109
1785734855119,bot3,rtt,99
1785734855123,bot5,rtt,103
1785734855125,bot7,rtt,105
1785734855129,bot9,rtt,105
1785734855130,bot16,rtt,124
1785734855235,bot11,rtt,42
1785734856032,bot24,rtt,47
1785734856051,bot12,rtt,54
1785734856053,bot13,rtt,56
1785734856056,bot14,rtt,57
1785734856059,bot17,rtt,51
1785734856061,bot16,rtt,55
1785734856063,bot19,rtt,55
1785734856066,bot18,rtt,58
1785734856068,bot21,rtt,60
1785734856071,bot20,rtt,63
1785734856073,bot23,rtt,79
1785734856080,bot22,rtt,83
1785734856082,bot26,rtt,88
1785734856086,bot25,rtt,92
1785734856089,bot28,rtt,92
1785734856092,bot27,rtt,97
1785734856095,bot29,rtt,98
1785734856099,bot15,rtt,98
1785734856119,bot1,rtt,93
1785734856122,bot0,rtt,97
1785734856123,bot2,rtt,115
1785734856129,bot3,rtt,103
1785734856131,bot4,rtt,123
1785734856134,bot5,rtt,108
1785734856135,bot6,rtt,127
1785734856138,bot7,rtt,112
1785734856140,bot8,rtt,127
1785734856143,bot9,rtt,117
1785734856144,bot10,rtt,136
1785734856235,bot11,rtt,43
1785734857031,bot24,rtt,45
1785734857047,bot23,rtt,54
1785734857051,bot4,rtt,42
1785734857052,bot26,rtt,59
1785734857056,bot6,rtt,47
1785734857057,bot28,rtt,59
1785734857063,bot10,rtt,54
1785734857064,bot12,rtt,65
1785734857068,bot14,rtt,67
1785734857071,bot16,rtt,65
1785734857074,bot18,rtt,65
1785734857078,bot20,rtt,69
1785734857080,bot22,rtt,81
1785734857083,bot25,rtt,90
1785734857086,bot27,rtt,91
1785734857089,bot29,rtt,90
1785734857095,bot1,rtt,69
1785734857116,bot3,rtt,90
1785734857119,bot5,rtt,93
1785734857122,bot7,rtt,96
1785734857125,bot9,rtt,99
1785734857129,bot13,rtt,130
1785734857131,bot17,rtt,124
1785734857133,bot15,rtt,132
1785734857138,bot0,rtt,112
1785734857140,bot19,rtt,131
1785734857142,bot21,rtt,133
1785734857144,bot2,rtt,135
1785734857157,bot8,rtt,137
1785734857238,bot11,rtt,45
1785734858032,bot24,rtt,46
1785734858045,bot22,rtt,46
1785734858047,bot25,rtt,54
1785734858049,bot27,rtt,53
1785734858053,bot29,rtt,54
1785734858062,bot13,rtt,63
1785734858064,bot17,rtt,57
1785734858067,bot19,rtt,58
1785734858070,bot21,rtt,61
1785734858072,bot23,rtt,79
1785734858078,bot26,rtt,85
1785734858081,bot28,rtt,82
1785734858086,bot0,rtt,60
1785734858103,bot2,rtt,94
1785734858111,bot4,rtt,102
1785734858113,bot6,rtt,104
1785734858120,bot8,rtt,96
1785734858123,bot10,rtt,114
1785734858126,bot12,rtt,127
1785734858131,bot14,rtt,130
1785734858135,bot16,rtt,128
1785734858137,bot15,rtt,136
1785734858142,bot1,rtt,116
1785734858143,bot18,rtt,135
1785734858145,bot20,rtt,136
1785734858150,bot3,rtt,124
1785734858156,bot5,rtt,130
1785734858159,bot7,rtt,133
1785734858161,bot9,rtt,135
1785734858240,bot11,rtt,43
1785734859031,bot24,rtt,45
1785734859053,bot20,rtt,44
1785734859054,bot23,rtt,60
1785734859060,bot15,rtt,58
1785734859065,bot2,rtt,56
1785734859072,bot5,rtt,45
1785734859074,bot4,rtt,65
1785734859078,bot7,rtt,51
1785734859080,bot6,rtt,71
1785734859085,bot9,rtt,58
1785734859088,bot8,rtt,62
1785734859090,bot10,rtt,81
1785734859097,bot12,rtt,97
1785734859099,bot13,rtt,99
1785734859102,bot14,rtt,100
1785734859105,bot17,rtt,97
1785734859107,bot16,rtt,99
1785734859109,bot19,rtt,100
1785734859111,bot18,rtt,103
1785734859113,bot21,rtt,104
1785734859115,bot22,rtt,115
1785734859121,bot25,rtt,127
1785734859125,bot26,rtt,131
1785734859128,bot27,rtt,131
1785734859131,bot28,rtt,132
1785734859134,bot29,rtt,134
1785734859161,bot1,rtt,134
1785734859163,bot0,rtt,136
1785734859168,bot3,rtt,141
1785734859246,bot11,rtt,47
1785734860032,bot24,rtt,47
1785734860046,bot22,rtt,46
1785734860048,bot25,rtt,54
1785734860049,bot27,rtt,50
1785734860053,bot29,rtt,53
1785734860055,bot13,rtt,55
1785734860058,bot17,rtt,50
1785734860060,bot19,rtt,50
1785734860062,bot21,rtt,52
1785734860063,bot23,rtt,69
1785734860069,bot26,rtt,75
1785734860072,bot28,rtt,72
1785734860083,bot0,rtt,47
1785734860085,bot15,rtt,83
1785734860088,bot2,rtt,78
1785734860091,bot4,rtt,81
1785734860094,bot6,rtt,84
1785734860098,bot8,rtt,62
1785734860099,bot10,rtt,89
1785734860101,bot12,rtt,101
1785734860106,bot1,rtt,70
1785734860107,bot14,rtt,105
1785734860111,bot16,rtt,103
1785734860115,bot3,rtt,79
1785734860116,bot18,rtt,108
1785734860120,bot5,rtt,84
1785734860121,bot20,rtt,111
1785734860124,bot7,rtt,88
1785734860128,bot9,rtt,92
1785734860242,bot11,rtt,42
1785734861030,bot24,rtt,45
1785734861048,bot23,rtt,54
1785734861051,bot22,rtt,50
1785734861054,bot26,rtt,60
1785734861056,bot25,rtt,62
1785734861059,bot28,rtt,58
1785734861061,bot27,rtt,62
1785734861063,bot29,rtt,62
1785734861077,bot15,rtt,75
1785734861084,bot2,rtt,73
1785734861088,bot4,rtt,77
1785734861092,bot6,rtt,81
1785734861098,bot10,rtt,87
1785734861099,bot13,rtt,98
1785734861101,bot12,rtt,100
1785734861103,bot14,rtt,101
1785734861105,bot17,rtt,97
1785734861106,bot16,rtt,98
1785734861108,bot19,rtt,97
1785734861109,bot21,rtt,98
1785734861110,bot18,rtt,102
1785734861113,bot20,rtt,102
1785734861135,bot1,rtt,65
1785734861135,bot0,rtt,65
1785734861136,bot3,rtt,66
1785734861138,bot5,rtt,68
1785734861140,bot7,rtt,70
1785734861144,bot9,rtt,74
1785734861148,bot8,rtt,78
1785734861243,bot11,rtt,43
1785734862028,bot24,rtt,43
1785734862043,bot22,rtt,41
1785734862046,bot15,rtt,44
1785734862051,bot12,rtt,49
1785734862053,bot14,rtt,51
1785734862056,bot16,rtt,48
1785734862058,bot18,rtt,50
1785734862063,bot25,rtt,69
1785734862068,bot27,rtt,69
1785734862070,bot13,rtt,68
1785734862073,bot29,rtt,71
1785734862077,bot17,rtt,69
1785734862080,bot19,rtt,69
1785734862082,bot21,rtt,71
1785734862084,bot23,rtt,90
1785734862089,bot26,rtt,95
1785734862092,bot28,rtt,90
1785734862110,bot20,rtt,99
1785734862118,bot2,rtt,107
1785734862121,bot4,rtt,110
1785734862126,bot6,rtt,115
1785734862129,bot10,rtt,118
1785734862150,bot1,rtt,41
1785734862152,bot3,rtt,43
1785734862152,bot5,rtt,43
1785734862154,bot7,rtt,45
1785734862154,bot9,rtt,45
1785734862155,bot0,rtt,46
1785734862161,bot8,rtt,53
1785734862244,bot11,rtt,43
1785734863031,bot24,rtt,46
1785734863044,bot12,rtt,43
1785734863045,bot14,rtt,42
1785734863053,bot18,rtt,45
1785734863057,bot20,rtt,46
1785734863058,bot13,rtt,57
1785734863061,bot22,rtt,60
1785734863062,bot25,rtt,67
1785734863065,bot27,rtt,66
1785734863068,bot17,rtt,60
1785734863070,bot29,rtt,69
1785734863074,bot19,rtt,63
1785734863076,bot21,rtt,65
1785734863077,bot23,rtt,82
1785734863085,bot26,rtt,90
1785734863087,bot28,rtt,86
1785734863104,bot2,rtt,93
1785734863106,bot4,rtt,95
1785734863108,bot15,rtt,105
1785734863110,bot6,rtt,99
1785734863115,bot10,rtt,104
1785734863128,bot16,rtt,120
1785734863178,bot0,rtt,41
1785734863180,bot1,rtt,43
1785734863181,bot3,rtt,44
1785734863184,bot5,rtt,47
1785734863186,bot7,rtt,49
1785734863186,bot8,rtt,49
1785734863187,bot9,rtt,50
1785734863260,bot11,rtt,46
1785734864013,bot0,respawn
1785734864034,bot24,rtt,45
1785734864044,bot13,rtt,43
1785734864048,bot23,rtt,52
1785734864050,bot26,rtt,54
1785734864052,bot28,rtt,51
1785734864054,bot12,rtt,53
1785734864057,bot14,rtt,46
1785734864059,bot16,rtt,48
1785734864061,bot18,rtt,50
1785734864065,bot20,rtt,54
1785734864066,bot22,rtt,65
1785734864068,bot25,rtt,72
1785734864071,bot27,rtt,72
1785734864074,bot29,rtt,73
1785734864098,bot6,rtt,87
1785734864100,bot17,rtt,89
1785734864112,bot15,rtt,101
1785734864114,bot2,rtt,103
1785734864116,bot4,rtt,105
1785734864119,bot19,rtt,108
1785734864125,bot21,rtt,114
1785734864142,bot10,rtt,131
1785734864198,bot1,rtt,41
1785734864199,bot3,rtt,42
1785734864201,bot5,rtt,44
1785734864202,bot7,rtt,45
1785734864203,bot9,rtt,46
1785734864206,bot8,rtt,50
1785734864226,bot0,rtt,69
1785734864283,bot11,rtt,43
1785734865035,bot24,rtt,44
1785734865053,bot12,rtt,50
1785734865056,bot13,rtt,53
1785734865059,bot16,rtt,46
1785734865061,bot17,rtt,48
1785734865063,bot18,rtt,50
1785734865066,bot20,rtt,52
1785734865068,bot19,rtt,55
1785734865070,bot22,rtt,67
1785734865073,bot21,rtt,59
1785734865074,bot25,rtt,76
1785734865077,bot23,rtt,79
1785734865083,bot27,rtt,83
1785734865089,bot29,rtt,86
1785734865091,bot26,rtt,93
1785734865103,bot28,rtt,100
1785734865127,bot2,rtt,113
1785734865131,bot4,rtt,117
1785734865133,bot6,rtt,119
1785734865143,bot10,rtt,129
1785734865144,bot15,rtt,131
1785734865152,bot14,rtt,139
1785734865236,bot3,rtt,51
1785734865238,bot5,rtt,53
1785734865239,bot8,rtt,54
1785734865240,bot7,rtt,55
1785734865243,bot9,rtt,58
1785734865259,bot0,rtt,74
1785734865262,bot1,rtt,77
1785734865314,bot11,rtt,46
1785734866047,bot23,rtt,47
1785734866048,bot24,rtt,48
1785734866049,bot12,rtt,42
1785734866050,bot26,rtt,44
1785734866053,bot28,rtt,46
1785734866058,bot22,rtt,51
1785734866059,bot25,rtt,53
1785734866060,bot27,rtt,54
1785734866062,bot29,rtt,55
1785734866093,bot4,rtt,76
1785734866095,bot13,rtt,88
1785734866098,bot17,rtt,81
1785734866103,bot6,rtt,86
1785734866104,bot19,rtt,87
1785734866110,bot21,rtt,93
1785734866113,bot10,rtt,96
1785734866124,bot14,rtt,107
1785734866129,bot16,rtt,112
1785734866132,bot18,rtt,115
1785734866134,bot20,rtt,117
1785734866157,bot15,rtt,140
1785734866166,bot2,rtt,149
1785734866252,bot1,rtt,43
1785734866254,bot3,rtt,45
1785734866256,bot5,rtt,47
1785734866256,bot8,rtt,47
1785734866257,bot7,rtt,48
1785734866259,bot9,rtt,50
1785734866278,bot0,rtt,69
1785734866333,bot11,rtt,47
1785734867055,bot22,rtt,49
1785734867055,bot23,rtt,55
1785734867057,bot25,rtt,51
1785734867059,bot24,rtt,59
1785734867062,bot27,rtt,56
1785734867064,bot26,rtt,58
1785734867066,bot29,rtt,60
1785734867070,bot28,rtt,64
1785734867086,bot15,rtt,69
1785734867092,bot2,rtt,74
1785734867134,bot4,rtt,116
1785734867139,bot6,rtt,121
1785734867155,bot10,rtt,137
1785734867160,bot12,rtt,154
1785734867170,bot14,rtt,153
1785734867172,bot13,rtt,165
1785734867178,bot16,rtt,161
1785734867182,bot17,rtt,165
1785734867186,bot18,rtt,169
1785734867188,bot19,rtt,171
1785734867191,bot20,rtt,174
1785734867193,bot21,rtt,176
1785734867301,bot5,rtt,55
1785734867303,bot7,rtt,57
1785734867305,bot9,rtt,59
1785734867306,bot8,rtt,61
1785734867332,bot0,rtt,86
1785734867344,bot3,rtt,98
1785734867349,bot1,rtt,103
1785734867373,bot11,rtt,76
1785734868058,bot13,rtt,49
1785734868069,bot23,rtt,69
1785734868071,bot24,rtt,71
1785734868073,bot26,rtt,66
1785734868076,bot12,rtt,69
1785734868079,bot14,rtt,50
1785734868081,bot28,rtt,74
1785734868087,bot16,rtt,58
1785734868090,bot18,rtt,61
1785734868094,bot20,rtt,65
1785734868095,bot22,rtt,88
1785734868098,bot25,rtt,91
1785734868100,bot27,rtt,93
1785734868103,bot29,rtt,96
1785734868136,bot15,rtt,107
1785734868145,bot2,rtt,115
1785734868150,bot4,rtt,120
1785734868157,bot6,rtt,127
1785734868158,bot17,rtt,129
1785734868160,bot19,rtt,131
1785734868164,bot21,rtt,135
1785734868166,bot10,rtt,136
1785734868290,bot1,rtt,42
1785734868294,bot3,rtt,46
1785734868301,bot5,rtt,53
1785734868302,bot8,rtt,54
1785734868304,bot7,rtt,56
1785734868306,bot9,rtt,53
1785734868319,bot0,rtt,71
1785734868398,bot11,rtt,50
1785734869048,bot23,rtt,47
1785734869049,bot24,rtt,48
1785734869050,bot28,rtt,42
1785734869057,bot12,rtt,49
1785734869057,bot25,rtt,49
1785734869063,bot26,rtt,57
1785734869073,bot15,rtt,44
1785734869077,bot2,rtt,48
1785734869079,bot4,rtt,50
1785734869082,bot6,rtt,53
1785734869086,bot10,rtt,57
1785734869091,bot14,rtt,62
1785734869093,bot13,rtt,85
1785734869097,bot16,rtt,68
1785734869099,bot18,rtt,70
1785734869100,bot22,rtt,92
1785734869104,bot21,rtt,75
1785734869105,bot27,rtt,97
1785734869107,bot29,rtt,99
1785734869116,bot20,rtt,87
1785734869123,bot17,rtt,94
1785734869145,bot19,rtt,116
1785734869292,bot8,rtt,43
1785734869302,bot0,rtt,53
1785734869303,bot1,rtt,54
1785734869304,bot3,rtt,55
1785734869305,bot5,rtt,56
1785734869305,bot7,rtt,56
1785734869307,bot9,rtt,53
1785734869392,bot11,rtt,44
1785734870048,bot23,rtt,48
1785734870049,bot24,rtt,49
1785734870050,bot26,rtt,44
1785734870052,bot25,rtt,44
1785734870053,bot27,rtt,45
1785734870054,bot28,rtt,46
1785734870056,bot29,rtt,48
1785734870070,bot12,rtt,62
1785734870071,bot13,rtt,62
1785734870076,bot16,rtt,44
1785734870079,bot19,rtt,47
1785734870081,bot21,rtt,49
1785734870084,bot18,rtt,52
1785734870086,bot20,rtt,54
1785734870089,bot22,rtt,80
1785734870100,bot2,rtt,68
1785734870102,bot15,rtt,70
1785734870116,bot4,rtt,84
1785734870120,bot6,rtt,88
1785734870124,bot10,rtt,92
1785734870131,bot14,rtt,99
1785734870132,bot17,rtt,100
1785734870293,bot3,rtt,43
1785734870294,bot5,rtt,44
1785734870295,bot7,rtt,45
1785734870295,bot8,rtt,47
1785734870297,bot9,rtt,42
1785734870312,bot0,rtt,63
1785734870317,bot1,rtt,67
1785734870392,bot11,rtt,44
1785734871048,bot23,rtt,48
1785734871049,bot24,rtt,49
1785734871050,bot22,rtt,42
1785734871051,bot26,rtt,44
1785734871053,bot25,rtt,45
1785734871054,bot28,rtt,46
1785734871055,bot27,rtt,47
1785734871056,bot29,rtt,48
1785734871068,bot13,rtt,60
1785734871069,bot12,rtt,61
1785734871076,bot16,rtt,44
1785734871078,bot21,rtt,44
1785734871081,bot18,rtt,47
1785734871087,bot20,rtt,53
1785734871107,bot15,rtt,75
1785734871112,bot2,rtt,78
1785734871115,bot4,rtt,81
1785734871118,bot6,rtt,84
1785734871149,bot10,rtt,115
1785734871157,bot14,rtt,125
1785734871161,bot17,rtt,127
1785734871164,bot19,rtt,130
1785734871308,bot1,rtt,43
1785734871313,bot8,rtt,48
1785734871317,bot3,rtt,52
1785734871318,bot5,rtt,53
1785734871322,bot7,rtt,57
1785734871326,bot9,rtt,61
1785734871360,bot0,rtt,95
1785734871432,bot11,rtt,52
1785734872050,bot25,rtt,41
1785734872052,bot27,rtt,43
1785734872052,bot23,rtt,51
1785734872054,bot29,rtt,45
1785734872055,bot24,rtt,55
1785734872057,bot26,rtt,51
1785734872059,bot28,rtt,50
1785734872076,bot12,rtt,67
1785734872081,bot14,rtt,49
1785734872088,bot16,rtt,56
1785734872091,bot18,rtt,57
1785734872092,bot13,rtt,83
1785734872095,bot20,rtt,61
1785734872096,bot22,rtt,87
1785734872099,bot17,rtt,65
1785734872101,bot19,rtt,67
1785734872105,bot21,rtt,71
1785734872119,bot2,rtt,85
1785734872122,bot4,rtt,88
1785734872135,bot15,rtt,103
1785734872140,bot6,rtt,106
1785734872144,bot10,rtt,110
1785734872316,bot1,rtt,46
1785734872318,bot3,rtt,48
1785734872320,bot8,rtt,50
1785734872321,bot5,rtt,51
1785734872323,bot7,rtt,53
1785734872325,bot9,rtt,55
1785734872344,bot0,rtt,74
1785734872423,bot11,rtt,43
1785734873049,bot23,rtt,49
1785734873050,bot24,rtt,50
1785734873051,bot26,rtt,44
1785734873052,bot28,rtt,42
1785734873066,bot12,rtt,56
1785734873070,bot13,rtt,60
1785734873078,bot20,rtt,44
1785734873081,bot19,rtt,47
1785734873082,bot22,rtt,72
1785734873086,bot21,rtt,52
1785734873086,bot25,rtt,76
1785734873091,bot27,rtt,81
1785734873096,bot29,rtt,86
1785734873112,bot15,rtt,80
1785734873114,bot2,rtt,80
1785734873118,bot4,rtt,84
1785734873122,bot6,rtt,88
1785734873127,bot10,rtt,93
1785734873131,bot14,rtt,99
1785734873134,bot16,rtt,102
1785734873136,bot18,rtt,102
1785734873137,bot17,rtt,103
1785734873319,bot3,rtt,45
1785734873322,bot5,rtt,47
1785734873322,bot7,rtt,48
1785734873323,bot8,rtt,49
1785734873325,bot9,rtt,50
1785734873345,bot0,rtt,71
1785734873351,bot1,rtt,76
1785734873425,bot11,rtt,45
1785734874047,bot23,rtt,46
1785734874047,bot24,rtt,46
1785734874056,bot13,rtt,43
1785734874058,bot12,rtt,45
1785734874063,bot26,rtt,55
1785734874065,bot28,rtt,52
1785734874079,bot4,rtt,44
1785734874080,bot15,rtt,47
1785734874088,bot6,rtt,53
1785734874097,bot10,rtt,62
1785734874098,bot17,rtt,63
1785734874102,bot19,rtt,67
1785734874104,bot21,rtt,69
1785734874108,bot14,rtt,75
1785734874111,bot16,rtt,78
1785734874113,bot2,rtt,78
1785734874114,bot18,rtt,79
1785734874116,bot20,rtt,81
1785734874118,bot22,rtt,105
1785734874120,bot25,rtt,107
1785734874124,bot27,rtt,111
1785734874127,bot29,rtt,114
1785734874335,bot1,rtt,60
1785734874338,bot3,rtt,63
1785734874339,bot5,rtt,64
1785734874340,bot8,rtt,65
1785734874341,bot7,rtt,66
1785734874343,bot9,rtt,68
1785734874348,bot0,rtt,73
1785734874426,bot11,rtt,45
1785734875050,bot23,rtt,49
1785734875051,bot24,rtt,50
1785734875052,bot26,rtt,44
1785734875056,bot27,rtt,42
1785734875058,bot29,rtt,44
1785734875060,bot13,rtt,46
1785734875070,bot12,rtt,56
1785734875081,bot22,rtt,67
1785734875083,bot25,rtt,69
1785734875096,bot15,rtt,61
1785734875099,bot17,rtt,62
1785734875101,bot19,rtt,64
1785734875103,bot21,rtt,66
1785734875113,bot28,rtt,99
1785734875128,bot16,rtt,93
1785734875130,bot14,rtt,96
1785734875133,bot18,rtt,96
1785734875135,bot20,rtt,98
1785734875141,bot2,rtt,104
1785734875143,bot4,rtt,106
1785734875144,bot6,rtt,107
1785734875147,bot10,rtt,110
1785734875332,bot0,rtt,55
1785734875342,bot5,rtt,65
1785734875344,bot7,rtt,67
1785734875344,bot8,rtt,67
1785734875346,bot9,rtt,69
1785734875352,bot1,rtt,75
1785734875354,bot3,rtt,77
1785734875424,bot11,rtt,43
1785734876050,bot23,rtt,49
1785734876050,bot24,rtt,49
1785734876052,bot26,rtt,44
1785734876088,bot10,rtt,48
1785734876091,bot12,rtt,69
1785734876093,bot13,rtt,71
1785734876096,bot14,rtt,61
1785734876098,bot17,rtt,61
1785734876100,bot21,rtt,60
1785734876102,bot18,rtt,62
1785734876107,bot20,rtt,67
1785734876111,bot22,rtt,89
1785734876115,bot25,rtt,94
1785734876117,bot28,rtt,95
1785734876121,bot27,rtt,99
1785734876124,bot29,rtt,102
1785734876143,bot2,rtt,103
1785734876145,bot15,rtt,110
1785734876148,bot4,rtt,108
1785734876149,bot6,rtt,109
1785734876156,bot16,rtt,121
1785734876158,bot19,rtt,118
1785734876322,bot0,rtt,44
1785734876324,bot3,rtt,46
1785734876326,bot5,rtt,48
1785734876326,bot8,rtt,48
1785734876327,bot7,rtt,49
1785734876328,bot9,rtt,50
1785734876342,bot1,rtt,64
1785734876426,bot11,rtt,46
1785734876923,bot3,respawn
1785734877050,bot23,rtt,49
1785734877051,bot24,rtt,50
1785734877052,bot26,rtt,43
1785734877085,bot15,rtt,41
1785734877096,bot12,rtt,52
1785734877099,bot14,rtt,55
1785734877102,bot13,rtt,58
1785734877105,bot17,rtt,61
1785734877107,bot19,rtt,49
1785734877109,bot21,rtt,51
1785734877129,bot2,rtt,71
1785734877129,bot4,rtt,71
1785734877131,bot6,rtt,73
1785734877135,bot10,rtt,77
1785734877157,bot16,rtt,113
1785734877159,bot28,rtt,116
1785734877162,bot18,rtt,104
1785734877168,bot20,rtt,110
1785734877170,bot22,rtt,126
1785734877172,bot25,rtt,129
1785734877175,bot27,rtt,132
1785734877178,bot29,rtt,134
1785734877326,bot3,rtt,46
1785734877328,bot0,rtt,48
1785734877331,bot5,rtt,51
1785734877332,bot7,rtt,52
1785734877333,bot8,rtt,54
1785734877334,bot9,rtt,54
1785734877348,bot1,rtt,68
1785734877431,bot11,rtt,51
1785734878048,bot23,rtt,47
1785734878049,bot24,rtt,48
1785734878056,bot26,rtt,46
1785734878087,bot15,rtt,43
1785734878098,bot12,rtt,54
1785734878099,bot13,rtt,55
1785734878101,bot14,rtt,57
1785734878103,bot17,rtt,59
1785734878104,bot16,rtt,60
1785734878107,bot19,rtt,47
1785734878109,bot18,rtt,49
1785734878112,bot21,rtt,52
1785734878114,bot20,rtt,54
1785734878115,bot22,rtt,71
1785734878136,bot2,rtt,76
1785734878138,bot4,rtt,78
1785734878140,bot6,rtt,80
1785734878144,bot10,rtt,84
1785734878156,bot25,rtt,112
1785734878158,bot27,rtt,114
1785734878161,bot28,rtt,117
1785734878163,bot29,rtt,119
1785734878332,bot3,rtt,49
1785734878335,bot0,rtt,52
1785734878338,bot1,rtt,55
1785734878340,bot5,rtt,57
1785734878342,bot7,rtt,59
1785734878343,bot9,rtt,60
1785734878344,bot8,rtt,61
1785734878435,bot11,rtt,54
1785734879053,bot23,rtt,51
1785734879053,bot24,rtt,51
1785734879054,bot26,rtt,44
1785734879089,bot28,rtt,42
1785734879102,bot14,rtt,55
1785734879103,bot16,rtt,56
1785734879107,bot22,rtt,60
1785734879108,bot25,rtt,61
1785734879110,bot27,rtt,63
1785734879112,bot29,rtt,65
1785734879122,bot2,rtt,43
1785734879125,bot4,rtt,46
1785734879127,bot6,rtt,48
1785734879131,bot15,rtt,84
1785734879138,bot10,rtt,59
1785734879141,bot12,rtt,94
1785734879146,bot13,rtt,99
1785734879156,bot17,rtt,109
1785734879182,bot18,rtt,103
1785734879184,bot20,rtt,105
1785734879188,bot19,rtt,109
1785734879191,bot21,rtt,112
1785734879333,bot7,rtt,45
1785734879334,bot9,rtt,46
1785734879336,bot3,rtt,48
1785734879338,bot0,rtt,50
1785734879342,bot8,rtt,54
1785734879344,bot1,rtt,56
1785734879346,bot5,rtt,58
1785734879442,bot11,rtt,57
1785734880051,bot23,rtt,49
1785734880051,bot24,rtt,49
1785734880059,bot26,rtt,48
1785734880098,bot13,rtt,49
1785734880099,bot17,rtt,50
1785734880111,bot28,rtt,62
1785734880122,bot15,rtt,73
1785734880132,bot19,rtt,52
1785734880133,bot21,rtt,53
1785734880135,bot2,rtt,55
1785734880138,bot4,rtt,58
1785734880140,bot6,rtt,60
1785734880143,bot10,rtt,63
1785734880144,bot12,rtt,95
1785734880154,bot14,rtt,105
1785734880157,bot16,rtt,108
1785734880160,bot18,rtt,80
1785734880162,bot20,rtt,82
1785734880163,bot22,rtt,114
1785734880165,bot25,rtt,116
1785734880167,bot27,rtt,118
1785734880170,bot29,rtt,121
1785734880343,bot0,rtt,52
1785734880345,bot3,rtt,54
1785734880347,bot1,rtt,56
1785734880350,bot5,rtt,59
1785734880352,bot7,rtt,61
1785734880354,bot9,rtt,63
1785734880356,bot8,rtt,66
1785734880444,bot11,rtt,44
1785734881048,bot23,rtt,47
1785734881049,bot24,rtt,48
1785734881069,bot26,rtt,51
1785734881107,bot13,rtt,51
1785734881109,bot17,rtt,53
1785734881122,bot12,rtt,66
1785734881128,bot14,rtt,72
1785734881135,bot16,rtt,79
1785734881138,bot28,rtt,82
1785734881151,bot18,rtt,70
1785734881154,bot20,rtt,73
1785734881156,bot22,rtt,100
1785734881158,bot25,rtt,102
1785734881161,bot27,rtt,105
1785734881163,bot29,rtt,107
1785734881169,bot15,rtt,113
1785734881196,bot2,rtt,115
1785734881199,bot4,rtt,118
1785734881205,bot6,rtt,124
1785734881207,bot19,rtt,126
1785734881209,bot21,rtt,128
1785734881211,bot10,rtt,130
1785734881333,bot0,rtt,43
1785734881337,bot5,rtt,47
1785734881339,bot7,rtt,49
1785734881342,bot9,rtt,52
1785734881343,bot8,rtt,53
1785734881364,bot3,rtt,74
1785734881369,bot1,rtt,79
1785734881458,bot11,rtt,51
1785734882047,bot23,rtt,46
1785734882048,bot24,rtt,47
1785734882074,bot26,rtt,57
1785734882107,bot12,rtt,51
1785734882109,bot14,rtt,53
1785734882110,bot13,rtt,54
1785734882111,bot16,rtt,55
1785734882112,bot17,rtt,56
1785734882120,bot22,rtt,64
1785734882123,bot25,rtt,68
1785734882129,bot27,rtt,73
1785734882133,bot29,rtt,77
1785734882135,bot28,rtt,79
1785734882166,bot2,rtt,84
1785734882170,bot4,rtt,88
1785734882172,bot6,rtt,90
1785734882177,bot10,rtt,95
1785734882189,bot18,rtt,109
1785734882190,bot19,rtt,110
1785734882192,bot20,rtt,112
1785734882193,bot21,rtt,113
1785734882207,bot15,rtt,151
1785734882333,bot0,rtt,43
1785734882341,bot1,rtt,51
1785734882343,bot5,rtt,53
1785734882345,bot7,rtt,55
1785734882346,bot8,rtt,56
1785734882347,bot9,rtt,57
1785734882364,bot3,rtt,74
1785734882450,bot11,rtt,43
1785734883050,bot23,rtt,48
1785734883051,bot24,rtt,49
1785734883069,bot26,rtt,44
1785734883104,bot15,rtt,45
1785734883110,bot12,rtt,52
1785734883113,bot14,rtt,54
1785734883116,bot13,rtt,57
1785734883117,bot16,rtt,58
1785734883120,bot17,rtt,61
1785734883125,bot21,rtt,43
1785734883126,bot22,rtt,68
1785734883130,bot25,rtt,72
1785734883135,bot27,rtt,77
1785734883138,bot29,rtt,80
1785734883143,bot28,rtt,85
1785734883164,bot2,rtt,81
1785734883169,bot4,rtt,86
1785734883171,bot6,rtt,88
1785734883176,bot10,rtt,93
1785734883186,bot18,rtt,104
1785734883188,bot20,rtt,106
1785734883189,bot19,rtt,107
1785734883332,bot1,rtt,41
1785734883335,bot5,rtt,44
1785734883337,bot7,rtt,46
1785734883338,bot9,rtt,47
1785734883339,bot8,rtt,48
1785734883352,bot3,rtt,61
1785734883357,bot0,rtt,66
1785734883449,bot11,rtt,42
1785734884050,bot23,rtt,47
1785734884051,bot24,rtt,48
1785734884072,bot26,rtt,47
1785734884100,bot15,rtt,42
1785734884109,bot13,rtt,51
1785734884113,bot12,rtt,55
1785734884114,bot17,rtt,56
1785734884115,bot14,rtt,57
1785734884120,bot16,rtt,62
1785734884128,bot20,rtt,45
1785734884129,bot28,rtt,71
1785734884132,bot22,rtt,74
1785734884136,bot25,rtt,78
1785734884140,bot27,rtt,82
1785734884143,bot29,rtt,85
1785734884162,bot2,rtt,78
1785734884164,bot4,rtt,80
1785734884168,bot6,rtt,84
1785734884172,bot10,rtt,88
1785734884177,bot19,rtt,94
1785734884178,bot21,rtt,95
1785734884181,bot18,rtt,98
1785734884351,bot1,rtt,60
1785734884355,bot3,rtt,64
1785734884359,bot0,rtt,68
1785734884362,bot5,rtt,71
1785734884363,bot7,rtt,72
1785734884365,bot9,rtt,74
1785734884366,bot8,rtt,75
1785734884449,bot11,rtt,42
1785734885052,bot23,rtt,49
1785734885052,bot24,rtt,49
1785734885074,bot26,rtt,49
1785734885103,bot15,rtt,42
1785734885113,bot12,rtt,53
1785734885116,bot14,rtt,56
1785734885119,bot16,rtt,58
1785734885120,bot13,rtt,60
1785734885123,bot17,rtt,62
1785734885127,bot20,rtt,43
1785734885129,bot19,rtt,45
1785734885130,bot22,rtt,70
1785734885133,bot21,rtt,49
1785734885134,bot25,rtt,74
1785734885137,bot27,rtt,77
1785734885141,bot29,rtt,81
1785734885151,bot28,rtt,91
1785734885174,bot2,rtt,89
1785734885175,bot4,rtt,90
1785734885180,bot6,rtt,95
1785734885184,bot10,rtt,99
1785734885193,bot18,rtt,111
1785734885340,bot8,rtt,44
1785734885345,bot0,rtt,49
1785734885346,bot1,rtt,49
1785734885348,bot5,rtt,52
1785734885350,bot7,rtt,54
1785734885351,bot9,rtt,54
1785734885366,bot3,rtt,70
1785734885389,bot12,respawn
1785734885451,bot11,rtt,43
1785734886051,bot23,rtt,47
1785734886052,bot24,rtt,49
1785734886071,bot26,rtt,43
1785734886112,bot15,rtt,51
1785734886115,bot13,rtt,54
1785734886119,bot14,rtt,58
1785734886121,bot17,rtt,60
1785734886122,bot16,rtt,61
1785734886131,bot22,rtt,70
1785734886134,bot25,rtt,74
1785734886140,bot27,rtt,79
1785734886143,bot28,rtt,82
1785734886145,bot29,rtt,84
1785734886151,bot12,rtt,90
1785734886178,bot4,rtt,86
1785734886180,bot6,rtt,88
1785734886187,bot10,rtt,95
1785734886192,bot19,rtt,103
1785734886193,bot18,rtt,104
1785734886194,bot21,rtt,105
1785734886195,bot20,rtt,106
1785734886203,bot2,rtt,111
1785734886340,bot1,rtt,43
1785734886343,bot5,rtt,46
1785734886345,bot7,rtt,48
1785734886346,bot8,rtt,50
1785734886347,bot9,rtt,50
1785734886362,bot3,rtt,65
1785734886364,bot0,rtt,67
1785734886451,bot11,rtt,43
1785734887053,bot23,rtt,48
1785734887053,bot24,rtt,48
1785734887073,bot26,rtt,46
1785734887104,bot15,rtt,43
1785734887106,bot14,rtt,45
1785734887107,bot16,rtt,46
1785734887124,bot22,rtt,63
1785734887126,bot13,rtt,65
1785734887127,bot25,rtt,67
1785734887128,bot27,rtt,68
1785734887130,bot17,rtt,69
1785734887132,bot29,rtt,71
1785734887136,bot19,rtt,46
1785734887138,bot12,rtt,77
1785734887147,bot21,rtt,57
1785734887154,bot28,rtt,93
1785734887171,bot18,rtt,83
1785734887174,bot2,rtt,82
1785734887175,bot4,rtt,83
1785734887176,bot6,rtt,84
1785734887178,bot10,rtt,86
1785734887181,bot20,rtt,91
1785734887339,bot1,rtt,43
1785734887341,bot5,rtt,45
1785734887343,bot7,rtt,47
1785734887345,bot9,rtt,47
1785734887348,bot8,rtt,52
1785734887363,bot3,rtt,67
1785734887365,bot0,rtt,69
1785734887451,bot11,rtt,43
1785734888050,bot23,rtt,46
1785734888050,bot24,rtt,46
1785734888080,bot26,rtt,53
1785734888116,bot15,rtt,54
1785734888125,bot13,rtt,63
1785734888127,bot14,rtt,65
1785734888128,bot17,rtt,66
1785734888131,bot16,rtt,69
1785734888135,bot18,rtt,43
1785734888138,bot20,rtt,46
1785734888141,bot22,rtt,79
1785734888143,bot28,rtt,81
1785734888147,bot25,rtt,85
1785734888149,bot27,rtt,87
1785734888154,bot29,rtt,92
1785734888158,bot12,rtt,96
1785734888179,bot2,rtt,84
1785734888197,bot10,rtt,102
1785734888201,bot19,rtt,109
1785734888202,bot21,rtt,110
1785734888214,bot4,rtt,119
1785734888216,bot6,rtt,121
1785734888345,bot3,rtt,47
1785734888346,bot1,rtt,48
1785734888348,bot5,rtt,50
1785734888349,bot7,rtt,51
1785734888350,bot9,rtt,52
1785734888353,bot8,rtt,56
1785734888368,bot0,rtt,70
1785734888455,bot11,rtt,46
1785734888525,bot24,respawn
1785734889053,bot23,rtt,48
1785734889056,bot24,rtt,51
1785734889071,bot26,rtt,42
1785734889111,bot15,rtt,42
1785734889122,bot13,rtt,53
1785734889123,bot17,rtt,54
1785734889134,bot28,rtt,65
1785734889140,bot10,rtt,44
1785734889143,bot14,rtt,74
1785734889148,bot16,rtt,79
1785734889151,bot18,rtt,57
1785734889154,bot20,rtt,60
1785734889156,bot22,rtt,87
1785734889159,bot25,rtt,90
1785734889162,bot27,rtt,93
1785734889164,bot29,rtt,95
1785734889173,bot12,rtt,104
1785734889210,bot19,rtt,116
1785734889211,bot21,rtt,117
1785734889213,bot2,rtt,117
1785734889216,bot4,rtt,120
1785734889219,bot6,rtt,123
1785734889347,bot1,rtt,42
1785734889353,bot5,rtt,48
1785734889353,bot7,rtt,48
1785734889356,bot8,rtt,51
1785734889359,bot9,rtt,54
1785734889410,bot3,rtt,105
1785734889418,bot0,rtt,113
1785734889505,bot11,rtt,67
1785734890057,bot23,rtt,51
1785734890059,bot24,rtt,53
1785734890091,bot26,rtt,61
1785734890142,bot6,rtt,44
1785734890151,bot10,rtt,53
1785734890152,bot13,rtt,62
1785734890157,bot14,rtt,67
1785734890159,bot17,rtt,69
1785734890161,bot16,rtt,71
1785734890163,bot19,rtt,68
1785734890165,bot18,rtt,70
1785734890167,bot21,rtt,72
1785734890170,bot20,rtt,75
1785734890173,bot22,rtt,83
1785734890178,bot25,rtt,88
1785734890180,bot28,rtt,90
1785734890182,bot27,rtt,92
1785734890187,bot29,rtt,97
1785734890197,bot12,rtt,107
1785734890205,bot15,rtt,115
1785734890208,bot2,rtt,110
1785734890232,bot4,rtt,134
1785734890356,bot7,rtt,50
1785734890358,bot9,rtt,52
1785734890359,bot8,rtt,54
1785734890383,bot3,rtt,77
1785734890387,bot0,rtt,81
1785734890394,bot1,rtt,88
1785734890398,bot5,rtt,92
1785734890487,bot11,rtt,49
1785734891053,bot23,rtt,47
1785734891056,bot24,rtt,50
1785734891087,bot26,rtt,57
1785734891139,bot27,rtt,42
1785734891141,bot15,rtt,44
1785734891143,bot13,rtt,46
1785734891145,bot28,rtt,48
1785734891150,bot2,rtt,50
1785734891153,bot6,rtt,53
1785734891156,bot10,rtt,56
1785734891158,bot14,rtt,61
1785734891160,bot18,rtt,60
1785734891162,bot20,rtt,62
1785734891164,bot29,rtt,67
1785734891168,bot12,rtt,71
1785734891177,bot4,rtt,77
1785734891185,bot17,rtt,88
1785734891187,bot16,rtt,90
1785734891191,bot19,rtt,91
1785734891193,bot21,rtt,93
1785734891197,bot22,rtt,100
1785734891201,bot25,rtt,104
1785734891349,bot8,rtt,43
1785734891351,bot5,rtt,43
1785734891353,bot7,rtt,45
1785734891355,bot9,rtt,47
1785734891364,bot1,rtt,56
1785734891367,bot0,rtt,61
1785734891379,bot3,rtt,71
1785734891486,bot11,rtt,48
1785734891987,bot4,respawn
1785734892061,bot23,rtt,55
1785734892063,bot24,rtt,57
1785734892074,bot26,rtt,43
1785734892140,bot15,rtt,42
1785734892144,bot2,rtt,43
1785734892148,bot6,rtt,47
1785734892161,bot10,rtt,60
1785734892165,bot14,rtt,67
1785734892166,bot13,rtt,68
1785734892169,bot16,rtt,71
1785734892171,bot17,rtt,73
1785734892174,bot18,rtt,74
1785734892177,bot19,rtt,76
1785734892179,bot21,rtt,78
1785734892183,bot20,rtt,82
1785734892189,bot28,rtt,91
1785734892191,bot22,rtt,93
1785734892195,bot25,rtt,97
1785734892203,bot27,rtt,105
1785734892206,bot29,rtt,108
1785734892211,bot12,rtt,113
1785734892221,bot4,rtt,120
1785734892354,bot1,rtt,46
1785734892356,bot5,rtt,48
1785734892357,bot7,rtt,49
1785734892358,bot9,rtt,50
1785734892362,bot8,rtt,54
1785734892384,bot3,rtt,76
1785734892396,bot0,rtt,88
1785734892498,bot11,rtt,43
1785734893058,bot23,rtt,50
1785734893060,bot24,rtt,53
1785734893083,bot26,rtt,46
1785734893146,bot6,rtt,45
1785734893156,bot10,rtt,55
1785734893160,bot14,rtt,60
1785734893164,bot15,rtt,64
1785734893167,bot16,rtt,67
1785734893169,bot13,rtt,69
1785734893172,bot18,rtt,72
1785734893174,bot17,rtt,74
1785734893177,bot20,rtt,76
1785734893180,bot19,rtt,79
1785734893183,bot22,rtt,83
1785734893187,bot21,rtt,86
1785734893188,bot25,rtt,88
1785734893193,bot27,rtt,93
1785734893198,bot29,rtt,98
1785734893200,bot28,rtt,100
1785734893208,bot12,rtt,108
1785734893220,bot4,rtt,119
1785734893261,bot2,rtt,160
1785734893351,bot5,rtt,43
1785734893352,bot8,rtt,44
1785734893353,bot7,rtt,45
1785734893355,bot9,rtt,47
1785734893369,bot0,rtt,61
1785734893375,bot3,rtt,67
1785734893403,bot1,rtt,95
1785734893497,bot11,rtt,42
1785734894057,bot23,rtt,49
1785734894059,bot24,rtt,51
1785734894099,bot26,rtt,61
1785734894169,bot6,rtt,57
1785734894177,bot10,rtt,65
1785734894178,bot13,rtt,66
1785734894182,bot14,rtt,70
1785734894184,bot17,rtt,72
1785734894188,bot16,rtt,76
1785734894191,bot19,rtt,79
1785734894193,bot15,rtt,81
1785734894197,bot18,rtt,85
1785734894199,bot21,rtt,87
1785734894203,bot20,rtt,91
1785734894207,bot22,rtt,95
1785734894211,bot25,rtt,99
1785734894214,bot28,rtt,102
1785734894217,bot27,rtt,105
1785734894222,bot29,rtt,110
1785734894245,bot12,rtt,133
1785734894250,bot4,rtt,138
1785734894279,bot2,rtt,167
1785734894351,bot1,rtt,42
1785734894353,bot5,rtt,44
1785734894356,bot7,rtt,47
1785734894357,bot8,rtt,48
1785734894359,bot9,rtt,50
1785734894374,bot3,rtt,65
1785734894384,bot0,rtt,75
1785734894505,bot11,rtt,48
1785734895058,bot23,rtt,50
1785734895061,bot24,rtt,53
1785734895099,bot26,rtt,60
1785734895158,bot22,rtt,43
1785734895161,bot25,rtt,50
1785734895166,bot27,rtt,52
1785734895168,bot29,rtt,54
1785734895170,bot13,rtt,55
1785734895175,bot17,rtt,60
1785734895177,bot12,rtt,63
1785734895179,bot19,rtt,64
1785734895185,bot4,rtt,70
1785734895190,bot21,rtt,75
1785734895197,bot28,rtt,83
1785734895221,bot14,rtt,106
1785734895225,bot16,rtt,110
1785734895229,bot18,rtt,114
1785734895233,bot20,rtt,118
1785734895251,bot2,rtt,136
1785734895254,bot6,rtt,139
1785734895259,bot10,rtt,144
1785734895260,bot15,rtt,145
1785734895354,bot1,rtt,45
1785734895359,bot5,rtt,50
1785734895361,bot7,rtt,52
1785734895361,bot8,rtt,53
1785734895363,bot9,rtt,54
1785734895385,bot3,rtt,76
1785734895392,bot0,rtt,83
1785734895506,bot11,rtt,43
1785734896055,bot23,rtt,46
1785734896058,bot24,rtt,49
1785734896097,bot26,rtt,59
1785734896157,bot25,rtt,46
1785734896169,bot15,rtt,46
1785734896173,bot2,rtt,50
1785734896177,bot6,rtt,54
1785734896183,bot13,rtt,60
1785734896186,bot10,rtt,63
1785734896187,bot17,rtt,64
1785734896190,bot19,rtt,67
1785734896194,bot14,rtt,71
1785734896196,bot21,rtt,73
1785734896201,bot16,rtt,78
1785734896212,bot18,rtt,89
1785734896213,bot28,rtt,91
1785734896216,bot20,rtt,93
1785734896222,bot22,rtt,99
1785734896227,bot27,rtt,105
1785734896262,bot29,rtt,140
1785734896269,bot12,rtt,147
1785734896277,bot4,rtt,154
1785734896355,bot8,rtt,46
1785734896359,bot1,rtt,50
1785734896360,bot5,rtt,51
1785734896362,bot7,rtt,53
1785734896364,bot9,rtt,55
1785734896371,bot0,rtt,62
1785734896386,bot3,rtt,77
1785734896506,bot11,rtt,44
1785734897058,bot23,rtt,48
1785734897060,bot24,rtt,50
1785734897082,bot26,rtt,43
1785734897158,bot25,rtt,46
1785734897168,bot14,rtt,44
1785734897170,bot13,rtt,46
1785734897172,bot17,rtt,46
1785734897174,bot16,rtt,48
1785734897177,bot18,rtt,51
1785734897179,bot19,rtt,53
1785734897181,bot20,rtt,55
1785734897183,bot21,rtt,57
1785734897187,bot22,rtt,63
1785734897193,bot28,rtt,69
1785734897195,bot27,rtt,71
1785734897199,bot29,rtt,75
1785734897206,bot12,rtt,82
1785734897213,bot4,rtt,87
1785734897233,bot6,rtt,107
1785734897247,bot10,rtt,121
1785734897262,bot2,rtt,136
1785734897267,bot15,rtt,141
1785734897351,bot1,rtt,41
1785734897353,bot5,rtt,43
1785734897354,bot7,rtt,44
1785734897355,bot9,rtt,45
1785734897361,bot8,rtt,51
1785734897370,bot3,rtt,60
1785734897378,bot0,rtt,68
1785734897512,bot11,rtt,49
1785734898061,bot23,rtt,51
1785734898063,bot24,rtt,53
1785734898085,bot26,rtt,46
1785734898184,bot13,rtt,46
1785734898187,bot17,rtt,49
1785734898189,bot19,rtt,51
1785734898192,bot21,rtt,54
1785734898196,bot28,rtt,59
1785734898207,bot2,rtt,69
1785734898222,bot6,rtt,84
1785734898234,bot10,rtt,96
1785734898235,bot14,rtt,97
1785734898241,bot16,rtt,103
1785734898243,bot18,rtt,105
1785734898247,bot20,rtt,109
1785734898249,bot22,rtt,112
1785734898251,bot25,rtt,114
1785734898255,bot27,rtt,118
1785734898256,bot29,rtt,119
1785734898258,bot15,rtt,120
1785734898262,bot12,rtt,125
1785734898265,bot4,rtt,127
1785734898355,bot5,rtt,45
1785734898357,bot7,rtt,47
1785734898358,bot8,rtt,48
1785734898360,bot9,rtt,50
1785734898361,bot1,rtt,51
1785734898379,bot3,rtt,69
1785734898385,bot0,rtt,75
1785734898537,bot11,rtt,44
1785734899059,bot23,rtt,49
1785734899062,bot24,rtt,52
1785734899086,bot26,rtt,45
1785734899182,bot10,rtt,43
1785734899184,bot14,rtt,47
1785734899187,bot2,rtt,48
1785734899189,bot6,rtt,50
1785734899190,bot16,rtt,53
1785734899193,bot18,rtt,56
1785734899198,bot20,rtt,59
1785734899199,bot22,rtt,62
1785734899203,bot25,rtt,66
1785734899208,bot27,rtt,71
1785734899211,bot15,rtt,74
1785734899212,bot29,rtt,75
1785734899219,bot12,rtt,82
1785734899221,bot13,rtt,84
1785734899224,bot17,rtt,87
1785734899226,bot4,rtt,87
1785734899228,bot19,rtt,90
1785734899230,bot21,rtt,91
1785734899235,bot28,rtt,98
1785734899355,bot8,rtt,46
1785734899362,bot0,rtt,51
1785734899365,bot1,rtt,54
1785734899366,bot5,rtt,55
1785734899368,bot7,rtt,57
1785734899370,bot9,rtt,59
1785734899379,bot3,rtt,68
1785734899539,bot11,rtt,45
1785734900063,bot23,rtt,50
1785734900070,bot24,rtt,57
1785734900090,bot26,rtt,49
1785734900184,bot4,rtt,43
1785734900193,bot22,rtt,55
1785734900195,bot25,rtt,57
1785734900198,bot21,rtt,57
1785734900198,bot27,rtt,60
1785734900205,bot29,rtt,67
1785734900214,bot28,rtt,76
1785734900218,bot12,rtt,80
1785734900224,bot15,rtt,86
1785734900237,bot2,rtt,96
1785734900244,bot6,rtt,103
1785734900248,bot13,rtt,110
1785734900251,bot10,rtt,110
1785734900253,bot14,rtt,115
1785734900255,bot17,rtt,117
1785734900257,bot19,rtt,119
1785734900261,bot16,rtt,123
1785734900263,bot18,rtt,125
1785734900266,bot20,rtt,125
1785734900352,bot1,rtt,41
1785734900353,bot5,rtt,42
1785734900354,bot7,rtt,43
1785734900356,bot9,rtt,44
1785734900361,bot8,rtt,52
1785734900369,bot3,rtt,58
1785734900382,bot0,rtt,71
1785734900539,bot11,rtt,43
1785734901070,bot23,rtt,57
1785734901075,bot24,rtt,62
1785734901097,bot26,rtt,55
1785734901184,bot15,rtt,44
1785734901191,bot13,rtt,51
1785734901194,bot17,rtt,54
1785734901196,bot19,rtt,56
1785734901199,bot2,rtt,54
1785734901201,bot21,rtt,57
1785734901205,bot6,rtt,60
1785734901218,bot10,rtt,73
1785734901221,bot14,rtt,81
1785734901224,bot28,rtt,85
1785734901228,bot16,rtt,88
1785734901231,bot18,rtt,91
1785734901239,bot20,rtt,94
1785734901241,bot22,rtt,102
1785734901243,bot25,rtt,104
1785734901246,bot27,rtt,107
1785734901249,bot29,rtt,110
1785734901254,bot12,rtt,115
1785734901258,bot4,rtt,113
1785734901352,bot8,rtt,42
1785734901353,bot1,rtt,41
1785734901358,bot5,rtt,46
1785734901361,bot7,rtt,49
1785734901366,bot9,rtt,54
1785734901374,bot0,rtt,62
1785734901395,bot3,rtt,83
1785734901541,bot11,rtt,45
1785734902068,bot23,rtt,51
1785734902075,bot24,rtt,58
1785734902091,bot26,rtt,49
1785734902194,bot10,rtt,49
1785734902199,bot14,rtt,59
1785734902202,bot13,rtt,62
1785734902205,bot17,rtt,64
1785734902207,bot16,rtt,67
1785734902210,bot19,rtt,69
1785734902212,bot18,rtt,71
1785734902214,bot21,rtt,69
1785734902219,bot20,rtt,74
1785734902225,bot22,rtt,85
1785734902227,bot28,rtt,88
1785734902229,bot25,rtt,90
1785734902232,bot27,rtt,93
1785734902240,bot29,rtt,101
1785734902249,bot12,rtt,109
1785734902252,bot4,rtt,107
1785734902258,bot15,rtt,118
1785734902262,bot2,rtt,117
1785734902264,bot6,rtt,119
1785734902356,bot1,rtt,43
1785734902358,bot5,rtt,45
1785734902359,bot7,rtt,46
1785734902360,bot8,rtt,47
1785734902362,bot9,rtt,49
1785734902377,bot0,rtt,64
1785734902380,bot3,rtt,67
1785734902540,bot11,rtt,42
1785734903086,bot23,rtt,42
1785734903094,bot24,rtt,50
1785734903111,bot26,rtt,64
1785734903170,bot7,respawn
1785734903207,bot15,rtt,42
1785734903229,bot13,rtt,64
1785734903239,bot2,rtt,74
1785734903240,bot17,rtt,75
1785734903244,bot6,rtt,79
1785734903247,bot19,rtt,82
1785734903253,bot21,rtt,88
1785734903255,bot10,rtt,90
1785734903256,bot14,rtt,91
1785734903262,bot16,rtt,97
1785734903266,bot18,rtt,101
1785734903268,bot28,rtt,103
1785734903277,bot20,rtt,112
1785734903281,bot22,rtt,116
1785734903291,bot25,rtt,126
1785734903294,bot27,rtt,129
1785734903297,bot29,rtt,132
1785734903303,bot12,rtt,138
1785734903307,bot4,rtt,142
1785734903395,bot1,rtt,41
1785734903396,bot5,rtt,42
1785734903398,bot9,rtt,44
1785734903399,bot8,rtt,45
1785734903425,bot0,rtt,71
1785734903431,bot3,rtt,77
1785734903434,bot7,rtt,80
1785734903564,bot11,rtt,59
1785734904092,bot23,rtt,48
1785734904093,bot26,rtt,44
1785734904100,bot24,rtt,56
1785734904223,bot13,rtt,45
1785734904226,bot17,rtt,48
1785734904238,bot15,rtt,60
1785734904249,bot2,rtt,71
1785734904252,bot6,rtt,74
1785734904261,bot19,rtt,83
1785734904263,bot10,rtt,85
1785734904265,bot21,rtt,87
1785734904267,bot14,rtt,89
1785734904272,bot16,rtt,94
1785734904280,bot18,rtt,102
1785734904283,bot28,rtt,106
1785734904287,bot20,rtt,109
1785734904292,bot22,rtt,115
1785734904297,bot25,rtt,120
1785734904319,bot27,rtt,142
1785734904325,bot29,rtt,148
1785734904331,bot12,rtt,154
1785734904335,bot4,rtt,157
1785734904458,bot8,rtt,43
1785734904462,bot0,rtt,47
1785734904467,bot5,rtt,51
1785734904468,bot9,rtt,52
1785734904483,bot3,rtt,67
1785734904497,bot7,rtt,81
1785734904520,bot1,rtt,104
1785734904589,bot11,rtt,45
1785734905105,bot23,rtt,60
1785734905106,bot26,rtt,55
1785734905107,bot24,rtt,62
1785734905238,bot25,rtt,49
1785734905244,bot27,rtt,55
1785734905250,bot29,rtt,60
1785734905255,bot28,rtt,66
1785734905256,bot12,rtt,66
1785734905262,bot4,rtt,72
1785734905271,bot2,rtt,81
1785734905274,bot6,rtt,84
1785734905278,bot10,rtt,88
1785734905280,bot15,rtt,90
1785734905282,bot14,rtt,92
1785734905288,bot16,rtt,98
1785734905295,bot18,rtt,105
1785734905301,bot20,rtt,111
1785734905303,bot13,rtt,113
1785734905306,bot22,rtt,116
1785734905309,bot17,rtt,119
1785734905312,bot19,rtt,122
1785734905317,bot21,rtt,127
1785734905478,bot0,rtt,45
1785734905485,bot3,rtt,52
1785734905488,bot7,rtt,55
1785734905490,bot1,rtt,57
1785734905491,bot5,rtt,58
1785734905493,bot9,rtt,60
1785734905494,bot8,rtt,61
1785734905595,bot11,rtt,50
1785734906093,bot23,rtt,48
1785734906094,bot26,rtt,41
1785734906097,bot24,rtt,52
1785734906233,bot25,rtt,43
1785734906235,bot27,rtt,44
1785734906238,bot29,rtt,47
1785734906243,bot12,rtt,52
1785734906246,bot4,rtt,55
1785734906253,bot20,rtt,62
1785734906259,bot22,rtt,68
1785734906265,bot15,rtt,74
1785734906271,bot2,rtt,80
1785734906276,bot6,rtt,85
1785734906286,bot10,rtt,95
1785734906287,bot13,rtt,96
1785734906291,bot14,rtt,100
1785734906292,bot17,rtt,101
1785734906296,bot16,rtt,105
1785734906298,bot18,rtt,107
1785734906300,bot19,rtt,109
1785734906304,bot21,rtt,113
1785734906311,bot28,rtt,120
1785734906488,bot0,rtt,54
1785734906493,bot3,rtt,59
1785734906496,bot7,rtt,62
1785734906497,bot1,rtt,63
1785734906498,bot5,rtt,64
1785734906500,bot8,rtt,66
1785734906501,bot9,rtt,67
1785734906621,bot11,rtt,77
1785734907100,bot23,rtt,53
1785734907101,bot26,rtt,47
1785734907104,bot24,rtt,57
1785734907253,bot10,rtt,60
1785734907257,bot14,rtt,64
1785734907261,bot16,rtt,68
1785734907264,bot13,rtt,71
1785734907267,bot18,rtt,74
1785734907271,bot17,rtt,78
1785734907273,bot20,rtt,80
1785734907276,bot19,rtt,83
1785734907277,bot22,rtt,84
1785734907281,bot21,rtt,88
1785734907282,bot25,rtt,92
1785734907287,bot27,rtt,97
1785734907292,bot29,rtt,101
1785734907297,bot28,rtt,106
1785734907300,bot12,rtt,107
1785734907306,bot4,rtt,113
1785734907324,bot2,rtt,131
1785734907330,bot6,rtt,137
1785734907332,bot15,rtt,139
1785734907488,bot8,rtt,49
1785734907489,bot9,rtt,49
1785734907506,bot0,rtt,67
1785734907506,bot3,rtt,67
1785734907511,bot7,rtt,71
1785734907513,bot1,rtt,73
1785734907515,bot5,rtt,75
1785734907595,bot11,rtt,42
1785734908097,bot23,rtt,47
1785734908098,bot26,rtt,41
1785734908102,bot24,rtt,52
1785734908241,bot10,rtt,47
1785734908244,bot13,rtt,50
1785734908245,bot14,rtt,51
1785734908249,bot17,rtt,55
1785734908252,bot16,rtt,58
1785734908255,bot19,rtt,61
1785734908257,bot18,rtt,63
1785734908260,bot21,rtt,66
1785734908261,bot20,rtt,67
1785734908264,bot22,rtt,71
1785734908267,bot25,rtt,77
1785734908272,bot27,rtt,81
1785734908275,bot28,rtt,84
1785734908277,bot29,rtt,86
1785734908308,bot2,rtt,114
1785734908313,bot6,rtt,119
1785734908315,bot15,rtt,121
1785734908331,bot12,rtt,138
1785734908343,bot4,rtt,149
1785734908489,bot5,rtt,43
1785734908491,bot9,rtt,45
1785734908492,bot8,rtt,46
1785734908517,bot3,rtt,71
1785734908525,bot0,rtt,79
1785734908527,bot7,rtt,81
1785734908536,bot1,rtt,90
1785734908629,bot11,rtt,61
1785734909095,bot23,rtt,43
1785734909097,bot24,rtt,47
1785734909107,bot26,rtt,49
1785734909242,bot10,rtt,44
1785734909244,bot13,rtt,49
1785734909246,bot14,rtt,51
1785734909249,bot17,rtt,54
1785734909251,bot16,rtt,56
1785734909253,bot18,rtt,58
1785734909256,bot20,rtt,58
1785734909259,bot28,rtt,67
1785734909261,bot27,rtt,69
1785734909267,bot29,rtt,75
1785734909283,bot15,rtt,88
1785734909286,bot2,rtt,88
1785734909293,bot19,rtt,95
1785734909296,bot21,rtt,98
1785734909297,bot22,rtt,102
1785734909302,bot25,rtt,110
1785734909307,bot12,rtt,112
1785734909310,bot4,rtt,112
1785734909347,bot6,rtt,149
1785734909500,bot3,rtt,46
1785734909504,bot7,rtt,51
1785734909505,bot0,rtt,52
1785734909508,bot1,rtt,55
1785734909510,bot5,rtt,57
1785734909512,bot9,rtt,59
1785734909513,bot8,rtt,60
1785734909638,bot11,rtt,49
1785734910096,bot23,rtt,45
1785734910099,bot24,rtt,49
1785734910126,bot26,rtt,67
1785734910266,bot4,rtt,64
1785734910276,bot13,rtt,77
1785734910280,bot17,rtt,81
1785734910284,bot19,rtt,82
1785734910286,bot21,rtt,84
1785734910291,bot28,rtt,92
1785734910305,bot15,rtt,106
1785734910310,bot2,rtt,108
1785734910316,bot6,rtt,114
1785734910324,bot10,rtt,122
1785734910327,bot14,rtt,128
1785734910333,bot16,rtt,134
1785734910336,bot18,rtt,137
1785734910340,bot20,rtt,138
1785734910342,bot22,rtt,143
1785734910346,bot25,rtt,147
1785734910350,bot27,rtt,151
1785734910354,bot29,rtt,155
1785734910361,bot12,rtt,162
1785734910498,bot1,rtt,45
1785734910500,bot8,rtt,47
1785734910501,bot5,rtt,48
1785734910506,bot9,rtt,53
1785734910522,bot0,rtt,69
1785734910529,bot3,rtt,76
1785734910532,bot7,rtt,79
1785734910638,bot11,rtt,45
1785734911099,bot23,rtt,47
1785734911101,bot24,rtt,50
1785734911111,bot26,rtt,52
1785734911245,bot15,rtt,45
1785734911257,bot10,rtt,56
1785734911262,bot14,rtt,62
1785734911265,bot13,rtt,65
1785734911275,bot2,rtt,74
1785734911277,bot6,rtt,75
1785734911281,bot16,rtt,81
1785734911282,bot17,rtt,82
1785734911286,bot18,rtt,86
1785734911288,bot19,rtt,87
1785734911290,bot20,rtt,89
1785734911292,bot21,rtt,91
1785734911294,bot22,rtt,94
1785734911301,bot25,rtt,102
1785734911303,bot27,rtt,104
1785734911305,bot28,rtt,106
1785734911307,bot29,rtt,108
1785734911318,bot12,rtt,119
1785734911325,bot4,rtt,124
1785734911496,bot5,rtt,42
1785734911497,bot9,rtt,43
1785734911503,bot1,rtt,49
1785734911505,bot8,rtt,51
1785734911515,bot3,rtt,61
1785734911519,bot7,rtt,65
1785734911521,bot0,rtt,67
1785734911634,bot11,rtt,41
1785734912097,bot23,rtt,44
1785734912100,bot24,rtt,50
1785734912107,bot26,rtt,48
1785734912246,bot15,rtt,46
1785734912253,bot13,rtt,53
1785734912258,bot10,rtt,56
1785734912259,bot14,rtt,59
1785734912261,bot17,rtt,61
1785734912263,bot19,rtt,61
1785734912265,bot21,rtt,63
1785734912267,bot16,rtt,67
1785734912271,bot18,rtt,71
1785734912274,bot20,rtt,72
1785734912276,bot22,rtt,76
1785734912279,bot25,rtt,79
1785734912281,bot28,rtt,81
1785734912283,bot27,rtt,83
1785734912285,bot29,rtt,85
1785734912295,bot12,rtt,95
1785734912301,bot4,rtt,99
1785734912317,bot2,rtt,115
1785734912319,bot6,rtt,115
1785734912497,bot1,rtt,42
1785734912499,bot5,rtt,44
1785734912502,bot8,rtt,47
1785734912503,bot9,rtt,48
1785734912516,bot0,rtt,61
1785734912520,bot3,rtt,65
1785734912524,bot7,rtt,69
1785734912640,bot11,rtt,48
1785734913097,bot23,rtt,44
1785734913100,bot24,rtt,50
1785734913112,bot26,rtt,52
1785734913245,bot13,rtt,44
1785734913247,bot14,rtt,46
1785734913249,bot17,rtt,48
1785734913251,bot16,rtt,50
1785734913255,bot19,rtt,51
1785734913257,bot18,rtt,56
1785734913260,bot21,rtt,56
1785734913262,bot20,rtt,58
1785734913265,bot22,rtt,64
1785734913270,bot25,rtt,71
1785734913274,bot28,rtt,74
1785734913277,bot27,rtt,77
1785734913281,bot29,rtt,80
1785734913290,bot12,rtt,89
1785734913294,bot4,rtt,90
1785734913326,bot2,rtt,122
1785734913333,bot6,rtt,127
1785734913343,bot10,rtt,139
1785734913353,bot15,rtt,152
1785734913499,bot5,rtt,44
1785734913501,bot9,rtt,46
1785734913503,bot8,rtt,48
1785734913507,bot1,rtt,52
1785734913522,bot3,rtt,67
1785734913524,bot7,rtt,69
1785734913528,bot0,rtt,73
1785734913640,bot11,rtt,43
1785734914093,bot24,rtt,42
1785734914108,bot23,rtt,54
1785734914109,bot26,rtt,50
1785734914248,bot10,rtt,44
1785734914249,bot14,rtt,49
1785734914261,bot15,rtt,59
1785734914263,bot2,rtt,59
1785734914264,bot6,rtt,58
1785734914268,bot16,rtt,66
1785734914275,bot18,rtt,73
1785734914279,bot20,rtt,75
1785734914281,bot22,rtt,81
1785734914286,bot25,rtt,86
1785734914290,bot13,rtt,90
1785734914292,bot27,rtt,92
1785734914295,bot17,rtt,93
1785734914297,bot29,rtt,97
1785734914301,bot19,rtt,97
1785734914306,bot21,rtt,102
1785734914307,bot12,rtt,107
1785734914313,bot4,rtt,109
1785734914317,bot28,rtt,117
1785734914500,bot1,rtt,44
1785734914500,bot5,rtt,44
1785734914502,bot9,rtt,46
1785734914506,bot8,rtt,50
1785734914522,bot3,rtt,66
1785734914523,bot0,rtt,67
1785734914526,bot7,rtt,70
