1785733624799,bot0,spawn
1785733624902,bot1,spawn
1785733625368,bot2,spawn
1785733625844,bot0,rtt,45
1785733625865,bot3,spawn
1785733625936,bot1,rtt,33
1785733626429,bot2,rtt,61
1785733626851,bot0,rtt,52
1785733626861,bot4,spawn
1785733626937,bot1,rtt,35
1785733626951,bot3,rtt,81
1785733627636,bot5,spawn
1785733627676,bot2,rtt,293
1785733628257,bot0,rtt,458
1785733628267,bot4,rtt,389
1785733628271,bot1,rtt,369
1785733628274,bot3,rtt,396
1785733628750,bot5,rtt,86
1785733628853,bot2,rtt,470
1785733629080,bot0,rtt,280
1785733629128,bot1,rtt,226
1785733629143,bot3,rtt,265
1785733629284,bot4,rtt,406
1785733629553,bot2,rtt,170
1785733629789,bot6,spawn
1785733629881,bot5,rtt,204
1785733629893,bot0,rtt,66
1785733630074,bot1,rtt,172
1785733630091,bot3,rtt,199
1785733630110,bot7,spawn
1785733630167,bot4,rtt,275
1785733630807,bot2,rtt,356
1785733630827,bot6,rtt,15
1785733630834,bot0,rtt,7
1785733630872,bot5,rtt,188
1785733631439,bot4,rtt,547
1785733631507,bot1,rtt,604
1785733631549,bot3,rtt,657
1785733631603,bot7,rtt,493
1785733631874,bot0,rtt,47
1785733631915,bot2,rtt,442
1785733631974,bot4,rtt,54
1785733631986,bot6,rtt,174
1785733631987,bot8,spawn
1785733632034,bot1,rtt,114
1785733632079,bot3,rtt,159
1785733632087,bot5,rtt,403
1785733632740,bot9,spawn
1785733632764,bot7,rtt,654
1785733632911,bot2,rtt,361
1785733632937,bot0,rtt,47
1785733632976,bot6,rtt,86
1785733633009,bot4,rtt,75
1785733633025,bot8,rtt,19
1785733633107,bot3,rtt,173
1785733633169,bot5,rtt,410
1785733633269,bot1,rtt,335
1785733633549,bot7,rtt,282
1785733633878,bot2,rtt,178
1785733634000,bot5,rtt,241
1785733634057,bot9,rtt,317
1785733634284,bot4,rtt,217
1785733634325,bot6,rtt,258
1785733634398,bot8,rtt,331
1785733634399,bot10,spawn
1785733634412,bot0,rtt,345
1785733634414,bot1,rtt,347
1785733634415,bot3,rtt,348
1785733634777,bot7,rtt,366
1785733635052,bot2,rtt,232
1785733635188,bot5,rtt,368
1785733635282,bot9,rtt,462
1785733635292,bot3,rtt,151
1785733635292,bot11,spawn
1785733635293,bot1,rtt,152
1785733635293,bot0,rtt,152
1785733635294,bot4,rtt,153
1785733635294,bot6,rtt,153
1785733635294,bot8,rtt,153
1785733635718,bot10,rtt,319
1785733635830,bot7,rtt,418
1785733636126,bot5,rtt,225
1785733636232,bot9,rtt,331
1785733636271,bot2,rtt,370
1785733636403,bot12,spawn
1785733636437,bot1,rtt,194
1785733636438,bot3,rtt,196
1785733636474,bot7,rtt,41
1785733636528,bot11,rtt,110
1785733636763,bot4,rtt,522
1785733636796,bot6,rtt,555
1785733636827,bot8,rtt,585
1785733636866,bot0,rtt,625
1785733637251,bot9,rtt,350
1785733637285,bot13,spawn
1785733637288,bot5,rtt,387
1785733637333,bot2,rtt,432
1785733637479,bot10,rtt,1061
1785733637893,bot7,rtt,379
1785733637990,bot11,rtt,477
1785733637991,bot1,rtt,677
1785733637991,bot3,rtt,677
1785733637993,bot0,rtt,679
1785733637995,bot4,rtt,681
1785733638049,bot6,rtt,736
1785733638097,bot8,rtt,783
1785733638146,bot10,rtt,633
1785733638168,bot12,rtt,655
1785733638169,bot14,spawn
1785733638452,bot5,rtt,282
1785733638558,bot9,rtt,388
1785733638600,bot13,rtt,314
1785733638616,bot1,rtt,302
1785733638618,bot3,rtt,304
1785733638623,bot0,rtt,309
1785733638625,bot2,rtt,456
1785733638628,bot4,rtt,314
1785733638645,bot6,rtt,332
1785733638708,bot8,rtt,394
1785733638810,bot7,rtt,196
1785733638823,bot11,rtt,209
1785733638891,bot10,rtt,277
1785733638891,bot12,rtt,277
1785733639397,bot15,spawn
1785733640002,bot1,rtt,602
1785733640003,bot3,rtt,603
1785733640005,bot5,rtt,835
1785733640008,bot7,rtt,393
1785733640033,bot9,rtt,864
1785733640055,bot11,rtt,440
1785733640077,bot13,rtt,759
1785733640150,bot8,rtt,750
1785733640156,bot4,rtt,756
1785733640157,bot6,rtt,758
1785733640180,bot10,rtt,565
1785733640206,bot12,rtt,591
1785733640238,bot14,rtt,1069
1785733640240,bot0,rtt,841
1785733640241,bot2,rtt,1072
1785733640992,bot9,rtt,734
1785733641087,bot11,rtt,472
1785733641100,bot3,rtt,700
1785733641101,bot5,rtt,843
1785733641105,bot7,rtt,490
1785733641107,bot0,rtt,707
1785733641109,bot2,rtt,851
1785733641111,bot4,rtt,711
1785733641113,bot6,rtt,713
1785733641115,bot8,rtt,714
1785733641209,bot10,rtt,594
1785733641317,bot12,rtt,702
1785733641387,bot14,rtt,1129
1785733641501,bot13,rtt,1184
1785733641521,bot15,rtt,1124
1785733641525,bot17,spawn
1785733641527,bot1,rtt,1126
1785733641528,bot16,spawn
1785733641706,bot14,rtt,147
1785733641708,bot1,rtt,148
1785733641709,bot18,spawn
1785733641731,bot0,rtt,172
1785733641731,bot2,rtt,172
1785733641732,bot4,rtt,173
1785733641732,bot6,rtt,173
1785733641732,bot8,rtt,172
1785733641733,bot5,rtt,174
1785733641893,bot13,rtt,334
1785733641906,bot15,rtt,347
1785733641908,bot19,spawn
1785733641940,bot3,rtt,381
1785733641943,bot9,rtt,384
1785733642140,bot10,rtt,411
1785733642188,bot12,rtt,459
1785733642242,bot20,spawn
1785733642538,bot7,rtt,809
1785733642539,bot11,rtt,810
1785733642757,bot14,rtt,195
1785733642812,bot0,rtt,250
1785733642813,bot2,rtt,251
1785733642814,bot4,rtt,252
1785733642814,bot6,rtt,252
1785733642815,bot8,rtt,253
1785733642842,bot16,rtt,280
1785733642846,bot10,rtt,34
1785733642846,bot12,rtt,34
1785733642847,bot18,rtt,36
1785733642857,bot9,rtt,295
1785733642900,bot11,rtt,88
1785733642940,bot13,rtt,378
1785733643000,bot15,rtt,438
1785733643052,bot1,rtt,490
1785733643052,bot3,rtt,490
1785733643053,bot5,rtt,491
1785733643054,bot7,rtt,242
1785733643078,bot17,rtt,540
1785733643674,bot20,rtt,431
1785733643838,bot13,rtt,163
1785733643907,bot15,rtt,232
1785733643967,bot17,rtt,293
1785733644031,bot2,rtt,356
1785733644032,bot4,rtt,357
1785733644033,bot6,rtt,358
1785733644034,bot8,rtt,359
1785733644036,bot14,rtt,361
1785733644037,bot16,rtt,363
1785733644044,bot1,rtt,368
1785733644044,bot3,rtt,369
1785733644045,bot5,rtt,370
1785733644047,bot9,rtt,372
1785733644048,bot19,rtt,998
1785733644052,bot0,rtt,377
1785733644672,bot11,rtt,642
1785733644753,bot7,rtt,723
1785733644831,bot15,rtt,80
1785733644909,bot17,rtt,158
1785733644951,bot21,spawn
1785733644953,bot1,rtt,202
1785733644986,bot0,rtt,235
1785733644988,bot2,rtt,237
1785733644990,bot4,rtt,239
1785733644992,bot6,rtt,241
1785733644994,bot8,rtt,243
1785733644996,bot10,rtt,966
1785733645078,bot12,rtt,1048
1785733645231,bot14,rtt,480
1785733645307,bot16,rtt,556
1785733645363,bot20,rtt,1121
1785733645391,bot3,rtt,640
1785733645394,bot5,rtt,643
1785733645397,bot9,rtt,646
1785733645414,bot19,rtt,1355
1785733645436,bot18,rtt,1406
1785733645438,bot13,rtt,687
1785733646463,bot7,rtt,1073
1785733646464,bot11,rtt,1074
1785733646769,bot19,rtt,1379
1785733646770,bot23,spawn
1785733647037,bot10,rtt,1647
1785733647038,bot12,rtt,1648
1785733647120,bot18,rtt,1730
1785733647153,bot22,spawn
1785733647159,bot1,rtt,1407
1785733647162,bot1,rtt,369
1785733647163,bot3,rtt,1411
1785733647164,bot3,rtt,371
1785733647165,bot5,rtt,1413
1785733647165,bot5,rtt,372
1785733647167,bot7,rtt,777
1785733647168,bot9,rtt,1416
1785733647169,bot9,rtt,376
1785733647170,bot11,rtt,780
1785733647188,bot13,rtt,1436
1785733647189,bot13,rtt,396
1785733647275,bot15,rtt,1523
1785733647276,bot15,rtt,483
1785733647356,bot17,rtt,1604
1785733647357,bot17,rtt,564
1785733647445,bot19,rtt,1055
1785733647449,bot21,rtt,1498
1785733647450,bot21,rtt,415
1785733647507,bot20,rtt,2117
1785733648113,bot20,rtt,1723
1785733648149,bot0,rtt,2397
1785733648150,bot0,rtt,1357
1785733648152,bot2,rtt,2400
1785733648152,bot2,rtt,1359
1785733648154,bot4,rtt,2402
1785733648154,bot4,rtt,1361
1785733648155,bot10,rtt,1765
1785733648157,bot12,rtt,1767
1785733648159,bot14,rtt,2407
1785733648159,bot14,rtt,1366
1785733648160,bot16,rtt,2408
1785733648161,bot16,rtt,1368
1785733648175,bot18,rtt,1785
1785733648178,bot6,rtt,2426
1785733648179,bot6,rtt,1386
1785733648180,bot8,rtt,2428
1785733648180,bot8,rtt,1387
1785733648182,bot1,rtt,34
1785733648183,bot3,rtt,35
1785733648184,bot5,rtt,36
1785733648185,bot7,rtt,709
1785733648186,bot9,rtt,38
1785733648187,bot11,rtt,712
1785733648188,bot13,rtt,40
1785733648283,bot15,rtt,135
1785733648376,bot17,rtt,228
1785733648465,bot19,rtt,989
1785733648500,bot25,spawn
1785733648502,bot23,rtt,355
1785733648531,bot7,rtt,28
1785733648532,bot11,rtt,30
1785733648533,bot19,rtt,30
1785733648584,bot21,rtt,436
1785733648832,bot10,rtt,1357
1785733648833,bot12,rtt,1358
1785733648854,bot14,rtt,706
1785733648950,bot16,rtt,802
1785733649061,bot18,rtt,1586
1785733649062,bot18,rtt,560
1785733649160,bot20,rtt,1684
1785733649160,bot20,rtt,657
1785733649164,bot22,rtt,662
1785733649165,bot0,rtt,1017
1785733649187,bot2,rtt,1039
1785733649188,bot4,rtt,1040
1785733649189,bot6,rtt,1041
1785733649191,bot8,rtt,1043
1785733649193,bot10,rtt,691
1785733649194,bot12,rtt,692
1785733649914,bot16,rtt,728
1785733650003,bot18,rtt,500
1785733650088,bot20,rtt,585
1785733650127,bot24,spawn
1785733650130,bot0,rtt,944
1785733650152,bot2,rtt,966
1785733650153,bot4,rtt,967
1785733650154,bot6,rtt,968
1785733650155,bot8,rtt,969
1785733650156,bot10,rtt,653
1785733650157,bot14,rtt,971
1785733650184,bot22,rtt,681
1785733650188,bot12,rtt,685
1785733650193,bot1,rtt,1007
1785733650196,bot3,rtt,1010
1785733650199,bot5,rtt,1013
1785733650203,bot7,rtt,700
1785733650205,bot9,rtt,1019
1785733650207,bot11,rtt,704
1785733650209,bot13,rtt,1023
1785733650262,bot15,rtt,1076
1785733650346,bot17,rtt,1160
1785733650426,bot19,rtt,923
1785733650482,bot21,rtt,1295
1785733650569,bot25,rtt,1069
1785733650622,bot23,rtt,1436
1785733650927,bot15,rtt,331
1785733651014,bot17,rtt,418
1785733651098,bot19,rtt,501
1785733651187,bot21,rtt,590
1785733651247,bot23,rtt,651
1785733651248,bot1,rtt,651
1785733651250,bot25,rtt,653
1785733651277,bot3,rtt,681
1785733651278,bot5,rtt,682
1785733651279,bot7,rtt,682
1785733651280,bot9,rtt,684
1785733651281,bot11,rtt,684
1785733651284,bot13,rtt,688
1785733651289,bot0,rtt,693
1785733651291,bot2,rtt,695
1785733651293,bot4,rtt,697
1785733651295,bot6,rtt,699
1785733651296,bot8,rtt,699
1785733651298,bot10,rtt,701
1785733651300,bot12,rtt,703
1785733651302,bot14,rtt,706
1785733651395,bot16,rtt,799
1785733651482,bot18,rtt,885
1785733651574,bot20,rtt,977
1785733651623,bot22,rtt,1026
1785733651625,bot26,spawn
1785733652263,bot19,rtt,619
1785733652357,bot21,rtt,714
1785733652456,bot23,rtt,813
1785733652512,bot13,rtt,869
1785733652514,bot15,rtt,871
1785733652515,bot17,rtt,872
1785733652542,bot25,rtt,898
1785733652545,bot0,rtt,902
1785733652547,bot27,spawn
1785733652549,bot2,rtt,906
1785733652550,bot4,rtt,907
1785733652552,bot6,rtt,909
1785733652553,bot8,rtt,910
1785733652555,bot10,rtt,911
1785733652557,bot12,rtt,913
1785733652558,bot14,rtt,915
1785733652571,bot16,rtt,928
1785733652657,bot18,rtt,1013
1785733652751,bot20,rtt,1107
1785733652752,bot3,rtt,1109
1785733652754,bot1,rtt,1111
1785733652755,bot5,rtt,1112
1785733652756,bot7,rtt,1112
1785733652757,bot11,rtt,1113
1785733652758,bot9,rtt,1115
1785733652883,bot22,rtt,1239
1785733652884,bot24,rtt,1608
1785733653225,bot20,rtt,299
1785733653242,bot2,rtt,317
1785733653244,bot4,rtt,318
1785733653245,bot6,rtt,319
1785733653248,bot8,rtt,322
1785733653249,bot10,rtt,323
1785733653250,bot12,rtt,324
1785733653251,bot14,rtt,326
1785733653252,bot16,rtt,327
1785733653253,bot18,rtt,327
1785733653350,bot22,rtt,424
1785733653393,bot0,rtt,467
1785733653394,bot26,rtt,469
1785733653447,bot24,rtt,935
1785733653452,bot1,rtt,526
1785733653454,bot3,rtt,528
1785733653456,bot5,rtt,530
1785733653457,bot7,rtt,531
1785733653459,bot9,rtt,534
1785733653461,bot11,rtt,535
1785733653463,bot13,rtt,537
1785733653465,bot15,rtt,539
1785733653468,bot17,rtt,543
1785733653470,bot19,rtt,544
1785733653558,bot21,rtt,632
1785733653647,bot23,rtt,722
1785733653694,bot25,rtt,768
1785733653697,bot29,spawn
1785733655359,bot27,rtt,1637
1785733655615,bot24,rtt,1893
1785733655651,bot28,spawn
1785733656182,bot21,rtt,2255
1785733656247,bot23,rtt,2321
1785733656292,bot25,rtt,2365
1785733656325,bot1,rtt,2398
1785733656325,bot5,rtt,2399
1785733656325,bot7,rtt,2398
1785733656326,bot11,rtt,2399
1785733656326,bot13,rtt,2400
1785733656327,bot17,rtt,2401
1785733656327,bot9,rtt,2401
1785733656327,bot19,rtt,2400
1785733656354,bot0,rtt,2428
1785733656355,bot2,rtt,2429
1785733656356,bot4,rtt,2429
1785733656357,bot6,rtt,2431
1785733656358,bot8,rtt,2431
1785733656359,bot10,rtt,2432
1785733656361,bot12,rtt,2434
1785733656362,bot14,rtt,2436
1785733656363,bot16,rtt,2437
1785733656366,bot18,rtt,2439
1785733656368,bot20,rtt,2441
1785733656413,bot22,rtt,2486
1785733656602,bot26,rtt,2676
1785733656663,bot15,rtt,2737
1785733656692,bot3,rtt,2765
1785733657075,bot24,rtt,2353
1785733657747,bot0,rtt,2821
1785733657749,bot2,rtt,2823
1785733657750,bot4,rtt,2821
1785733657751,bot6,rtt,2825
1785733657752,bot8,rtt,2823
1785733657754,bot10,rtt,2825
1785733657755,bot12,rtt,2826
1785733657756,bot14,rtt,2830
1785733657757,bot16,rtt,2831
1785733657758,bot18,rtt,2829
1785733657759,bot20,rtt,2830
1785733657760,bot22,rtt,2831
1785733657762,bot26,rtt,2837
1785733658181,bot27,rtt,3458
1785733658231,bot29,rtt,3534
1785733658264,bot15,rtt,3338
1785733658265,bot17,rtt,3339
1785733658266,bot19,rtt,3337
1785733658267,bot21,rtt,3338
1785733658268,bot23,rtt,3342
1785733658269,bot25,rtt,3340
1785733658271,bot1,rtt,3342
1785733658272,bot3,rtt,3343
1785733658273,bot5,rtt,3347
1785733658274,bot7,rtt,3345
1785733658277,bot9,rtt,3350
1785733658278,bot11,rtt,3349
1785733658279,bot13,rtt,3353
1785733659365,bot24,rtt,3620
1785733659768,bot2,rtt,3842
1785733659769,bot4,rtt,3841
1785733659769,bot6,rtt,3842
1785733659770,bot8,rtt,3840
1785733659771,bot10,rtt,3840
1785733659771,bot12,rtt,3840
1785733659772,bot14,rtt,3846
1785733659772,bot16,rtt,3846
1785733659773,bot18,rtt,3842
1785733659774,bot20,rtt,3843
1785733659774,bot22,rtt,3843
1785733659790,bot26,rtt,3864
1785733659809,bot0,rtt,3882
1785733660109,bot27,rtt,4364
1785733660118,bot29,rtt,4398
1785733660331,bot5,rtt,4405
1785733660333,bot17,rtt,4407
1785733660333,bot19,rtt,4402
1785733660334,bot21,rtt,4404
1785733660351,bot25,rtt,4421
1785733660397,bot1,rtt,4467
1785733660398,bot3,rtt,4468
1785733660400,bot7,rtt,4469
1785733660401,bot9,rtt,4475
1785733660401,bot11,rtt,4470
1785733660402,bot13,rtt,4476
1785733660403,bot15,rtt,4477
1785733660408,bot23,rtt,4482
1785733660895,bot24,rtt,4136
1785733660914,bot28,rtt,4184
1785733661285,bot0,rtt,4332
1785733661286,bot2,rtt,4334
1785733661286,bot4,rtt,4333
1785733661287,bot6,rtt,4334
1785733661287,bot8,rtt,4334
1785733661288,bot10,rtt,4335
1785733661288,bot12,rtt,4335
1785733661289,bot14,rtt,4337
1785733661289,bot16,rtt,4337
1785733661289,bot18,rtt,4336
1785733661290,bot20,rtt,4337
1785733661290,bot22,rtt,4337
1785733661313,bot26,rtt,4361
1785733661700,bot27,rtt,4941
1785733661713,bot29,rtt,4982
1785733662149,bot1,rtt,5196
1785733662150,bot3,rtt,5197
1785733662150,bot5,rtt,5198
1785733662151,bot7,rtt,5198
1785733662151,bot9,rtt,5199
1785733662152,bot11,rtt,5199
1785733662152,bot13,rtt,5199
1785733662153,bot15,rtt,5200
1785733662153,bot17,rtt,5201
1785733662153,bot19,rtt,5200
1785733662154,bot21,rtt,5201
1785733662154,bot23,rtt,5202
1785733662162,bot25,rtt,5209
1785733662737,bot24,rtt,4973
1785733662760,bot28,rtt,4996
1785733662935,bot25,rtt,4980
1785733662945,bot27,rtt,5181
1785733662956,bot1,rtt,5001
1785733662956,bot3,rtt,5003
1785733662956,bot5,rtt,5003
1785733662956,bot7,rtt,5001
1785733662957,bot9,rtt,5004
1785733662957,bot11,rtt,5002
1785733662957,bot13,rtt,5004
1785733662958,bot17,rtt,5005
1785733662958,bot19,rtt,5003
1785733663028,bot21,rtt,5073
1785733663033,bot23,rtt,5080
1785733663052,bot29,rtt,5288
1785733663054,bot15,rtt,5101
1785733663213,bot18,rtt,5258
1785733663265,bot0,rtt,5312
1785733663266,bot2,rtt,5313
1785733663266,bot4,rtt,5313
1785733663267,bot6,rtt,5314
1785733663267,bot8,rtt,5312
1785733663267,bot10,rtt,5312
1785733663268,bot12,rtt,5313
1785733663268,bot14,rtt,5315
1785733663268,bot16,rtt,5315
1785733663269,bot20,rtt,5314
1785733663269,bot22,rtt,5314
1785733663270,bot26,rtt,5317
1785733663834,bot27,rtt,5068
1785733663840,bot29,rtt,5074
1785733664000,bot28,rtt,5236
1785733664023,bot24,rtt,5257
1785733664279,bot1,rtt,5144
1785733664290,bot3,rtt,5315
1785733664290,bot5,rtt,5315
1785733664291,bot7,rtt,5155
1785733664291,bot9,rtt,5316
1785733664291,bot13,rtt,5316
1785733664292,bot25,rtt,5156
1785733664292,bot15,rtt,5317
1785733664293,bot19,rtt,5157
1785733664293,bot21,rtt,5157
1785733664294,bot23,rtt,5319
1785733664294,bot11,rtt,5158
1785733664294,bot17,rtt,5319
1785733664547,bot12,rtt,5411
1785733664549,bot22,rtt,5413
1785733664569,bot0,rtt,5594
1785733664569,bot2,rtt,5594
1785733664570,bot4,rtt,5595
1785733664570,bot6,rtt,5595
1785733664571,bot8,rtt,5435
1785733664571,bot10,rtt,5435
1785733664572,bot14,rtt,5597
1785733664572,bot16,rtt,5597
1785733664573,bot18,rtt,5437
1785733664574,bot20,rtt,5438
1785733664575,bot26,rtt,5601
1785733664931,bot24,rtt,5111
1785733664939,bot28,rtt,5172
1785733664960,bot27,rtt,5140
1785733664969,bot29,rtt,5149
1785733665066,bot2,rtt,5070
1785733665068,bot14,rtt,5072
1785733665126,bot26,rtt,5130
1785733665126,bot16,rtt,5130
1785733665139,bot0,rtt,5142
1785733665142,bot4,rtt,5145
1785733665143,bot6,rtt,5146
1785733665155,bot3,rtt,5158
1785733665155,bot5,rtt,5159
1785733665156,bot9,rtt,5160
1785733665156,bot13,rtt,5160
1785733665156,bot15,rtt,5160
1785733665157,bot17,rtt,5161
1785733665157,bot23,rtt,5161
1785733665247,bot8,rtt,5111
1785733665248,bot20,rtt,5112
1785733665260,bot10,rtt,5124
1785733665260,bot12,rtt,5124
1785733665261,bot18,rtt,5125
1785733665261,bot22,rtt,5125
1785733665375,bot1,rtt,5239
1785733665376,bot7,rtt,5240
1785733665377,bot11,rtt,5241
1785733665379,bot19,rtt,5243
1785733665379,bot21,rtt,5243
1785733665380,bot25,rtt,5244
1785733665624,bot24,rtt,4804
1785733665629,bot28,rtt,4856
1785733665638,bot26,rtt,4642
1785733665639,bot0,rtt,4642
1785733665639,bot2,rtt,4642
1785733665644,bot27,rtt,4824
1785733665644,bot29,rtt,4824
1785733665648,bot14,rtt,4651
1785733665649,bot16,rtt,4652
1785733665653,bot23,rtt,4656
1785733665654,bot4,rtt,4657
1785733665655,bot6,rtt,4658
1785733665657,bot10,rtt,4502
1785733665658,bot3,rtt,4661
1785733665659,bot5,rtt,4662
1785733665660,bot9,rtt,4663
1785733665662,bot13,rtt,4665
1785733665662,bot15,rtt,4665
1785733665665,bot12,rtt,4511
1785733665667,bot18,rtt,4513
1785733665668,bot20,rtt,4513
1785733665671,bot17,rtt,4674
1785733665735,bot8,rtt,4581
1785733665745,bot22,rtt,4591
1785733665933,bot24,rtt,4112
1785733665934,bot26,rtt,3938
1785733665934,bot28,rtt,4158
1785733665937,bot4,rtt,3939
1785733665938,bot6,rtt,3940
1785733665940,bot14,rtt,3942
1785733665942,bot0,rtt,3944
1785733665942,bot2,rtt,3944
1785733665949,bot16,rtt,3951
1785733665963,bot7,rtt,4808
1785733665964,bot11,rtt,4809
1785733665977,bot19,rtt,4822
1785733665978,bot21,rtt,4824
1785733665979,bot25,rtt,4825
1785733665981,bot1,rtt,4827
1785733666050,bot10,rtt,3870
1785733666052,bot18,rtt,3872
1785733666053,bot20,rtt,3873
1785733666062,bot8,rtt,3882
1785733666062,bot12,rtt,3882
1785733666063,bot22,rtt,3883
1785733666182,bot27,rtt,4361
1785733666183,bot29,rtt,4362
1785733666257,bot24,rtt,3436
1785733666258,bot28,rtt,3446
1785733666355,bot9,rtt,4357
1785733666356,bot13,rtt,4358
1785733666357,bot15,rtt,4359
1785733666358,bot17,rtt,4360
1785733666360,bot23,rtt,4363
1785733666363,bot0,rtt,3360
1785733666364,bot5,rtt,4366
1785733666365,bot3,rtt,4367
1785733666426,bot26,rtt,3424
1785733666427,bot2,rtt,3425
1785733666428,bot4,rtt,3425
1785733666428,bot6,rtt,3426
1785733666429,bot14,rtt,3427
1785733666429,bot16,rtt,3427
1785733666444,bot8,rtt,3249
1785733666445,bot12,rtt,3250
1785733666446,bot18,rtt,3251
1785733666446,bot20,rtt,3251
1785733666447,bot22,rtt,3252
1785733666522,bot10,rtt,3327
1785733666534,bot25,rtt,4354
1785733666547,bot1,rtt,4367
1785733666548,bot7,rtt,4368
1785733666549,bot11,rtt,4369
1785733666550,bot19,rtt,4370
1785733666551,bot21,rtt,4371
1785733666755,bot27,rtt,3934
1785733666756,bot29,rtt,3935
1785733666821,bot15,rtt,3819
1785733666821,bot17,rtt,3819
1785733666822,bot23,rtt,3820
1785733666824,bot3,rtt,3821
1785733666824,bot5,rtt,3822
1785733666825,bot9,rtt,3823
1785733666825,bot13,rtt,3823
1785733666829,bot24,rtt,3008
1785733666830,bot28,rtt,3017
1785733666850,bot0,rtt,2842
1785733666850,bot2,rtt,2842
1785733666851,bot4,rtt,2843
1785733666851,bot6,rtt,2843
1785733666853,bot14,rtt,2845
1785733666853,bot16,rtt,2845
1785733666855,bot26,rtt,2848
1785733666871,bot1,rtt,3676
1785733666872,bot7,rtt,3677
1785733666873,bot11,rtt,3678
1785733666874,bot19,rtt,3679
1785733666874,bot21,rtt,3679
1785733666875,bot25,rtt,3680
1785733666938,bot8,rtt,2743
1785733666939,bot10,rtt,2743
1785733666940,bot20,rtt,2744
1785733666950,bot22,rtt,2755
1785733666953,bot12,rtt,2757
1785733666953,bot18,rtt,2758
1785733667055,bot27,rtt,3234
1785733667056,bot29,rtt,3235
1785733667173,bot24,rtt,2351
1785733667174,bot28,rtt,2361
1785733667257,bot14,rtt,2248
1785733667273,bot26,rtt,2266
1785733667278,bot1,rtt,3084
1785733667279,bot3,rtt,3271
1785733667279,bot5,rtt,3271
1785733667280,bot7,rtt,3084
1785733667280,bot9,rtt,3272
1785733667281,bot11,rtt,3085
1785733667281,bot13,rtt,3273
1785733667282,bot15,rtt,3274
1785733667283,bot17,rtt,3275
1785733667283,bot19,rtt,3087
1785733667284,bot21,rtt,3089
1785733667284,bot23,rtt,3276
1785733667285,bot25,rtt,3090
1785733667289,bot0,rtt,2280
1785733667290,bot4,rtt,2281
1785733667290,bot6,rtt,2281
1785733667329,bot2,rtt,2320
1785733667336,bot16,rtt,2327
1785733667340,bot12,rtt,2145
1785733667343,bot18,rtt,2148
1785733667343,bot22,rtt,2148
1785733667346,bot20,rtt,2150
1785733667348,bot8,rtt,2153
1785733667349,bot10,rtt,2154
1785733667544,bot24,rtt,1721
1785733667545,bot28,rtt,1732
1785733667636,bot16,rtt,1625
1785733667638,bot0,rtt,1626
1785733667638,bot2,rtt,1627
1785733667638,bot6,rtt,1626
1785733667639,bot14,rtt,1628
1785733667644,bot26,rtt,1636
1785733667645,bot4,rtt,1633
1785733667668,bot27,rtt,2846
1785733667669,bot29,rtt,2848
1785733667674,bot3,rtt,2665
1785733667675,bot5,rtt,2666
1785733667675,bot9,rtt,2666
1785733667676,bot23,rtt,2668
1785733667678,bot13,rtt,2669
1785733667678,bot15,rtt,2669
1785733667678,bot17,rtt,2670
1785733667731,bot20,rtt,1530
1785733667733,bot22,rtt,1537
1785733667742,bot1,rtt,2547
1785733667744,bot7,rtt,2549
1785733667745,bot11,rtt,2550
1785733667747,bot8,rtt,1551
1785733667747,bot10,rtt,1551
1785733667748,bot12,rtt,1552
1785733667749,bot19,rtt,2553
1785733667750,bot21,rtt,2555
1785733667750,bot18,rtt,1554
1785733667751,bot25,rtt,2556
1785733667860,bot24,rtt,1035
1785733667860,bot28,rtt,1047
1785733667942,bot6,rtt,930
1785733667944,bot14,rtt,932
1785733667944,bot16,rtt,933
1785733667947,bot26,rtt,938
1785733667948,bot0,rtt,936
1785733667948,bot2,rtt,936
1785733667948,bot4,rtt,935
1785733668037,bot20,rtt,836
1785733668037,bot22,rtt,840
1785733668038,bot10,rtt,841
1785733668040,bot8,rtt,843
1785733668040,bot12,rtt,843
1785733668041,bot18,rtt,844
1785733668139,bot27,rtt,2316
1785733668140,bot29,rtt,2317
1785733668164,bot15,rtt,2152
1785733668165,bot17,rtt,2157
1785733668166,bot23,rtt,2158
1785733668168,bot3,rtt,2156
1785733668168,bot9,rtt,2157
1785733668169,bot13,rtt,2157
1785733668169,bot5,rtt,2158
1785733668272,bot1,rtt,2077
1785733668273,bot7,rtt,2077
1785733668274,bot11,rtt,2078
1785733668276,bot19,rtt,2075
1785733668277,bot21,rtt,2081
1785733668278,bot25,rtt,2082
1785733668333,bot24,rtt,508
1785733668334,bot28,rtt,521
1785733668360,bot4,rtt,345
1785733668360,bot6,rtt,345
1785733668362,bot14,rtt,350
1785733668362,bot0,rtt,347
1785733668363,bot2,rtt,350
1785733668364,bot26,rtt,355
1785733668365,bot16,rtt,353
1785733668446,bot12,rtt,248
1785733668452,bot8,rtt,256
1785733668453,bot10,rtt,255
1785733668453,bot18,rtt,255
1785733668453,bot20,rtt,251
1785733668454,bot22,rtt,256
1785733668543,bot27,rtt,1718
1785733668544,bot29,rtt,1719
1785733668571,bot3,rtt,1558
1785733668572,bot5,rtt,1560
1785733668574,bot9,rtt,1562
1785733668578,bot13,rtt,1566
1785733668579,bot15,rtt,1567
1785733668581,bot17,rtt,1572
1785733668585,bot23,rtt,1576
1785733668723,bot1,rtt,1529
1785733668724,bot7,rtt,1527
1785733668724,bot11,rtt,1527
1785733668725,bot19,rtt,1524
1785733668725,bot21,rtt,1528
1785733668733,bot25,rtt,1536
1785733668844,bot28,rtt,31
1785733668857,bot24,rtt,13
1785733668966,bot27,rtt,1141
1785733668966,bot29,rtt,1141
1785733669035,bot16,rtt,22
1785733669038,bot26,rtt,29
1785733669039,bot0,rtt,23
1785733669039,bot4,rtt,23
1785733669039,bot6,rtt,23
1785733669041,bot2,rtt,28
1785733669042,bot14,rtt,29
1785733669048,bot3,rtt,1033
1785733669049,bot5,rtt,1034
1785733669050,bot9,rtt,1037
1785733669051,bot13,rtt,1036
1785733669051,bot15,rtt,1036
1785733669051,bot17,rtt,1042
1785733669053,bot23,rtt,1044
1785733669154,bot7,rtt,956
1785733669154,bot11,rtt,956
1785733669156,bot21,rtt,958
1785733669157,bot25,rtt,959
1785733669168,bot19,rtt,967
1785733669169,bot1,rtt,975
1785733669234,bot20,rtt,32
1785733669234,bot22,rtt,36
1785733669238,bot8,rtt,42
1785733669238,bot10,rtt,40
1785733669238,bot12,rtt,40
1785733669239,bot18,rtt,41
1785733669435,bot27,rtt,591
1785733669447,bot29,rtt,603
1785733669459,bot3,rtt,443
1785733669461,bot9,rtt,448
1785733669462,bot13,rtt,446
1785733669463,bot15,rtt,447
1785733669465,bot23,rtt,455
1785733669523,bot5,rtt,508
1785733669526,bot17,rtt,516
1785733669549,bot7,rtt,351
1785733669550,bot11,rtt,352
1785733669551,bot19,rtt,350
1785733669552,bot21,rtt,354
1785733669554,bot25,rtt,356
1785733669556,bot1,rtt,362
1785733669840,bot28,rtt,27
1785733669868,bot27,rtt,20
1785733669869,bot29,rtt,21
1785733669872,bot24,rtt,24
1785733670054,bot0,rtt,38
1785733670054,bot2,rtt,41
1785733670055,bot4,rtt,39
1785733670055,bot6,rtt,39
1785733670056,bot14,rtt,43
1785733670057,bot23,rtt,48
1785733670059,bot3,rtt,43
1785733670059,bot5,rtt,43
1785733670060,bot9,rtt,47
1785733670061,bot13,rtt,45
1785733670062,bot15,rtt,46
1785733670062,bot17,rtt,53
1785733670067,bot16,rtt,54
1785733670068,bot26,rtt,59
1785733670230,bot25,rtt,31
1785733670232,bot1,rtt,38
1785733670234,bot7,rtt,35
1785733670241,bot11,rtt,42
1785733670242,bot19,rtt,40
1785733670243,bot21,rtt,44
1785733670245,bot8,rtt,48
1785733670245,bot10,rtt,46
1785733670246,bot12,rtt,47
1785733670247,bot18,rtt,48
1785733670247,bot20,rtt,45
1785733670247,bot22,rtt,48
1785733670826,bot28,rtt,13
1785733670858,bot24,rtt,10
1785733670885,bot27,rtt,37
1785733670886,bot29,rtt,38
1785733671027,bot14,rtt,14
1785733671028,bot2,rtt,15
1785733671030,bot26,rtt,21
1785733671035,bot16,rtt,22
1785733671037,bot0,rtt,17
1785733671038,bot6,rtt,18
1785733671045,bot4,rtt,25
1785733671056,bot3,rtt,36
1785733671057,bot5,rtt,38
1785733671059,bot9,rtt,46
1785733671061,bot13,rtt,41
1785733671064,bot15,rtt,44
1785733671065,bot17,rtt,56
1785733671067,bot23,rtt,58
1785733671232,bot7,rtt,32
1785733671233,bot19,rtt,30
1785733671233,bot21,rtt,33
1785733671234,bot25,rtt,34
1785733671239,bot1,rtt,45
1785733671241,bot11,rtt,41
1785733671250,bot8,rtt,53
1785733671250,bot10,rtt,50
1785733671251,bot12,rtt,51
1785733671252,bot18,rtt,52
1785733671253,bot20,rtt,50
1785733671253,bot22,rtt,53
1785733671830,bot28,rtt,16
1785733671861,bot29,rtt,12
1785733671863,bot27,rtt,14
1785733671927,bot24,rtt,78
1785733672030,bot2,rtt,16
1785733672032,bot14,rtt,18
1785733672037,bot26,rtt,27
1785733672040,bot3,rtt,20
1785733672040,bot5,rtt,21
1785733672041,bot23,rtt,31
1785733672043,bot0,rtt,23
1785733672044,bot4,rtt,24
1785733672044,bot6,rtt,25
1785733672045,bot16,rtt,31
1785733672047,bot9,rtt,33
1785733672048,bot13,rtt,29
1785733672048,bot15,rtt,29
1785733672048,bot17,rtt,38
1785733672225,bot11,rtt,24
1785733672226,bot21,rtt,25
1785733672226,bot25,rtt,25
1785733672232,bot1,rtt,38
1785733672233,bot7,rtt,32
1785733672245,bot10,rtt,44
1785733672245,bot12,rtt,44
1785733672253,bot19,rtt,48
1785733672258,bot18,rtt,57
1785733672258,bot20,rtt,53
1785733672259,bot22,rtt,58
1785733672260,bot8,rtt,64
1785733672825,bot28,rtt,11
1785733672863,bot27,rtt,13
1785733672864,bot29,rtt,14
1785733672864,bot24,rtt,14
1785733673025,bot2,rtt,10
1785733673027,bot14,rtt,12
1785733673029,bot26,rtt,20
1785733673031,bot9,rtt,16
1785733673032,bot0,rtt,11
1785733673032,bot4,rtt,11
1785733673032,bot6,rtt,12
1785733673033,bot16,rtt,18
1785733673034,bot13,rtt,14
1785733673035,bot15,rtt,15
1785733673035,bot17,rtt,23
1785733673037,bot23,rtt,26
1785733673039,bot3,rtt,18
1785733673039,bot5,rtt,19
1785733673225,bot1,rtt,30
1785733673226,bot11,rtt,25
1785733673228,bot21,rtt,28
1785733673229,bot25,rtt,28
1785733673232,bot7,rtt,31
1785733673233,bot19,rtt,28
1785733673236,bot8,rtt,40
1785733673236,bot10,rtt,35
1785733673237,bot12,rtt,36
1785733673238,bot18,rtt,37
1785733673239,bot20,rtt,33
1785733673240,bot22,rtt,39
1785733673836,bot28,rtt,22
1785733673861,bot24,rtt,10
1785733673930,bot27,rtt,79
1785733673930,bot29,rtt,79
1785733674029,bot5,rtt,9
1785733674030,bot13,rtt,10
1785733674032,bot23,rtt,20
1785733674034,bot0,rtt,12
1785733674034,bot2,rtt,19
1785733674037,bot14,rtt,22
1785733674037,bot16,rtt,23
1785733674039,bot26,rtt,30
1785733674041,bot3,rtt,19
1785733674045,bot4,rtt,23
1785733674045,bot6,rtt,23
1785733674046,bot9,rtt,31
1785733674048,bot15,rtt,26
1785733674049,bot17,rtt,37
1785733674230,bot7,rtt,29
1785733674231,bot11,rtt,30
1785733674232,bot19,rtt,26
1785733674233,bot21,rtt,33
1785733674234,bot25,rtt,33
1785733674242,bot1,rtt,47
1785733674247,bot20,rtt,39
1785733674249,bot8,rtt,52
1785733674250,bot10,rtt,49
1785733674250,bot12,rtt,49
1785733674251,bot18,rtt,50
1785733674251,bot22,rtt,50
1785733674961,bot28,rtt,147
1785733675029,bot27,rtt,176
1785733675029,bot29,rtt,177
1785733675128,bot24,rtt,276
1785733675159,bot9,rtt,144
1785733675161,bot17,rtt,148
1785733675162,bot23,rtt,149
1785733675171,bot5,rtt,151
1785733675174,bot3,rtt,151
1785733675175,bot13,rtt,155
1785733675176,bot15,rtt,155
1785733675263,bot0,rtt,241
1785733675264,bot2,rtt,249
1785733675265,bot4,rtt,243
1785733675266,bot6,rtt,244
1785733675268,bot14,rtt,253
1785733675269,bot16,rtt,254
1785733675271,bot26,rtt,262
1785733675432,bot11,rtt,230
1785733675434,bot19,rtt,228
1785733675434,bot21,rtt,233
1785733675439,bot1,rtt,244
1785733675441,bot7,rtt,239
1785733675442,bot25,rtt,240
1785733675529,bot20,rtt,319
1785733675529,bot22,rtt,327
1785733675531,bot12,rtt,329
1785733675532,bot18,rtt,330
1785733675536,bot10,rtt,334
1785733675547,bot8,rtt,350
1785733675877,bot27,rtt,24
1785733675877,bot29,rtt,24
1785733675946,bot28,rtt,132
1785733675966,bot24,rtt,113
1785733676033,bot5,rtt,13
1785733676035,bot9,rtt,20
1785733676036,bot13,rtt,16
1785733676037,bot15,rtt,16
1785733676037,bot17,rtt,23
1785733676039,bot23,rtt,25
1785733676042,bot3,rtt,18
1785733676061,bot26,rtt,52
1785733676064,bot0,rtt,40
1785733676065,bot2,rtt,50
1785733676078,bot4,rtt,54
1785733676080,bot6,rtt,56
1785733676084,bot14,rtt,69
1785733676084,bot16,rtt,69
1785733676242,bot8,rtt,44
1785733676243,bot10,rtt,41
1785733676245,bot12,rtt,43
1785733676246,bot18,rtt,44
1785733676247,bot20,rtt,38
1785733676247,bot22,rtt,45
1785733676259,bot19,rtt,53
1785733676259,bot21,rtt,59
1785733676260,bot25,rtt,58
1785733676262,bot1,rtt,66
1785733676265,bot7,rtt,63
1785733676268,bot11,rtt,66
1785733676831,bot28,rtt,10
1785733676872,bot27,rtt,19
1785733676872,bot29,rtt,20
1785733676881,bot24,rtt,28
1785733677028,bot9,rtt,13
1785733677029,bot17,rtt,14
1785733677030,bot23,rtt,15
1785733677032,bot0,rtt,7
1785733677033,bot2,rtt,18
1785733677036,bot4,rtt,11
1785733677037,bot6,rtt,12
1785733677043,bot14,rtt,28
1785733677044,bot16,rtt,29
1785733677049,bot26,rtt,40
1785733677061,bot3,rtt,36
1785733677061,bot5,rtt,37
1785733677064,bot13,rtt,40
1785733677065,bot15,rtt,40
1785733677204,bot1,rtt,8
1785733677230,bot21,rtt,29
1785733677231,bot25,rtt,28
1785733677237,bot8,rtt,39
1785733677238,bot10,rtt,35
1785733677240,bot12,rtt,37
1785733677242,bot19,rtt,29
1785733677250,bot7,rtt,47
1785733677257,bot18,rtt,54
1785733677257,bot20,rtt,44
1785733677258,bot22,rtt,55
1785733677266,bot11,rtt,63
1785733677832,bot28,rtt,11
1785733677859,bot29,rtt,6
1785733677869,bot27,rtt,10
1785733677874,bot24,rtt,15
1785733678023,bot26,rtt,11
1785733678027,bot9,rtt,10
1785733678029,bot17,rtt,12
1785733678030,bot23,rtt,13
1785733678031,bot2,rtt,14
1785733678033,bot4,rtt,9
1785733678034,bot6,rtt,10
1785733678039,bot14,rtt,22
1785733678040,bot16,rtt,23
1785733678043,bot0,rtt,19
1785733678052,bot3,rtt,28
1785733678053,bot5,rtt,29
1785733678056,bot13,rtt,32
1785733678057,bot15,rtt,33
1785733678208,bot1,rtt,11
1785733678221,bot8,rtt,20
1785733678231,bot11,rtt,15
1785733678237,bot19,rtt,20
1785733678238,bot21,rtt,31
1785733678239,bot25,rtt,23
1785733678250,bot7,rtt,34
1785733678256,bot10,rtt,40
1785733678257,bot12,rtt,41
1785733678260,bot18,rtt,44
1785733678260,bot20,rtt,43
1785733678260,bot22,rtt,44
1785733678848,bot28,rtt,25
1785733678879,bot29,rtt,27
1785733678925,bot24,rtt,65
1785733678929,bot27,rtt,69
1785733679040,bot14,rtt,23
1785733679041,bot16,rtt,24
1785733679046,bot9,rtt,29
1785733679050,bot13,rtt,25
1785733679051,bot15,rtt,26
1785733679052,bot17,rtt,35
1785733679055,bot23,rtt,38
1785733679059,bot3,rtt,34
1785733679064,bot4,rtt,39
1785733679066,bot6,rtt,41
1785733679071,bot5,rtt,46
1785733679074,bot26,rtt,61
1785733679078,bot0,rtt,53
1785733679079,bot2,rtt,62
1785733679209,bot8,rtt,8
1785733679233,bot12,rtt,14
1785733679237,bot18,rtt,18
1785733679239,bot20,rtt,20
1785733679240,bot22,rtt,21
1785733679242,bot1,rtt,44
1785733679252,bot7,rtt,33
1785733679255,bot11,rtt,36
1785733679263,bot19,rtt,44
1785733679264,bot21,rtt,45
1785733679267,bot25,rtt,48
1785733679284,bot10,rtt,65
1785733679835,bot28,rtt,11
1785733679865,bot29,rtt,13
1785733679870,bot27,rtt,10
1785733679874,bot24,rtt,14
1785733680030,bot26,rtt,12
1785733680039,bot14,rtt,21
1785733680040,bot16,rtt,22
1785733680047,bot3,rtt,20
1785733680048,bot5,rtt,22
1785733680051,bot9,rtt,33
1785733680055,bot13,rtt,29
1785733680056,bot15,rtt,30
1785733680058,bot17,rtt,40
1785733680061,bot23,rtt,43
1785733680063,bot2,rtt,45
1785733680074,bot0,rtt,48
1785733680075,bot4,rtt,48
1785733680078,bot6,rtt,52
1785733680213,bot8,rtt,12
1785733680221,bot1,rtt,22
1785733680237,bot21,rtt,11
1785733680250,bot7,rtt,24
1785733680252,bot11,rtt,26
1785733680256,bot19,rtt,30
1785733680257,bot25,rtt,31
1785733680261,bot10,rtt,35
1785733680262,bot12,rtt,36
1785733680266,bot18,rtt,40
1785733680268,bot20,rtt,42
1785733680269,bot22,rtt,43
1785733680835,bot28,rtt,11
1785733680865,bot29,rtt,9
1785733680868,bot27,rtt,7
1785733680873,bot24,rtt,12
1785733681032,bot26,rtt,13
1785733681039,bot17,rtt,20
1785733681043,bot23,rtt,24
1785733681054,bot14,rtt,35
1785733681055,bot16,rtt,36
1785733681062,bot3,rtt,33
1785733681062,bot5,rtt,34
1785733681064,bot9,rtt,45
1785733681066,bot13,rtt,38
1785733681067,bot15,rtt,39
1785733681070,bot0,rtt,42
1785733681071,bot2,rtt,52
1785733681073,bot4,rtt,45
1785733681074,bot6,rtt,46
1785733681230,bot1,rtt,32
1785733681237,bot7,rtt,9
1785733681243,bot19,rtt,14
1785733681245,bot21,rtt,17
1785733681247,bot25,rtt,19
1785733681256,bot8,rtt,54
1785733681259,bot10,rtt,31
1785733681260,bot12,rtt,32
1785733681264,bot18,rtt,36
1785733681265,bot20,rtt,36
1785733681267,bot22,rtt,39
1785733681282,bot11,rtt,54
1785733681848,bot28,rtt,24
1785733681945,bot24,rtt,80
1785733681947,bot27,rtt,82
1785733681947,bot29,rtt,83
1785733682034,bot9,rtt,14
1785733682039,bot17,rtt,19
1785733682042,bot23,rtt,22
1785733682046,bot2,rtt,26
1785733682051,bot14,rtt,31
1785733682053,bot16,rtt,33
1785733682058,bot26,rtt,38
1785733682060,bot0,rtt,16
1785733682068,bot4,rtt,24
1785733682070,bot6,rtt,26
1785733682073,bot3,rtt,29
1785733682074,bot5,rtt,30
1785733682077,bot13,rtt,33
1785733682078,bot15,rtt,34
1785733682230,bot1,rtt,32
1785733682238,bot8,rtt,36
1785733682239,bot10,rtt,10
1785733682243,bot18,rtt,14
1785733682247,bot20,rtt,17
1785733682248,bot22,rtt,19
1785733682255,bot21,rtt,26
1785733682258,bot25,rtt,29
1785733682271,bot7,rtt,42
1785733682275,bot19,rtt,45
1785733682278,bot12,rtt,49
1785733682283,bot11,rtt,54
1785733682837,bot28,rtt,11
1785733682875,bot27,rtt,10
1785733682875,bot29,rtt,10
1785733682879,bot24,rtt,14
1785733683029,bot16,rtt,8
1785733683031,bot26,rtt,10
1785733683033,bot2,rtt,12
1785733683037,bot14,rtt,16
1785733683047,bot9,rtt,26
1785733683050,bot17,rtt,29
1785733683053,bot23,rtt,32
1785733683075,bot13,rtt,11
1785733683076,bot15,rtt,12
1785733683082,bot0,rtt,18
1785733683088,bot4,rtt,24
1785733683089,bot6,rtt,25
1785733683097,bot3,rtt,33
1785733683098,bot5,rtt,34
1785733683221,bot8,rtt,18
1785733683227,bot1,rtt,29
1785733683249,bot19,rtt,17
1785733683251,bot21,rtt,19
1785733683254,bot25,rtt,22
1785733683262,bot10,rtt,30
1785733683264,bot12,rtt,32
1785733683267,bot18,rtt,35
1785733683269,bot20,rtt,37
1785733683270,bot22,rtt,38
1785733683282,bot7,rtt,50
1785733683284,bot11,rtt,52
1785733683837,bot28,rtt,12
1785733683875,bot24,rtt,9
1785733683881,bot27,rtt,15
1785733683881,bot29,rtt,15
1785733684030,bot16,rtt,9
1785733684039,bot9,rtt,18
1785733684049,bot14,rtt,28
1785733684051,bot26,rtt,30
1785733684052,bot17,rtt,31
1785733684054,bot23,rtt,33
1785733684057,bot2,rtt,36
1785733684081,bot4,rtt,7
1785733684081,bot6,rtt,7
1785733684082,bot0,rtt,8
1785733684089,bot3,rtt,15
1785733684090,bot5,rtt,16
1785733684095,bot13,rtt,21
1785733684097,bot15,rtt,23
1785733684214,bot8,rtt,10
1785733684217,bot1,rtt,18
1785733684270,bot11,rtt,29
1785733684276,bot19,rtt,35
1785733684278,bot7,rtt,37
1785733684281,bot21,rtt,41
1785733684284,bot25,rtt,43
1785733684294,bot10,rtt,53
1785733684295,bot12,rtt,54
1785733684299,bot18,rtt,58
1785733684301,bot20,rtt,60
1785733684302,bot22,rtt,61
1785733684839,bot28,rtt,14
1785733684880,bot27,rtt,13
1785733684880,bot29,rtt,13
1785733684887,bot24,rtt,20
1785733685045,bot2,rtt,22
1785733685053,bot14,rtt,30
1785733685055,bot16,rtt,32
1785733685066,bot9,rtt,43
1785733685072,bot17,rtt,49
1785733685077,bot23,rtt,54
1785733685082,bot26,rtt,60
1785733685124,bot6,rtt,26
1785733685133,bot0,rtt,35
1785733685139,bot3,rtt,41
1785733685141,bot5,rtt,43
1785733685148,bot13,rtt,50
1785733685150,bot15,rtt,52
1785733685173,bot4,rtt,75
1785733685231,bot1,rtt,33
1785733685241,bot8,rtt,36
1785733685255,bot7,rtt,9
1785733685258,bot19,rtt,12
1785733685259,bot21,rtt,13
1785733685262,bot25,rtt,16
1785733685270,bot11,rtt,24
1785733685279,bot10,rtt,33
1785733685280,bot12,rtt,34
1785733685283,bot18,rtt,37
1785733685285,bot20,rtt,39
1785733685286,bot22,rtt,40
1785733685843,bot28,rtt,15
1785733685880,bot24,rtt,10
1785733685888,bot27,rtt,18
1785733685888,bot29,rtt,18
1785733686034,bot14,rtt,10
1785733686035,bot16,rtt,11
1785733686040,bot26,rtt,16
1785733686047,bot2,rtt,23
1785733686053,bot9,rtt,29
1785733686057,bot17,rtt,33
1785733686059,bot23,rtt,35
1785733686105,bot3,rtt,6
1785733686112,bot6,rtt,14
1785733686128,bot0,rtt,29
1785733686129,bot4,rtt,30
1785733686134,bot5,rtt,37
1785733686137,bot13,rtt,39
1785733686138,bot15,rtt,40
1785733686228,bot1,rtt,26
1785733686240,bot8,rtt,34
1785733686270,bot20,rtt,12
1785733686270,bot22,rtt,12
1785733686278,bot21,rtt,20
1785733686281,bot25,rtt,23
1785733686289,bot7,rtt,31
1785733686291,bot11,rtt,33
1785733686295,bot10,rtt,37
1785733686296,bot12,rtt,38
1785733686299,bot18,rtt,41
1785733686302,bot19,rtt,44
1785733686938,bot29,rtt,68
1785733686941,bot27,rtt,71
1785733686948,bot24,rtt,78
1785733686949,bot28,rtt,120
1785733687035,bot14,rtt,10
1785733687036,bot16,rtt,11
1785733687038,bot26,rtt,13
1785733687040,bot2,rtt,15
1785733687050,bot9,rtt,25
1785733687053,bot17,rtt,28
1785733687056,bot23,rtt,31
1785733687126,bot0,rtt,28
1785733687135,bot3,rtt,37
1785733687136,bot5,rtt,39
1785733687140,bot13,rtt,42
1785733687141,bot15,rtt,43
1785733687157,bot4,rtt,59
1785733687158,bot6,rtt,60
1785733687222,bot1,rtt,20
1785733687237,bot8,rtt,32
1785733687272,bot12,rtt,12
1785733687330,bot11,rtt,70
1785733687334,bot19,rtt,73
1785733687335,bot21,rtt,75
1785733687343,bot20,rtt,82
1785733687344,bot22,rtt,84
1785733687356,bot10,rtt,96
1785733687361,bot18,rtt,101
1785733687363,bot25,rtt,103
1785733687383,bot7,rtt,122
1785733687855,bot28,rtt,20
1785733687883,bot24,rtt,7
1785733687885,bot29,rtt,9
1785733687895,bot27,rtt,19
1785733688041,bot9,rtt,14
1785733688045,bot17,rtt,19
1785733688047,bot23,rtt,21
1785733688051,bot2,rtt,24
1785733688057,bot14,rtt,31
1785733688058,bot16,rtt,32
1785733688074,bot26,rtt,48
1785733688120,bot3,rtt,15
1785733688122,bot5,rtt,17
1785733688123,bot13,rtt,18
1785733688124,bot15,rtt,19
1785733688135,bot0,rtt,30
1785733688137,bot4,rtt,32
1785733688138,bot6,rtt,33
1785733688221,bot1,rtt,18
1785733688229,bot8,rtt,23
1785733688272,bot22,rtt,10
1785733688286,bot7,rtt,24
1785733688288,bot11,rtt,26
1785733688293,bot19,rtt,31
1785733688295,bot10,rtt,33
1785733688296,bot12,rtt,34
1785733688299,bot21,rtt,37
1785733688302,bot25,rtt,40
1785733688304,bot18,rtt,42
1785733688305,bot20,rtt,43
1785733688851,bot28,rtt,16
1785733688888,bot24,rtt,11
1785733688893,bot29,rtt,16
1785733688896,bot27,rtt,19
1785733689038,bot14,rtt,10
1785733689039,bot16,rtt,11
1785733689042,bot26,rtt,15
1785733689047,bot9,rtt,19
1785733689049,bot17,rtt,21
1785733689051,bot23,rtt,24
1785733689057,bot2,rtt,29
1785733689122,bot13,rtt,17
1785733689123,bot15,rtt,18
1785733689124,bot0,rtt,19
1785733689125,bot3,rtt,20
1785733689125,bot5,rtt,20
1785733689129,bot4,rtt,24
1785733689130,bot6,rtt,25
1785733689217,bot8,rtt,10
1785733689218,bot1,rtt,13
1785733689274,bot22,rtt,10
1785733689285,bot7,rtt,21
1785733689288,bot10,rtt,24
1785733689289,bot11,rtt,25
1785733689290,bot12,rtt,26
1785733689294,bot19,rtt,30
1785733689296,bot21,rtt,32
1785733689298,bot25,rtt,34
1785733689299,bot18,rtt,35
1785733689300,bot20,rtt,36
1785733689856,bot28,rtt,21
1785733689888,bot27,rtt,11
1785733689889,bot29,rtt,12
1785733689894,bot24,rtt,17
1785733690035,bot17,rtt,8
1785733690037,bot23,rtt,10
1785733690041,bot2,rtt,14
1785733690046,bot9,rtt,19
1785733690050,bot14,rtt,23
1785733690050,bot16,rtt,23
1785733690054,bot26,rtt,27
1785733690120,bot0,rtt,8
1785733690120,bot4,rtt,8
1785733690121,bot6,rtt,9
1785733690131,bot3,rtt,19
1785733690131,bot5,rtt,19
1785733690134,bot13,rtt,22
1785733690135,bot15,rtt,23
1785733690221,bot1,rtt,16
1785733690225,bot8,rtt,13
1785733690275,bot22,rtt,8
1785733690280,bot7,rtt,13
1785733690281,bot11,rtt,14
1785733690286,bot19,rtt,19
1785733690286,bot21,rtt,19
1785733690288,bot25,rtt,21
1785733690299,bot18,rtt,32
1785733690300,bot20,rtt,33
1785733690315,bot10,rtt,48
1785733690318,bot12,rtt,51
1785733690857,bot28,rtt,22
1785733690889,bot24,rtt,11
1785733690896,bot27,rtt,18
1785733690896,bot29,rtt,18
1785733691039,bot14,rtt,10
1785733691040,bot16,rtt,12
1785733691043,bot26,rtt,15
1785733691048,bot9,rtt,19
1785733691051,bot17,rtt,23
1785733691053,bot23,rtt,25
1785733691060,bot2,rtt,31
1785733691131,bot6,rtt,8
1785733691141,bot3,rtt,18
1785733691141,bot5,rtt,18
1785733691145,bot13,rtt,22
1785733691145,bot15,rtt,22
1785733691154,bot0,rtt,31
1785733691156,bot4,rtt,33
1785733691224,bot8,rtt,11
1785733691239,bot1,rtt,32
1785733691281,bot18,rtt,8
1785733691282,bot22,rtt,9
1785733691288,bot10,rtt,15
1785733691289,bot12,rtt,16
1785733691292,bot20,rtt,19
1785733691299,bot7,rtt,26
1785733691302,bot11,rtt,29
1785733691309,bot19,rtt,36
1785733691311,bot21,rtt,38
1785733691314,bot25,rtt,41
1785733691854,bot28,rtt,18
1785733691891,bot24,rtt,12
1785733691897,bot27,rtt,18
1785733691898,bot29,rtt,19
1785733692037,bot9,rtt,9
1785733692045,bot17,rtt,17
1785733692048,bot23,rtt,20
1785733692052,bot2,rtt,24
1785733692056,bot14,rtt,28
1785733692057,bot16,rtt,29
1785733692062,bot26,rtt,34
1785733692131,bot13,rtt,8
1785733692133,bot3,rtt,9
1785733692134,bot5,rtt,11
1785733692138,bot15,rtt,15
1785733692145,bot0,rtt,21
1785733692146,bot4,rtt,22
1785733692147,bot6,rtt,23
1785733692224,bot8,rtt,8
1785733692229,bot1,rtt,15
1785733692282,bot12,rtt,7
1785733692284,bot18,rtt,9
1785733692285,bot20,rtt,10
1785733692289,bot10,rtt,14
1785733692291,bot22,rtt,16
1785733692299,bot7,rtt,24
1785733692301,bot11,rtt,26
1785733692305,bot19,rtt,30
1785733692306,bot21,rtt,32
1785733692309,bot25,rtt,34
1785733692845,bot28,rtt,9
1785733692892,bot27,rtt,12
1785733692893,bot29,rtt,13
1785733692900,bot24,rtt,20
1785733693044,bot17,rtt,13
1785733693046,bot23,rtt,15
1785733693050,bot2,rtt,19
1785733693055,bot14,rtt,24
1785733693056,bot16,rtt,25
1785733693060,bot26,rtt,29
1785733693066,bot9,rtt,35
1785733693132,bot0,rtt,8
1785733693133,bot4,rtt,9
1785733693133,bot6,rtt,9
1785733693147,bot3,rtt,23
1785733693147,bot5,rtt,25
1785733693150,bot13,rtt,27
1785733693151,bot15,rtt,28
1785733693232,bot8,rtt,18
1785733693243,bot1,rtt,29
1785733693284,bot22,rtt,8
1785733693291,bot11,rtt,15
1785733693294,bot19,rtt,17
1785733693294,bot21,rtt,18
1785733693297,bot7,rtt,20
1785733693297,bot25,rtt,21
1785733693302,bot12,rtt,26
1785733693335,bot18,rtt,59
1785733693336,bot20,rtt,59
1785733693344,bot10,rtt,68
1785733693869,bot28,rtt,33
1785733693892,bot24,rtt,11
1785733693902,bot27,rtt,21
1785733693903,bot29,rtt,22
1785733694042,bot26,rtt,11
1785733694047,bot17,rtt,16
1785733694050,bot23,rtt,19
1785733694054,bot2,rtt,23
1785733694058,bot14,rtt,27
1785733694058,bot16,rtt,27
1785733694068,bot9,rtt,37
1785733694129,bot0,rtt,5
1785733694130,bot6,rtt,6
1785733694140,bot4,rtt,16
1785733694144,bot3,rtt,20
1785733694144,bot5,rtt,21
1785733694148,bot13,rtt,25
1785733694148,bot15,rtt,25
1785733694229,bot1,rtt,12
1785733694232,bot8,rtt,15
1785733694285,bot18,rtt,8
1785733694286,bot22,rtt,9
1785733694291,bot7,rtt,12
1785733694297,bot10,rtt,20
1785733694298,bot12,rtt,21
1785733694300,bot20,rtt,21
1785733694303,bot11,rtt,26
1785733694308,bot19,rtt,29
1785733694309,bot21,rtt,33
1785733694312,bot25,rtt,35
1785733694854,bot28,rtt,18
1785733694893,bot27,rtt,11
1785733694893,bot29,rtt,11
1785733694899,bot24,rtt,17
1785733695041,bot9,rtt,9
1785733695044,bot17,rtt,12
1785733695046,bot23,rtt,14
1785733695055,bot2,rtt,23
1785733695060,bot14,rtt,28
1785733695061,bot16,rtt,29
1785733695066,bot26,rtt,34
1785733695139,bot3,rtt,13
1785733695139,bot5,rtt,13
1785733695141,bot13,rtt,15
1785733695142,bot15,rtt,16
1785733695149,bot0,rtt,23
1785733695150,bot4,rtt,24
1785733695151,bot6,rtt,25
1785733695232,bot8,rtt,10
1785733695237,bot1,rtt,15
1785733695287,bot10,rtt,9
1785733695287,bot12,rtt,9
1785733695290,bot18,rtt,12
1785733695292,bot20,rtt,12
1785733695292,bot22,rtt,14
1785733695307,bot7,rtt,27
1785733695309,bot11,rtt,31
1785733695312,bot19,rtt,32
1785733695313,bot21,rtt,35
1785733695315,bot25,rtt,37
1785733695850,bot28,rtt,13
1785733695892,bot24,rtt,9
1785733695900,bot27,rtt,17
1785733695901,bot29,rtt,18
1785733696055,bot2,rtt,22
1785733696060,bot14,rtt,27
1785733696062,bot16,rtt,29
1785733696066,bot26,rtt,33
1785733696074,bot9,rtt,41
1785733696077,bot17,rtt,44
1785733696079,bot23,rtt,46
1785733696134,bot4,rtt,7
1785733696135,bot6,rtt,8
1785733696143,bot0,rtt,16
1785733696153,bot3,rtt,26
1785733696153,bot5,rtt,27
1785733696156,bot13,rtt,29
1785733696157,bot15,rtt,30
1785733696229,bot1,rtt,6
1785733696236,bot8,rtt,13
1785733696289,bot11,rtt,11
1785733696294,bot19,rtt,14
1785733696295,bot21,rtt,18
1785733696297,bot25,rtt,19
1785733696302,bot10,rtt,24
1785733696303,bot12,rtt,25
1785733696306,bot18,rtt,28
1785733696308,bot20,rtt,28
1785733696308,bot22,rtt,30
1785733696320,bot7,rtt,40
1785733696863,bot28,rtt,27
1785733696891,bot24,rtt,8
1785733696897,bot27,rtt,14
1785733696897,bot29,rtt,15
1785733697045,bot2,rtt,11
1785733697048,bot14,rtt,14
1785733697049,bot16,rtt,15
1785733697053,bot26,rtt,19
1785733697057,bot9,rtt,23
1785733697061,bot17,rtt,27
1785733697063,bot23,rtt,29
1785733697137,bot0,rtt,8
1785733697138,bot4,rtt,9
1785733697138,bot6,rtt,9
1785733697148,bot3,rtt,18
1785733697149,bot5,rtt,20
1785733697153,bot13,rtt,24
1785733697154,bot15,rtt,25
1785733697233,bot8,rtt,10
1785733697237,bot1,rtt,14
1785733697287,bot18,rtt,9
1785733697288,bot22,rtt,10
1785733697296,bot11,rtt,18
1785733697300,bot19,rtt,15
1785733697301,bot21,rtt,23
1785733697306,bot12,rtt,28
1785733697314,bot10,rtt,36
1785733697317,bot20,rtt,32
1785733697321,bot7,rtt,37
1785733697325,bot25,rtt,47
1785733697881,bot28,rtt,35
1785733697926,bot27,rtt,35
1785733697927,bot29,rtt,37
1785733697933,bot24,rtt,43
1785733698051,bot2,rtt,17
1785733698059,bot9,rtt,25
1785733698063,bot17,rtt,29
1785733698065,bot23,rtt,31
1785733698071,bot14,rtt,37
1785733698072,bot16,rtt,38
1785733698076,bot26,rtt,42
1785733698144,bot6,rtt,12
1785733698157,bot4,rtt,25
1785733698168,bot3,rtt,36
1785733698169,bot5,rtt,37
1785733698171,bot13,rtt,39
1785733698172,bot15,rtt,40
1785733698180,bot0,rtt,48
1785733698230,bot1,rtt,7
1785733698250,bot8,rtt,27
1785733698324,bot20,rtt,40
1785733698325,bot22,rtt,47
1785733698329,bot10,rtt,50
1785733698329,bot12,rtt,50
1785733698331,bot18,rtt,52
1785733698341,bot7,rtt,57
1785733698348,bot19,rtt,64
1785733698348,bot21,rtt,70
1785733698351,bot25,rtt,73
1785733698370,bot11,rtt,91
1785733698864,bot28,rtt,17
1785733698930,bot27,rtt,40
1785733698931,bot29,rtt,41
1785733698942,bot24,rtt,52
1785733699043,bot9,rtt,8
1785733699056,bot14,rtt,21
1785733699057,bot16,rtt,22
1785733699061,bot26,rtt,26
1785733699065,bot17,rtt,30
1785733699069,bot23,rtt,34
1785733699079,bot2,rtt,44
1785733699142,bot3,rtt,10
1785733699143,bot5,rtt,11
1785733699146,bot0,rtt,14
1785733699149,bot13,rtt,17
1785733699151,bot4,rtt,19
1785733699151,bot15,rtt,19
1785733699153,bot6,rtt,21
1785733699235,bot8,rtt,9
1785733699241,bot1,rtt,15
1785733699331,bot19,rtt,47
1785733699333,bot21,rtt,54
1785733699335,bot25,rtt,56
1785733699340,bot22,rtt,61
1785733699349,bot7,rtt,65
1785733699351,bot11,rtt,72
1785733699359,bot10,rtt,80
1785733699361,bot12,rtt,82
1785733699363,bot18,rtt,84
1785733699364,bot20,rtt,80
1785733699861,bot28,rtt,13
1785733699935,bot27,rtt,43
1785733699935,bot29,rtt,43
1785733699951,bot24,rtt,59
1785733700045,bot9,rtt,9
1785733700048,bot17,rtt,12
1785733700050,bot23,rtt,14
1785733700066,bot2,rtt,30
1785733700072,bot14,rtt,36
1785733700075,bot16,rtt,39
1785733700079,bot26,rtt,43
1785733700146,bot15,rtt,14
1785733700150,bot3,rtt,18
1785733700151,bot5,rtt,19
1785733700154,bot13,rtt,22
1785733700158,bot0,rtt,26
1785733700160,bot4,rtt,28
1785733700162,bot6,rtt,30
1785733700244,bot1,rtt,18
1785733700246,bot8,rtt,20
1785733700324,bot7,rtt,40
1785733700331,bot10,rtt,51
1785733700332,bot12,rtt,52
1785733700336,bot18,rtt,56
1785733700340,bot20,rtt,56
1785733700341,bot22,rtt,61
1785733700357,bot11,rtt,77
1785733700362,bot19,rtt,78
1785733700364,bot21,rtt,84
1785733700366,bot25,rtt,86
1785733700868,bot28,rtt,11
1785733700946,bot24,rtt,54
1785733700971,bot27,rtt,79
1785733700971,bot29,rtt,80
1785733701054,bot2,rtt,16
1785733701062,bot14,rtt,24
1785733701063,bot16,rtt,25
1785733701070,bot26,rtt,32
1785733701233,bot0,rtt,92
1785733701234,bot4,rtt,93
1785733701235,bot6,rtt,94
1785733701248,bot8,rtt,21
1785733701254,bot9,rtt,216
1785733701260,bot17,rtt,222
1785733701265,bot23,rtt,227
1785733701330,bot10,rtt,42
1785733701331,bot12,rtt,43
1785733701333,bot18,rtt,45
1785733701334,bot20,rtt,46
1785733701334,bot22,rtt,46
1785733701436,bot3,rtt,295
1785733701440,bot15,rtt,299
1785733701452,bot5,rtt,311
1785733701456,bot13,rtt,315
1785733701489,bot1,rtt,262
1785733701524,bot11,rtt,236
1785733701528,bot7,rtt,240
1785733701532,bot19,rtt,244
1785733701532,bot21,rtt,244
1785733701534,bot25,rtt,246
1785733701537,bot1,respawn
1785733701926,bot24,rtt,33
1785733701927,bot28,rtt,67
1785733702023,bot27,rtt,130
1785733702024,bot29,rtt,133
1785733702048,bot14,rtt,8
1785733702049,bot16,rtt,9
1785733702051,bot2,rtt,11
1785733702059,bot26,rtt,21
1785733702133,bot9,rtt,93
1785733702135,bot17,rtt,95
1785733702139,bot23,rtt,99
1785733702189,bot4,rtt,32
1785733702228,bot0,rtt,71
1785733702229,bot6,rtt,72
1785733702243,bot15,rtt,86
1785733702253,bot3,rtt,96
1785733702253,bot5,rtt,96
1785733702256,bot13,rtt,99
1785733702267,bot8,rtt,29
1785733702339,bot1,rtt,101
1785733702349,bot10,rtt,44
1785733702350,bot12,rtt,45
1785733702354,bot18,rtt,49
1785733702358,bot20,rtt,53
1785733702359,bot22,rtt,54
1785733702376,bot7,rtt,71
1785733702379,bot19,rtt,74
1785733702380,bot21,rtt,76
1785733702382,bot25,rtt,77
1785733702395,bot11,rtt,90
1785733702883,bot28,rtt,11
1785733702924,bot24,rtt,31
1785733702942,bot27,rtt,49
1785733702943,bot29,rtt,51
1785733703059,bot14,rtt,15
1785733703060,bot16,rtt,16
1785733703065,bot26,rtt,21
1785733703071,bot2,rtt,27
1785733703078,bot9,rtt,34
1785733703083,bot17,rtt,39
1785733703087,bot23,rtt,43
1785733703184,bot0,rtt,25
1785733703188,bot4,rtt,29
1785733703189,bot13,rtt,30
1785733703191,bot6,rtt,32
1785733703192,bot15,rtt,33
1785733703207,bot3,rtt,48
1785733703207,bot5,rtt,49
1785733703260,bot8,rtt,22
1785733703272,bot1,rtt,35
1785733703329,bot10,rtt,24
1785733703329,bot12,rtt,24
1785733703331,bot18,rtt,26
1785733703332,bot20,rtt,27
1785733703333,bot22,rtt,28
1785733703357,bot7,rtt,52
1785733703360,bot11,rtt,55
1785733703365,bot19,rtt,60
1785733703367,bot21,rtt,62
1785733703369,bot25,rtt,64
1785733703887,bot28,rtt,14
1785733703911,bot27,rtt,18
1785733703912,bot29,rtt,20
1785733703923,bot24,rtt,30
1785733704056,bot16,rtt,12
1785733704059,bot26,rtt,15
1785733704062,bot2,rtt,18
1785733704066,bot14,rtt,22
1785733704074,bot9,rtt,30
1785733704078,bot17,rtt,34
1785733704081,bot23,rtt,37
1785733704196,bot13,rtt,37
1785733704197,bot15,rtt,38
1785733704200,bot3,rtt,41
1785733704200,bot5,rtt,41
1785733704202,bot0,rtt,43
1785733704204,bot4,rtt,45
1785733704205,bot6,rtt,46
1785733704264,bot8,rtt,19
1785733704295,bot1,rtt,50
1785733704328,bot22,rtt,22
1785733704343,bot19,rtt,37
1785733704343,bot21,rtt,37
1785733704345,bot25,rtt,39
1785733704354,bot7,rtt,48
1785733704356,bot11,rtt,50
1785733704362,bot10,rtt,56
1785733704364,bot12,rtt,58
1785733704367,bot18,rtt,61
1785733704368,bot20,rtt,62
1785733704942,bot27,rtt,48
1785733704943,bot29,rtt,50
1785733704957,bot24,rtt,63
1785733704959,bot28,rtt,84
1785733705060,bot16,rtt,11
1785733705063,bot26,rtt,14
1785733705068,bot14,rtt,19
1785733705069,bot2,rtt,20
1785733705129,bot17,rtt,80
1785733705140,bot9,rtt,91
1785733705142,bot23,rtt,93
1785733705235,bot5,rtt,72
1785733705245,bot0,rtt,81
1785733705247,bot4,rtt,83
1785733705249,bot6,rtt,85
1785733705262,bot3,rtt,98
1785733705271,bot13,rtt,108
1785733705272,bot15,rtt,109
1785733705328,bot10,rtt,21
1785733705329,bot12,rtt,22
1785733705341,bot8,rtt,72
1785733705345,bot18,rtt,38
1785733705347,bot20,rtt,40
1785733705349,bot22,rtt,42
1785733705361,bot7,rtt,54
1785733705364,bot11,rtt,57
1785733705370,bot19,rtt,63
1785733705372,bot21,rtt,66
1785733705375,bot25,rtt,68
1785733705390,bot1,rtt,121
1785733705948,bot24,rtt,54
1785733705949,bot28,rtt,73
1785733705967,bot27,rtt,73
1785733705972,bot29,rtt,78
1785733706058,bot26,rtt,9
1785733706130,bot2,rtt,80
1785733706140,bot14,rtt,90
1785733706141,bot16,rtt,91
1785733706229,bot0,rtt,64
1785733706232,bot6,rtt,67
1785733706249,bot4,rtt,84
1785733706347,bot8,rtt,72
1785733706347,bot10,rtt,39
1785733706350,bot12,rtt,42
1785733706354,bot18,rtt,46
1785733706356,bot20,rtt,48
1785733706359,bot22,rtt,51
1785733706374,bot9,rtt,324
1785733706377,bot17,rtt,327
1785733706382,bot23,rtt,332
1785733706525,bot3,rtt,360
1785733706525,bot5,rtt,363
1785733706529,bot13,rtt,366
1785733706529,bot15,rtt,366
1785733706562,bot21,rtt,257
1785733706568,bot25,rtt,260
1785733706581,bot1,rtt,306
1785733706591,bot19,rtt,283
1785733706596,bot7,rtt,288
1785733706599,bot11,rtt,291
1785733706930,bot24,rtt,17
1785733706937,bot28,rtt,57
1785733706948,bot27,rtt,35
1785733706949,bot29,rtt,36
1785733707059,bot14,rtt,9
1785733707068,bot2,rtt,17
1785733707078,bot23,rtt,29
1785733707083,bot16,rtt,33
1785733707087,bot26,rtt,38
1785733707091,bot9,rtt,40
1785733707094,bot17,rtt,44
1785733707221,bot0,rtt,41
1785733707223,bot4,rtt,43
1785733707224,bot6,rtt,44
1785733707249,bot3,rtt,69
1785733707250,bot5,rtt,70
1785733707254,bot13,rtt,74
1785733707255,bot15,rtt,75
1785733707356,bot7,rtt,47
1785733707359,bot11,rtt,50
1785733707365,bot19,rtt,56
1785733707369,bot21,rtt,64
1785733707371,bot25,rtt,62
1785733707377,bot1,rtt,92
1785733707383,bot8,rtt,98
1785733707384,bot10,rtt,75
1785733707387,bot12,rtt,78
1785733707392,bot18,rtt,83
1785733707395,bot20,rtt,86
1785733707397,bot22,rtt,88
1785733707939,bot24,rtt,26
1785733707941,bot28,rtt,60
1785733707960,bot27,rtt,46
1785733707961,bot29,rtt,48
1785733708062,bot26,rtt,8
1785733708078,bot2,rtt,24
1785733708081,bot14,rtt,27
1785733708081,bot16,rtt,27
1785733708134,bot23,rtt,80
1785733708152,bot9,rtt,98
1785733708156,bot17,rtt,102
1785733708252,bot4,rtt,72
1785733708254,bot6,rtt,74
1785733708264,bot3,rtt,84
1785733708265,bot5,rtt,85
1785733708270,bot13,rtt,90
1785733708271,bot0,rtt,91
1785733708273,bot15,rtt,93
1785733708349,bot8,rtt,47
1785733708350,bot10,rtt,41
1785733708353,bot12,rtt,44
1785733708358,bot18,rtt,49
1785733708359,bot20,rtt,50
1785733708362,bot22,rtt,53
1785733708386,bot7,rtt,77
1785733708392,bot11,rtt,83
1785733708398,bot19,rtt,89
1785733708400,bot21,rtt,94
1785733708402,bot25,rtt,93
1785733708414,bot1,rtt,112
1785733708935,bot24,rtt,21
1785733708936,bot28,rtt,54
1785733708950,bot27,rtt,36
1785733708951,bot29,rtt,37
1785733709144,bot2,rtt,76
1785733709158,bot14,rtt,90
1785733709159,bot16,rtt,91
1785733709164,bot26,rtt,96
1785733709181,bot9,rtt,113
1785733709191,bot17,rtt,123
1785733709197,bot23,rtt,129
1785733709233,bot13,rtt,26
1785733709234,bot5,rtt,27
1785733709246,bot15,rtt,39
1785733709259,bot3,rtt,52
1785733709273,bot0,rtt,66
1785733709274,bot4,rtt,67
1785733709276,bot6,rtt,69
1785733709339,bot19,rtt,12
1785733709340,bot21,rtt,14
1785733709342,bot7,rtt,15
1785733709343,bot11,rtt,16
1785733709345,bot25,rtt,19
1785733709349,bot1,rtt,23
1785733709431,bot8,rtt,105
1785733709432,bot10,rtt,105
1785733709433,bot12,rtt,107
1785733709435,bot18,rtt,109
1785733709443,bot20,rtt,116
1785733709444,bot22,rtt,118
1785733709937,bot24,rtt,23
1785733709938,bot28,rtt,56
1785733709958,bot27,rtt,44
1785733709958,bot29,rtt,45
1785733710125,bot14,rtt,39
1785733710126,bot16,rtt,40
1785733710131,bot2,rtt,45
1785733710135,bot26,rtt,50
1785733710140,bot9,rtt,54
1785733710147,bot17,rtt,61
1785733710150,bot23,rtt,65
1785733710239,bot13,rtt,31
1785733710254,bot0,rtt,46
1785733710256,bot4,rtt,48
1785733710257,bot6,rtt,49
1785733710260,bot5,rtt,52
1785733710264,bot15,rtt,56
1785733710275,bot3,rtt,67
1785733710339,bot19,rtt,11
1785733710340,bot21,rtt,12
1785733710342,bot25,rtt,14
1785733710346,bot1,rtt,18
1785733710359,bot8,rtt,31
1785733710363,bot7,rtt,35
1785733710366,bot11,rtt,38
1785733710373,bot10,rtt,45
1785733710375,bot12,rtt,47
1785733710380,bot18,rtt,52
1785733710381,bot20,rtt,53
1785733710382,bot22,rtt,54
1785733710935,bot27,rtt,21
1785733710936,bot29,rtt,23
1785733710953,bot24,rtt,39
1785733710955,bot28,rtt,72
1785733711125,bot14,rtt,39
1785733711126,bot16,rtt,40
1785733711128,bot26,rtt,42
1785733711132,bot2,rtt,46
1785733711148,bot9,rtt,62
1785733711154,bot17,rtt,68
1785733711157,bot23,rtt,71
1785733711231,bot4,rtt,23
1785733711259,bot0,rtt,51
1785733711262,bot6,rtt,54
1785733711271,bot13,rtt,63
1785733711272,bot15,rtt,64
1785733711280,bot3,rtt,72
1785733711281,bot5,rtt,73
1785733711358,bot7,rtt,29
1785733711360,bot19,rtt,31
1785733711360,bot21,rtt,31
1785733711362,bot25,rtt,33
1785733711365,bot1,rtt,36
1785733711374,bot8,rtt,45
1785733711375,bot10,rtt,46
1785733711377,bot12,rtt,48
1785733711382,bot18,rtt,53
1785733711383,bot20,rtt,54
1785733711385,bot22,rtt,56
1785733711429,bot11,rtt,100
1785733711939,bot24,rtt,25
1785733711941,bot28,rtt,59
1785733711955,bot27,rtt,41
1785733711964,bot29,rtt,50
1785733712136,bot9,rtt,50
1785733712147,bot2,rtt,61
1785733712154,bot14,rtt,68
1785733712155,bot16,rtt,69
1785733712161,bot17,rtt,75
1785733712165,bot23,rtt,79
1785733712172,bot26,rtt,86
1785733712233,bot4,rtt,24
1785733712248,bot6,rtt,39
1785733712251,bot3,rtt,42
1785733712251,bot5,rtt,43
1785733712254,bot13,rtt,46
1785733712254,bot15,rtt,45
1785733712274,bot0,rtt,65
1785733712340,bot8,rtt,10
1785733712350,bot7,rtt,20
1785733712352,bot11,rtt,22
1785733712358,bot19,rtt,28
1785733712360,bot21,rtt,30
1785733712366,bot25,rtt,36
1785733712376,bot22,rtt,46
1785733712391,bot1,rtt,61
1785733712395,bot10,rtt,65
1785733712396,bot12,rtt,66
1785733712399,bot18,rtt,69
1785733712400,bot20,rtt,70
1785733712933,bot24,rtt,17
1785733712934,bot28,rtt,52
1785733713127,bot2,rtt,39
1785733713130,bot26,rtt,43
1785733713131,bot14,rtt,44
1785733713131,bot16,rtt,44
1785733713182,bot29,rtt,266
1785733713231,bot27,rtt,315
1785733713248,bot0,rtt,38
1785733713249,bot4,rtt,40
1785733713249,bot6,rtt,40
1785733713327,bot9,rtt,239
1785733713330,bot17,rtt,243
1785733713332,bot23,rtt,245
1785733713339,bot3,rtt,130
1785733713340,bot5,rtt,131
1785733713342,bot13,rtt,133
1785733713343,bot15,rtt,134
1785733713365,bot19,rtt,27
1785733713366,bot21,rtt,28
1785733713367,bot25,rtt,29
1785733713374,bot7,rtt,36
1785733713422,bot11,rtt,84
1785733713427,bot1,rtt,89
1785733713463,bot18,rtt,125
1785733713465,bot20,rtt,127
1785733713466,bot22,rtt,128
1785733713494,bot8,rtt,156
1785733713495,bot10,rtt,157
1785733713496,bot12,rtt,158
1785733713932,bot27,rtt,16
1785733713932,bot29,rtt,16
1785733714135,bot24,rtt,219
1785733714138,bot9,rtt,51
1785733714139,bot28,rtt,257
1785733714146,bot17,rtt,59
1785733714151,bot23,rtt,64
1785733714234,bot3,rtt,23
1785733714235,bot5,rtt,24
1785733714240,bot13,rtt,29
1785733714241,bot15,rtt,30
1785733714348,bot2,rtt,261
1785733714353,bot14,rtt,266
1785733714355,bot16,rtt,268
1785733714363,bot26,rtt,276
1785733714438,bot7,rtt,91
1785733714441,bot11,rtt,94
1785733714449,bot19,rtt,102
1785733714451,bot21,rtt,104
1785733714454,bot25,rtt,107
1785733714458,bot1,rtt,111
1785733714460,bot0,rtt,249
1785733714462,bot4,rtt,251
1785733714462,bot6,rtt,251
1785733714556,bot8,rtt,209
1785733714557,bot10,rtt,210
1785733714558,bot12,rtt,211
1785733714560,bot18,rtt,213
1785733714561,bot20,rtt,214
1785733714562,bot22,rtt,215
1785733714934,bot27,rtt,18
1785733714938,bot29,rtt,22
1785733714950,bot24,rtt,34
1785733714951,bot28,rtt,69
1785733715121,bot2,rtt,32
1785733715124,bot14,rtt,35
1785733715124,bot16,rtt,35
1785733715126,bot26,rtt,37
1785733715147,bot9,rtt,58
1785733715149,bot17,rtt,60
1785733715151,bot23,rtt,62
1785733715229,bot0,rtt,17
1785733715230,bot4,rtt,18
1785733715231,bot6,rtt,19
1785733715249,bot3,rtt,37
1785733715250,bot5,rtt,38
1785733715253,bot13,rtt,41
1785733715255,bot15,rtt,43
1785733715359,bot7,rtt,10
1785733715364,bot21,rtt,15
1785733715365,bot25,rtt,16
1785733715369,bot1,rtt,20
1785733715377,bot18,rtt,28
1785733715378,bot20,rtt,29
1785733715382,bot11,rtt,33
1785733715385,bot19,rtt,36
1785733715395,bot8,rtt,46
1785733715399,bot12,rtt,50
1785733715421,bot10,rtt,72
1785733715426,bot22,rtt,77
1785733715946,bot24,rtt,30
1785733715947,bot28,rtt,65
1785733715950,bot27,rtt,34
1785733715951,bot29,rtt,35
1785733716129,bot2,rtt,40
1785733716136,bot9,rtt,46
1785733716139,bot17,rtt,50
1785733716142,bot23,rtt,53
1785733716152,bot14,rtt,63
1785733716152,bot16,rtt,63
1785733716158,bot26,rtt,69
1785733716237,bot6,rtt,25
1785733716248,bot13,rtt,36
1785733716249,bot15,rtt,37
1785733716257,bot3,rtt,45
1785733716259,bot5,rtt,47
1785733716267,bot0,rtt,55
1785733716268,bot4,rtt,56
1785733716363,bot7,rtt,13
1785733716368,bot19,rtt,18
1785733716375,bot8,rtt,25
1785733716376,bot12,rtt,26
1785733716384,bot11,rtt,34
1785733716387,bot21,rtt,37
1785733716388,bot25,rtt,38
1785733716390,bot1,rtt,40
1785733716391,bot18,rtt,41
1785733716420,bot10,rtt,70
1785733716423,bot20,rtt,73
1785733716426,bot22,rtt,76
1785733716933,bot24,rtt,17
1785733716934,bot28,rtt,51
1785733716942,bot27,rtt,26
1785733716942,bot29,rtt,26
1785733717121,bot2,rtt,32
1785733717124,bot14,rtt,35
1785733717127,bot16,rtt,38
1785733717129,bot26,rtt,40
1785733717170,bot17,rtt,81
1785733717172,bot23,rtt,83
1785733717186,bot9,rtt,97
1785733717249,bot0,rtt,36
1785733717250,bot4,rtt,37
1785733717250,bot6,rtt,37
1785733717324,bot13,rtt,111
1785733717325,bot5,rtt,112
1785733717326,bot15,rtt,113
1785733717333,bot3,rtt,120
1785733717360,bot7,rtt,9
1785733717363,bot11,rtt,12
1785733717368,bot19,rtt,17
1785733717369,bot21,rtt,18
1785733717372,bot25,rtt,21
1785733717375,bot1,rtt,25
1785733717387,bot8,rtt,36
1785733717387,bot10,rtt,36
1785733717388,bot12,rtt,37
1785733717392,bot18,rtt,41
1785733717393,bot20,rtt,42
1785733717394,bot22,rtt,43
1785733717946,bot27,rtt,30
1785733717947,bot29,rtt,31
1785733717960,bot24,rtt,44
1785733717963,bot28,rtt,81
1785733718148,bot9,rtt,59
1785733718149,bot17,rtt,60
1785733718151,bot23,rtt,62
1785733718160,bot2,rtt,71
1785733718168,bot14,rtt,79
1785733718170,bot16,rtt,81
1785733718179,bot26,rtt,90
1785733718225,bot0,rtt,11
1785733718228,bot4,rtt,14
1785733718229,bot6,rtt,15
1785733718270,bot3,rtt,55
1785733718271,bot5,rtt,59
1785733718276,bot13,rtt,62
1785733718285,bot15,rtt,71
1785733718372,bot19,rtt,20
1785733718373,bot21,rtt,22
1785733718379,bot25,rtt,28
1785733718383,bot1,rtt,32
1785733718388,bot8,rtt,37
1785733718390,bot10,rtt,38
1785733718391,bot12,rtt,39
1785733718395,bot18,rtt,44
1785733718398,bot22,rtt,47
1785733718404,bot11,rtt,52
1785733718406,bot7,rtt,54
1785733718425,bot20,rtt,73
1785733718946,bot24,rtt,29
1785733718948,bot28,rtt,63
1785733718959,bot27,rtt,42
1785733718959,bot29,rtt,42
1785733719138,bot2,rtt,48
1785733719143,bot14,rtt,53
1785733719150,bot16,rtt,60
1785733719155,bot26,rtt,66
1785733719161,bot23,rtt,72
1785733719167,bot9,rtt,77
1785733719171,bot17,rtt,82
1785733719231,bot3,rtt,16
1785733719232,bot5,rtt,18
1785733719237,bot13,rtt,22
1785733719238,bot15,rtt,23
1785733719268,bot0,rtt,53
1785733719271,bot4,rtt,56
1785733719272,bot6,rtt,57
1785733719442,bot7,rtt,77
1785733719444,bot11,rtt,79
1785733719454,bot19,rtt,89
1785733719455,bot21,rtt,91
1785733719459,bot25,rtt,95
1785733719463,bot1,rtt,99
1785733719481,bot8,rtt,117
1785733719482,bot10,rtt,117
1785733719483,bot12,rtt,118
1785733719489,bot18,rtt,124
1785733719491,bot20,rtt,126
1785733719493,bot22,rtt,128
1785733719948,bot27,rtt,31
1785733719948,bot29,rtt,32
1785733719991,bot24,rtt,74
1785733720000,bot28,rtt,114
1785733720125,bot9,rtt,36
1785733720127,bot17,rtt,38
1785733720131,bot23,rtt,42
1785733720176,bot2,rtt,87
1785733720180,bot14,rtt,91
1785733720181,bot16,rtt,92
1785733720184,bot26,rtt,95
1785733720230,bot5,rtt,15
1785733720234,bot13,rtt,19
1785733720235,bot15,rtt,20
1785733720249,bot3,rtt,34
1785733720256,bot4,rtt,41
1785733720271,bot0,rtt,56
1785733720274,bot6,rtt,59
1785733720437,bot25,rtt,72
1785733720444,bot1,rtt,79
1785733720456,bot7,rtt,91
1785733720458,bot11,rtt,93
1785733720462,bot19,rtt,97
1785733720463,bot21,rtt,98
1785733720472,bot8,rtt,107
1785733720473,bot10,rtt,108
1785733720475,bot12,rtt,110
1785733720482,bot18,rtt,117
1785733720484,bot20,rtt,119
1785733720486,bot22,rtt,121
1785733720830,bot6,respawn
1785733720927,bot27,rtt,8
1785733720927,bot29,rtt,11
1785733720949,bot28,rtt,63
1785733720964,bot24,rtt,45
1785733721127,bot23,rtt,36
1785733721130,bot9,rtt,39
1785733721132,bot17,rtt,41
1785733721138,bot2,rtt,47
1785733721142,bot14,rtt,51
1785733721143,bot16,rtt,52
1785733721147,bot26,rtt,56
1785733721232,bot3,rtt,16
1785733721233,bot5,rtt,19
1785733721235,bot13,rtt,20
1785733721236,bot15,rtt,21
1785733721258,bot0,rtt,43
1785733721260,bot4,rtt,44
1785733721277,bot6,rtt,62
1785733721425,bot10,rtt,59
1785733721426,bot12,rtt,60
1785733721427,bot18,rtt,61
1785733721444,bot11,rtt,78
1785733721450,bot19,rtt,84
1785733721451,bot21,rtt,86
1785733721456,bot25,rtt,91
1785733721462,bot1,rtt,97
1785733721479,bot22,rtt,114
1785733721486,bot7,rtt,120
1785733721491,bot8,rtt,126
1785733721499,bot20,rtt,133
1785733721927,bot28,rtt,41
1785733721939,bot24,rtt,20
1785733721948,bot27,rtt,29
1785733721948,bot29,rtt,32
1785733722098,bot9,rtt,7
1785733722100,bot17,rtt,9
1785733722102,bot23,rtt,11
1785733722110,bot2,rtt,19
1785733722115,bot14,rtt,24
1785733722116,bot16,rtt,25
1785733722120,bot26,rtt,29
1785733722223,bot0,rtt,7
1785733722231,bot6,rtt,15
1785733722233,bot3,rtt,17
1785733722234,bot5,rtt,20
1785733722240,bot13,rtt,25
1785733722241,bot15,rtt,25
1785733722264,bot4,rtt,48
1785733722390,bot8,rtt,9
1785733722391,bot10,rtt,10
1785733722391,bot12,rtt,10
1785733722394,bot18,rtt,13
1785733722395,bot20,rtt,14
1785733722396,bot22,rtt,15
1785733722414,bot7,rtt,33
1785733722416,bot11,rtt,35
1785733722423,bot19,rtt,42
1785733722424,bot21,rtt,43
1785733722427,bot25,rtt,46
1785733722431,bot1,rtt,50
1785733722903,bot28,rtt,17
1785733722932,bot27,rtt,13
1785733722932,bot29,rtt,15
1785733722940,bot24,rtt,21
1785733723147,bot14,rtt,55
1785733723148,bot16,rtt,56
1785733723151,bot26,rtt,59
1785733723155,bot9,rtt,63
1785733723159,bot17,rtt,67
1785733723162,bot23,rtt,70
1785733723167,bot2,rtt,75
1785733723223,bot5,rtt,8
1785733723225,bot13,rtt,10
1785733723237,bot6,rtt,22
1785733723242,bot3,rtt,26
1785733723246,bot15,rtt,31
1785733723327,bot0,rtt,111
1785733723328,bot4,rtt,112
1785733723431,bot21,rtt,49
1785733723432,bot25,rtt,50
1785733723436,bot1,rtt,54
1785733723439,bot7,rtt,57
1785733723441,bot11,rtt,59
1785733723444,bot19,rtt,62
1785733723496,bot8,rtt,114
1785733723498,bot10,rtt,116
1785733723500,bot12,rtt,118
1785733723503,bot18,rtt,121
1785733723505,bot20,rtt,123
1785733723505,bot22,rtt,123
1785733723950,bot27,rtt,27
1785733723950,bot29,rtt,32
1785733723994,bot24,rtt,71
1785733723999,bot28,rtt,113
1785733724123,bot9,rtt,30
1785733724125,bot17,rtt,32
1785733724138,bot23,rtt,45
1785733724145,bot2,rtt,52
1785733724150,bot14,rtt,57
1785733724151,bot16,rtt,58
1785733724156,bot26,rtt,63
1785733724228,bot5,rtt,14
1785733724262,bot6,rtt,45
1785733724269,bot3,rtt,52
1785733724270,bot0,rtt,53
1785733724271,bot4,rtt,54
1785733724274,bot13,rtt,58
1785733724274,bot15,rtt,58
1785733724431,bot1,rtt,49
1785733724433,bot7,rtt,51
1785733724435,bot11,rtt,53
1785733724439,bot19,rtt,57
1785733724441,bot21,rtt,59
1785733724443,bot25,rtt,61
1785733724461,bot8,rtt,79
1785733724463,bot10,rtt,81
1785733724465,bot12,rtt,83
1785733724471,bot18,rtt,89
1785733724473,bot20,rtt,91
1785733724477,bot22,rtt,95
1785733724935,bot27,rtt,13
1785733724935,bot29,rtt,17
1785733724947,bot28,rtt,60
1785733724967,bot24,rtt,45
1785733725133,bot9,rtt,39
1785733725137,bot17,rtt,44
1785733725140,bot23,rtt,47
1785733725224,bot5,rtt,8
1785733725237,bot13,rtt,18
1785733725237,bot15,rtt,18
1785733725242,bot3,rtt,23
1785733725300,bot14,rtt,207
1785733725302,bot16,rtt,209
1785733725308,bot26,rtt,215
1785733725314,bot2,rtt,221
1785733725426,bot11,rtt,44
1785733725429,bot19,rtt,47
1785733725431,bot21,rtt,49
1785733725433,bot25,rtt,51
1785733725435,bot7,rtt,53
1785733725436,bot1,rtt,54
1785733725696,bot0,rtt,477
1785733725697,bot4,rtt,478
1785733725724,bot6,rtt,505
1785733725956,bot27,rtt,33
1785733725957,bot29,rtt,39
1785733725975,bot8,rtt,593
1785733725977,bot10,rtt,595
1785733725978,bot12,rtt,596
1785733725980,bot18,rtt,598
1785733725981,bot20,rtt,599
1785733725983,bot22,rtt,601
1785733726127,bot9,rtt,34
1785733726129,bot17,rtt,36
1785733726130,bot23,rtt,37
1785733726236,bot3,rtt,16
1785733726237,bot5,rtt,21
1785733726240,bot13,rtt,22
1785733726241,bot15,rtt,22
1785733726366,bot28,rtt,478
1785733726381,bot24,rtt,458
1785733726426,bot7,rtt,35
1785733726430,bot19,rtt,39
1785733726430,bot21,rtt,40
1785733726433,bot25,rtt,43
1785733726440,bot11,rtt,49
1785733726445,bot1,rtt,55
1785733726552,bot2,rtt,459
1785733726555,bot14,rtt,462
1785733726556,bot16,rtt,463
1785733726558,bot26,rtt,465
1785733726649,bot6,rtt,430
1785733726654,bot0,rtt,435
1785733726656,bot4,rtt,437
1785733726744,bot8,rtt,354
1785733726746,bot20,rtt,355
1785733726747,bot22,rtt,357
1785733726767,bot10,rtt,376
1785733726769,bot12,rtt,378
1785733726775,bot18,rtt,384
1785733726927,bot28,rtt,38
1785733726940,bot27,rtt,17
1785733726940,bot29,rtt,21
1785733726948,bot24,rtt,26
1785733727121,bot2,rtt,28
1785733727123,bot14,rtt,30
1785733727128,bot16,rtt,35
1785733727130,bot26,rtt,37
1785733727139,bot9,rtt,46
1785733727144,bot17,rtt,51
1785733727147,bot23,rtt,54
1785733727267,bot6,rtt,48
1785733727269,bot3,rtt,49
1785733727270,bot5,rtt,54
1785733727274,bot13,rtt,55
1785733727275,bot15,rtt,56
1785733727279,bot0,rtt,60
1785733727281,bot4,rtt,62
1785733727428,bot19,rtt,37
1785733727431,bot7,rtt,40
1785733727437,bot1,rtt,47
1785733727442,bot8,rtt,51
1785733727444,bot10,rtt,53
1785733727445,bot12,rtt,54
1785733727450,bot18,rtt,59
1785733727452,bot20,rtt,61
1785733727453,bot22,rtt,62
1785733727489,bot25,rtt,98
1785733727494,bot11,rtt,103
1785733727498,bot21,rtt,107
1785733727937,bot24,rtt,14
1785733727939,bot28,rtt,49
1785733727952,bot27,rtt,29
1785733727953,bot29,rtt,34
1785733728121,bot2,rtt,28
1785733728123,bot14,rtt,30
1785733728123,bot16,rtt,30
1785733728126,bot26,rtt,33
1785733728143,bot9,rtt,50
1785733728156,bot17,rtt,63
1785733728158,bot23,rtt,65
1785733728240,bot5,rtt,23
1785733728244,bot0,rtt,24
1785733728245,bot4,rtt,25
1785733728258,bot6,rtt,38
1785733728259,bot13,rtt,39
1785733728263,bot15,rtt,43
1785733728284,bot3,rtt,63
1785733728427,bot21,rtt,34
1785733728431,bot11,rtt,38
1785733728435,bot19,rtt,42
1785733728441,bot1,rtt,48
1785733728450,bot7,rtt,57
1785733728456,bot25,rtt,63
1785733728463,bot8,rtt,70
1785733728464,bot10,rtt,71
1785733728466,bot12,rtt,73
1785733728473,bot18,rtt,80
1785733728475,bot20,rtt,82
1785733728477,bot22,rtt,84
1785733728942,bot29,rtt,22
1785733728948,bot24,rtt,17
1785733728950,bot28,rtt,60
1785733728958,bot27,rtt,27
1785733729138,bot2,rtt,45
1785733729148,bot14,rtt,55
1785733729149,bot16,rtt,56
1785733729153,bot26,rtt,60
1785733729156,bot9,rtt,62
1785733729160,bot17,rtt,67
1785733729168,bot23,rtt,75
1785733729237,bot0,rtt,16
1785733729241,bot4,rtt,20
1785733729260,bot6,rtt,39
1785733729278,bot3,rtt,57
1785733729279,bot5,rtt,61
1785733729285,bot13,rtt,66
1785733729287,bot15,rtt,67
1785733729424,bot7,rtt,30
1785733729427,bot19,rtt,33
1785733729431,bot1,rtt,39
1785733729437,bot11,rtt,43
1785733729443,bot21,rtt,49
1785733729445,bot25,rtt,51
1785733729454,bot8,rtt,61
1785733729455,bot10,rtt,61
1785733729457,bot12,rtt,63
1785733729470,bot18,rtt,76
1785733729472,bot20,rtt,78
1785733729476,bot22,rtt,82
1785733729932,bot28,rtt,41
1785733729943,bot29,rtt,22
1785733729967,bot24,rtt,22
1785733729973,bot27,rtt,28
1785733730128,bot9,rtt,35
1785733730129,bot17,rtt,36
1785733730132,bot23,rtt,39
1785733730143,bot2,rtt,50
1785733730147,bot14,rtt,54
1785733730148,bot16,rtt,55
1785733730152,bot26,rtt,59
1785733730226,bot5,rtt,8
1785733730239,bot0,rtt,19
1785733730241,bot4,rtt,21
1785733730254,bot6,rtt,34
1785733730262,bot13,rtt,43
1785733730263,bot15,rtt,43
1785733730266,bot3,rtt,43
1785733730422,bot10,rtt,27
1785733730423,bot12,rtt,28
1785733730426,bot18,rtt,31
1785733730427,bot20,rtt,32
1785733730427,bot22,rtt,32
1785733730442,bot8,rtt,49
1785733730449,bot7,rtt,54
1785733730452,bot11,rtt,57
1785733730457,bot19,rtt,62
1785733730458,bot21,rtt,64
1785733730461,bot25,rtt,67
1785733730465,bot1,rtt,73
1785733730939,bot29,rtt,18
1785733730953,bot28,rtt,62
1785733730974,bot27,rtt,20
1785733730984,bot24,rtt,30
1785733731138,bot2,rtt,41
1785733731143,bot14,rtt,46
1785733731144,bot16,rtt,47
1785733731151,bot26,rtt,55
1785733731172,bot9,rtt,75
1785733731177,bot17,rtt,81
1785733731181,bot23,rtt,85
1785733731240,bot13,rtt,20
1785733731245,bot5,rtt,27
1785733731247,bot15,rtt,26
1785733731260,bot3,rtt,38
1785733731267,bot0,rtt,46
1785733731270,bot4,rtt,49
1785733731296,bot6,rtt,75
1785733731425,bot11,rtt,30
1785733731439,bot22,rtt,44
1785733731446,bot21,rtt,53
1785733731452,bot8,rtt,59
1785733731453,bot10,rtt,58
1785733731454,bot12,rtt,59
1785733731458,bot18,rtt,63
1785733731458,bot20,rtt,62
1785733731460,bot25,rtt,67
1785733731467,bot1,rtt,74
1785733731470,bot7,rtt,75
1785733731476,bot19,rtt,80
1785733731936,bot29,rtt,15
1785733731949,bot28,rtt,57
1785733732042,bot24,rtt,85
1785733732052,bot27,rtt,95
1785733732149,bot23,rtt,52
1785733732160,bot9,rtt,63
1785733732162,bot17,rtt,65
1785733732165,bot2,rtt,68
1785733732171,bot14,rtt,74
1785733732173,bot16,rtt,76
1785733732178,bot26,rtt,81
1785733732245,bot4,rtt,23
1785733732255,bot3,rtt,32
1785733732256,bot5,rtt,38
1785733732261,bot13,rtt,41
1785733732262,bot15,rtt,40
1785733732276,bot6,rtt,54
1785733732283,bot0,rtt,61
1785733732434,bot11,rtt,37
1785733732442,bot7,rtt,45
1785733732449,bot19,rtt,52
1785733732450,bot21,rtt,55
1785733732453,bot25,rtt,58
1785733732457,bot1,rtt,65
1785733732464,bot8,rtt,70
1785733732465,bot10,rtt,68
1785733732466,bot12,rtt,69
1785733732470,bot18,rtt,74
1785733732472,bot20,rtt,74
1785733732473,bot22,rtt,77
1785733732928,bot28,rtt,35
1785733732936,bot29,rtt,12
1785733732977,bot24,rtt,20
1785733733027,bot27,rtt,70
1785733733129,bot9,rtt,32
1785733733132,bot17,rtt,35
1785733733136,bot23,rtt,39
1785733733147,bot2,rtt,50
1785733733155,bot14,rtt,58
1785733733156,bot16,rtt,59
1785733733162,bot26,rtt,65
1785733733238,bot15,rtt,13
1785733733262,bot6,rtt,37
1785733733268,bot0,rtt,43
1785733733269,bot4,rtt,44
1785733733270,bot3,rtt,45
1785733733271,bot5,rtt,50
1785733733274,bot13,rtt,53
1785733733433,bot21,rtt,39
1785733733438,bot1,rtt,45
1785733733443,bot7,rtt,47
1785733733446,bot11,rtt,50
1785733733447,bot18,rtt,51
1785733733448,bot20,rtt,52
1785733733450,bot22,rtt,54
1785733733473,bot8,rtt,79
1785733733474,bot10,rtt,78
1785733733475,bot12,rtt,79
1785733733481,bot19,rtt,85
1785733733486,bot25,rtt,92
1785733733940,bot29,rtt,14
1785733733947,bot28,rtt,55
1785733734033,bot27,rtt,76
1785733734044,bot24,rtt,87
1785733734137,bot17,rtt,40
1785733734140,bot23,rtt,43
1785733734147,bot9,rtt,50
1785733734154,bot26,rtt,58
1785733734157,bot2,rtt,60
1785733734162,bot14,rtt,65
1785733734163,bot16,rtt,66
1785733734234,bot13,rtt,11
1785733734236,bot15,rtt,10
1785733734239,bot4,rtt,13
1785733734259,bot5,rtt,36
1785733734264,bot0,rtt,38
1785733734268,bot3,rtt,42
1785733734277,bot6,rtt,51
1785733734435,bot11,rtt,38
1785733734437,bot18,rtt,40
1785733734440,bot20,rtt,43
1785733734444,bot22,rtt,47
1785733734445,bot19,rtt,48
1785733734448,bot21,rtt,53
1785733734466,bot8,rtt,72
1785733734466,bot10,rtt,69
1785733734470,bot12,rtt,73
1785733734471,bot7,rtt,74
1785733734483,bot25,rtt,88
1785733734488,bot1,rtt,95
1785733734930,bot28,rtt,38
1785733734943,bot29,rtt,11
1785733734967,bot27,rtt,9
1785733734975,bot24,rtt,17
1785733735126,bot2,rtt,29
1785733735134,bot14,rtt,37
1785733735135,bot16,rtt,38
1785733735138,bot26,rtt,41
1785733735144,bot9,rtt,47
1785733735147,bot17,rtt,50
1785733735154,bot23,rtt,57
1785733735234,bot5,rtt,12
1785733735238,bot13,rtt,15
1785733735240,bot15,rtt,14
1785733735251,bot0,rtt,25
1785733735253,bot4,rtt,27
1785733735273,bot6,rtt,47
1785733735274,bot3,rtt,48
1785733735426,bot7,rtt,28
1785733735432,bot19,rtt,34
1785733735434,bot21,rtt,39
1785733735437,bot25,rtt,42
1785733735443,bot1,rtt,50
1785733735458,bot11,rtt,60
1785733735470,bot8,rtt,76
1785733735471,bot10,rtt,73
1785733735473,bot12,rtt,75
1785733735477,bot18,rtt,79
1785733735479,bot20,rtt,81
1785733735480,bot22,rtt,82
1785733735926,bot28,rtt,33
1785733735945,bot29,rtt,13
1785733736027,bot27,rtt,68
1785733736034,bot24,rtt,75
1785733736127,bot23,rtt,30
1785733736132,bot9,rtt,35
1785733736134,bot17,rtt,37
1785733736138,bot2,rtt,41
1785733736141,bot14,rtt,44
1785733736142,bot16,rtt,45
1785733736147,bot26,rtt,50
1785733736234,bot13,rtt,9
1785733736237,bot5,rtt,12
1785733736240,bot15,rtt,11
1785733736251,bot0,rtt,22
1785733736253,bot4,rtt,24
1785733736267,bot6,rtt,38
1785733736273,bot3,rtt,43
1785733736442,bot19,rtt,41
1785733736443,bot21,rtt,48
1785733736447,bot25,rtt,52
1785733736451,bot1,rtt,58
1785733736459,bot7,rtt,58
1785733736461,bot11,rtt,60
1785733736468,bot8,rtt,73
1785733736469,bot10,rtt,68
1785733736471,bot12,rtt,70
1785733736476,bot18,rtt,75
1785733736478,bot20,rtt,77
1785733736480,bot22,rtt,79
1785733736936,bot28,rtt,43
1785733736946,bot29,rtt,13
1785733736967,bot24,rtt,8
1785733736974,bot27,rtt,15
1785733737130,bot14,rtt,33
1785733737131,bot16,rtt,34
1785733737136,bot9,rtt,39
1785733737142,bot26,rtt,45
1785733737145,bot17,rtt,48
1785733737150,bot23,rtt,53
1785733737164,bot2,rtt,67
1785733737247,bot13,rtt,21
1785733737249,bot15,rtt,19
1785733737260,bot0,rtt,30
1785733737264,bot4,rtt,34
1785733737280,bot6,rtt,50
1785733737282,bot3,rtt,52
1785733737282,bot5,rtt,56
1785733737429,bot20,rtt,27
1785733737445,bot8,rtt,49
1785733737447,bot10,rtt,45
1785733737448,bot12,rtt,46
1785733737452,bot18,rtt,50
1785733737454,bot22,rtt,54
1785733737459,bot7,rtt,57
1785733737462,bot11,rtt,60
1785733737469,bot19,rtt,67
1785733737470,bot21,rtt,74
1785733737474,bot25,rtt,78
1785733737481,bot1,rtt,87
1785733737940,bot28,rtt,47
1785733737958,bot29,rtt,14
1785733738045,bot24,rtt,85
1785733738054,bot27,rtt,94
1785733738124,bot16,rtt,27
1785733738128,bot14,rtt,31
1785733738129,bot2,rtt,32
1785733738134,bot26,rtt,38
1785733738137,bot9,rtt,40
1785733738141,bot17,rtt,44
1785733738144,bot23,rtt,47
1785733738158,bot14,respawn
1785733738264,bot3,rtt,26
1785733738268,bot5,rtt,31
1785733738269,bot13,rtt,32
1785733738269,bot15,rtt,32
1785733738324,bot6,rtt,87
1785733738328,bot4,rtt,90
1785733738340,bot0,rtt,103
1785733738434,bot11,rtt,29
1785733738442,bot7,rtt,37
1785733738451,bot19,rtt,46
1785733738453,bot21,rtt,50
1785733738466,bot25,rtt,63
1785733738473,bot1,rtt,70
1785733738492,bot8,rtt,89
1785733738493,bot10,rtt,88
1785733738494,bot12,rtt,89
1785733738496,bot18,rtt,91
1785733738498,bot20,rtt,93
1785733738499,bot22,rtt,94
1785733738960,bot28,rtt,66
1785733738977,bot29,rtt,24
1785733739046,bot27,rtt,62
1785733739054,bot24,rtt,70
1785733739128,bot9,rtt,31
1785733739131,bot17,rtt,34
1785733739134,bot23,rtt,37
1785733739152,bot2,rtt,55
1785733739157,bot16,rtt,60
1785733739164,bot26,rtt,67
1785733739171,bot14,rtt,74
1785733739372,bot3,rtt,134
1785733739379,bot15,rtt,141
1785733739440,bot5,rtt,203
1785733739442,bot13,rtt,204
1785733739625,bot1,rtt,222
1785733739627,bot7,rtt,221
1785733739629,bot11,rtt,223
1785733739631,bot19,rtt,225
1785733739632,bot21,rtt,229
1785733739633,bot25,rtt,230
1785733739751,bot6,rtt,513
1785733739756,bot0,rtt,518
1785733739758,bot4,rtt,520
1785733739759,bot8,rtt,356
1785733739761,bot12,rtt,355
1785733739762,bot18,rtt,357
1785733739763,bot20,rtt,357
1785733739770,bot22,rtt,365
1785733739845,bot10,rtt,439
1785733740025,bot29,rtt,72
1785733740041,bot27,rtt,57
1785733740123,bot9,rtt,22
1785733740124,bot17,rtt,23
1785733740127,bot23,rtt,26
1785733740256,bot5,rtt,9
1785733740324,bot13,rtt,77
1785733740325,bot15,rtt,78
1785733740334,bot3,rtt,86
1785733740424,bot7,rtt,17
1785733740431,bot19,rtt,24
1785733740432,bot21,rtt,29
1785733740436,bot25,rtt,33
1785733740441,bot1,rtt,38
1785733740453,bot11,rtt,46
1785733740548,bot28,rtt,653
1785733740628,bot24,rtt,644
1785733740733,bot2,rtt,632
1785733740738,bot16,rtt,637
1785733740740,bot26,rtt,640
1785733740750,bot14,rtt,649
1785733740922,bot0,rtt,674
1785733740925,bot4,rtt,677
1785733740939,bot6,rtt,692
1785733741025,bot20,rtt,618
1785733741027,bot22,rtt,622
1785733741044,bot8,rtt,641
1785733741046,bot10,rtt,639
1785733741046,bot12,rtt,639
1785733741059,bot18,rtt,652
1785733741070,bot27,rtt,85
1785733741071,bot29,rtt,114
1785733741136,bot9,rtt,35
1785733741140,bot17,rtt,39
1785733741142,bot23,rtt,41
1785733741258,bot5,rtt,10
1785733741322,bot3,rtt,74
1785733741325,bot13,rtt,77
1785733741325,bot15,rtt,77
1785733741429,bot7,rtt,21
1785733741431,bot11,rtt,23
1785733741436,bot19,rtt,28
1785733741437,bot21,rtt,34
1785733741441,bot25,rtt,38
1785733741446,bot1,rtt,43
1785733741637,bot28,rtt,742
1785733741748,bot24,rtt,764
1785733741867,bot14,rtt,766
1785733741868,bot2,rtt,767
1785733741872,bot16,rtt,771
1785733741875,bot26,rtt,774
1785733742027,bot27,rtt,41
1785733742028,bot29,rtt,66
1785733742044,bot4,rtt,796
1785733742060,bot6,rtt,812
1785733742070,bot0,rtt,822
1785733742139,bot9,rtt,37
1785733742142,bot17,rtt,40
1785733742145,bot23,rtt,43
1785733742232,bot8,rtt,829
1785733742232,bot10,rtt,824
1785733742233,bot12,rtt,825
1785733742242,bot18,rtt,835
1785733742244,bot20,rtt,836
1785733742246,bot22,rtt,840
1785733742329,bot13,rtt,47
1785733742330,bot15,rtt,48
1785733742347,bot3,rtt,65
1785733742348,bot5,rtt,66
1785733742430,bot21,rtt,26
1785733742433,bot25,rtt,29
1785733742438,bot1,rtt,35
1785733742442,bot7,rtt,35
1785733742443,bot11,rtt,36
1785733742447,bot19,rtt,40
1785733742823,bot28,rtt,928
1785733742969,bot24,rtt,983
1785733743035,bot27,rtt,48
1785733743035,bot29,rtt,69
1785733743082,bot2,rtt,980
1785733743086,bot16,rtt,984
1785733743091,bot26,rtt,989
1785733743094,bot14,rtt,992
1785733743124,bot9,rtt,22
1785733743126,bot17,rtt,24
1785733743127,bot23,rtt,25
1785733743326,bot13,rtt,44
1785733743327,bot15,rtt,45
1785733743334,bot5,rtt,52
1785733743343,bot3,rtt,61
1785733743344,bot0,rtt,1062
1785733743346,bot4,rtt,1064
1785733743356,bot6,rtt,1074
1785733743424,bot11,rtt,17
1785733743428,bot19,rtt,21
1785733743433,bot7,rtt,26
1785733743436,bot21,rtt,32
1785733743440,bot25,rtt,36
1785733743448,bot1,rtt,44
1785733743464,bot8,rtt,1060
1785733743466,bot10,rtt,1059
1785733743467,bot12,rtt,1060
1785733743470,bot18,rtt,1063
1785733743473,bot20,rtt,1065
1785733743474,bot22,rtt,1069
1785733743943,bot28,rtt,1047
1785733744033,bot27,rtt,46
1785733744037,bot29,rtt,63
1785733744039,bot24,rtt,1052
1785733744128,bot23,rtt,25
1785733744137,bot9,rtt,34
1785733744138,bot17,rtt,35
1785733744142,bot16,rtt,1040
1785733744146,bot26,rtt,1044
1785733744154,bot14,rtt,1052
1785733744166,bot2,rtt,1064
1785733744258,bot0,rtt,976
1785733744267,bot6,rtt,985
1785733744327,bot3,rtt,43
1785733744327,bot5,rtt,45
1785733744330,bot13,rtt,48
1785733744331,bot15,rtt,48
1785733744342,bot4,rtt,1060
1785733744373,bot18,rtt,966
1785733744422,bot7,rtt,14
1785733744425,bot19,rtt,17
1785733744427,bot21,rtt,22
1785733744428,bot25,rtt,23
1785733744432,bot1,rtt,29
1785733744437,bot11,rtt,29
1785733744442,bot8,rtt,1038
1785733744442,bot10,rtt,1035
1785733744443,bot12,rtt,1036
1785733744445,bot20,rtt,1038
1785733744446,bot22,rtt,1041
1785733744829,bot28,rtt,934
1785733744867,bot24,rtt,880
1785733744948,bot2,rtt,845
1785733744953,bot16,rtt,850
1785733744957,bot26,rtt,855
1785733744959,bot14,rtt,856
1785733745034,bot27,rtt,45
1785733745035,bot29,rtt,47
1785733745128,bot6,rtt,845
1785733745129,bot0,rtt,846
1785733745129,bot4,rtt,846
1785733745138,bot9,rtt,34
1785733745142,bot17,rtt,39
1785733745145,bot23,rtt,42
1785733745177,bot8,rtt,772
1785733745179,bot10,rtt,771
1785733745182,bot12,rtt,774
1785733745185,bot18,rtt,777
1785733745189,bot20,rtt,781
1785733745191,bot22,rtt,785
1785733745322,bot5,rtt,40
1785733745328,bot13,rtt,45
1785733745329,bot15,rtt,46
1785733745337,bot3,rtt,54
1785733745423,bot11,rtt,12
1785733745428,bot19,rtt,17
1785733745429,bot21,rtt,25
1785733745431,bot25,rtt,27
1785733745435,bot1,rtt,32
1785733745447,bot7,rtt,36
1785733745659,bot28,rtt,764
1785733745764,bot24,rtt,775
1785733745843,bot2,rtt,740
1785733745847,bot16,rtt,744
1785733745851,bot26,rtt,748
1785733745857,bot14,rtt,754
1785733745940,bot0,rtt,657
1785733745942,bot4,rtt,659
1785733745956,bot6,rtt,673
1785733745974,bot8,rtt,570
1785733745976,bot10,rtt,565
1785733745977,bot12,rtt,566
1785733745981,bot18,rtt,570
1785733745983,bot20,rtt,572
1785733745984,bot22,rtt,576
1785733746032,bot27,rtt,35
1785733746033,bot29,rtt,36
1785733746131,bot9,rtt,26
1785733746134,bot17,rtt,30
1785733746137,bot23,rtt,33
1785733746150,bot28,rtt,255
1785733746170,bot24,rtt,173
1785733746185,bot2,rtt,81
1785733746190,bot16,rtt,86
1785733746198,bot26,rtt,94
1785733746202,bot14,rtt,98
1785733746324,bot5,rtt,41
1785733746342,bot3,rtt,59
1785733746345,bot13,rtt,62
1785733746348,bot15,rtt,65
1785733746349,bot0,rtt,66
1785733746351,bot4,rtt,68
1785733746368,bot6,rtt,85
1785733746456,bot18,rtt,45
1785733746457,bot20,rtt,46
1785733746459,bot22,rtt,51
1785733746470,bot8,rtt,65
1785733746472,bot10,rtt,61
1785733746473,bot12,rtt,62
1785733746475,bot19,rtt,64
1785733746477,bot21,rtt,72
1785733746480,bot25,rtt,75
1785733746484,bot1,rtt,81
1785733746488,bot7,rtt,77
1785733746490,bot11,rtt,79
1785733746938,bot28,rtt,43
1785733747033,bot27,rtt,35
1785733747033,bot29,rtt,35
1785733747045,bot24,rtt,47
1785733747132,bot9,rtt,26
1785733747135,bot17,rtt,29
1785733747137,bot23,rtt,31
1785733747149,bot2,rtt,43
1785733747156,bot16,rtt,50
1785733747161,bot26,rtt,55
1785733747164,bot14,rtt,58
1785733747322,bot5,rtt,39
1785733747325,bot13,rtt,42
1785733747325,bot15,rtt,42
1785733747348,bot3,rtt,64
1785733747368,bot6,rtt,84
1785733747370,bot0,rtt,86
1785733747372,bot4,rtt,88
1785733747422,bot8,rtt,16
1785733747424,bot18,rtt,13
1785733747424,bot20,rtt,13
1785733747443,bot7,rtt,32
1785733747446,bot11,rtt,35
1785733747452,bot19,rtt,41
1785733747454,bot21,rtt,48
1785733747457,bot25,rtt,51
1785733747463,bot1,rtt,60
1785733747479,bot22,rtt,70
1785733747487,bot10,rtt,76
1785733747488,bot12,rtt,77
1785733747930,bot28,rtt,35
1785733748049,bot24,rtt,51
1785733748059,bot27,rtt,60
1785733748060,bot29,rtt,62
1785733748123,bot9,rtt,17
1785733748124,bot17,rtt,18
1785733748125,bot23,rtt,19
1785733748157,bot2,rtt,51
1785733748161,bot16,rtt,55
1785733748165,bot26,rtt,59
1785733748167,bot14,rtt,61
1785733748337,bot15,rtt,53
1785733748344,bot13,rtt,60
1785733748350,bot3,rtt,66
1785733748351,bot5,rtt,67
1785733748355,bot0,rtt,71
1785733748357,bot4,rtt,73
1785733748374,bot6,rtt,90
1785733748429,bot7,rtt,17
1785733748430,bot11,rtt,19
1785733748434,bot19,rtt,22
1785733748434,bot21,rtt,28
1785733748436,bot25,rtt,30
1785733748438,bot1,rtt,35
1785733748445,bot8,rtt,39
1785733748466,bot12,rtt,55
1785733748468,bot18,rtt,57
1785733748469,bot20,rtt,57
1785733748471,bot22,rtt,62
1785733748482,bot10,rtt,71
1785733748933,bot28,rtt,38
1785733749036,bot27,rtt,37
1785733749037,bot29,rtt,38
1785733749049,bot24,rtt,50
1785733749133,bot23,rtt,27
1785733749140,bot9,rtt,34
1785733749143,bot17,rtt,37
1785733749146,bot14,rtt,40
1785733749148,bot2,rtt,42
1785733749152,bot16,rtt,46
1785733749156,bot26,rtt,50
1785733749334,bot15,rtt,50
1785733749342,bot0,rtt,58
1785733749344,bot3,rtt,60
1785733749345,bot5,rtt,61
1785733749349,bot13,rtt,65
1785733749353,bot4,rtt,69
1785733749365,bot6,rtt,81
1785733749426,bot8,rtt,20
1785733749428,bot18,rtt,17
1785733749429,bot20,rtt,17
1785733749447,bot10,rtt,35
1785733749448,bot12,rtt,36
1785733749451,bot22,rtt,42
1785733749458,bot7,rtt,46
1785733749461,bot11,rtt,49
1785733749468,bot19,rtt,56
1785733749469,bot21,rtt,63
1785733749473,bot25,rtt,67
1785733749477,bot1,rtt,74
1785733749938,bot28,rtt,42
1785733750035,bot24,rtt,35
1785733750043,bot27,rtt,43
1785733750044,bot29,rtt,45
1785733750134,bot9,rtt,27
1785733750138,bot17,rtt,31
1785733750141,bot23,rtt,34
1785733750149,bot2,rtt,42
1785733750155,bot16,rtt,48
1785733750160,bot26,rtt,53
1785733750163,bot14,rtt,56
1785733750325,bot5,rtt,41
1785733750327,bot3,rtt,42
1785733750330,bot13,rtt,45
1785733750340,bot0,rtt,55
1785733750343,bot4,rtt,58
1785733750357,bot6,rtt,72
1785733750367,bot15,rtt,82
1785733750434,bot8,rtt,27
1785733750437,bot10,rtt,25
1785733750439,bot12,rtt,27
1785733750444,bot18,rtt,32
1785733750446,bot20,rtt,34
1785733750447,bot22,rtt,37
1785733750468,bot7,rtt,56
1785733750472,bot11,rtt,60
1785733750479,bot19,rtt,67
1785733750481,bot21,rtt,74
1785733750485,bot25,rtt,78
1785733750491,bot1,rtt,88
1785733750934,bot28,rtt,38
1785733751035,bot27,rtt,35
1785733751036,bot29,rtt,36
1785733751038,bot24,rtt,38
1785733751123,bot2,rtt,15
1785733751139,bot16,rtt,31
1785733751141,bot26,rtt,35
1785733751144,bot14,rtt,36
1785733751149,bot9,rtt,41
1785733751154,bot17,rtt,46
1785733751157,bot23,rtt,51
1785733751325,bot13,rtt,41
1785733751332,bot15,rtt,48
1785733751338,bot3,rtt,52
1785733751339,bot5,rtt,55
1785733751340,bot0,rtt,54
1785733751342,bot4,rtt,56
1785733751358,bot6,rtt,72
1785733751424,bot8,rtt,16
1785733751433,bot7,rtt,21
1785733751436,bot11,rtt,24
1785733751441,bot19,rtt,29
1785733751443,bot21,rtt,35
1785733751446,bot25,rtt,38
1785733751452,bot1,rtt,49
1785733751453,bot12,rtt,41
1785733751457,bot18,rtt,45
1785733751459,bot20,rtt,47
1785733751461,bot22,rtt,51
1785733751480,bot10,rtt,68
1785733751923,bot28,rtt,28
1785733752025,bot27,rtt,24
1785733752035,bot24,rtt,34
1785733752045,bot29,rtt,44
1785733752127,bot9,rtt,18
1785733752130,bot17,rtt,21
1785733752136,bot23,rtt,28
1785733752141,bot2,rtt,32
1785733752147,bot16,rtt,38
1785733752155,bot26,rtt,48
1785733752159,bot14,rtt,50
1785733752328,bot6,rtt,39
1785733752330,bot3,rtt,41
1785733752330,bot5,rtt,46
1785733752334,bot13,rtt,50
1785733752334,bot15,rtt,50
1785733752347,bot0,rtt,58
1785733752349,bot4,rtt,60
1785733752430,bot10,rtt,18
1785733752433,bot20,rtt,21
1785733752434,bot22,rtt,24
1785733752447,bot7,rtt,35
1785733752449,bot11,rtt,37
1785733752456,bot19,rtt,44
1785733752459,bot21,rtt,51
1785733752464,bot25,rtt,55
1785733752471,bot1,rtt,67
1785733752496,bot8,rtt,89
1785733752497,bot12,rtt,85
1785733752500,bot18,rtt,88
1785733752937,bot28,rtt,41
1785733753032,bot24,rtt,30
1785733753051,bot27,rtt,47
1785733753052,bot29,rtt,51
1785733753125,bot9,rtt,14
1785733753141,bot17,rtt,30
1785733753147,bot2,rtt,36
1785733753151,bot16,rtt,40
1785733753155,bot26,rtt,45
1785733753158,bot14,rtt,47
1785733753169,bot23,rtt,59
1785733753327,bot5,rtt,41
1785733753330,bot3,rtt,40
1785733753344,bot0,rtt,54
1785733753345,bot4,rtt,55
1785733753350,bot13,rtt,64
1785733753351,bot15,rtt,65
1785733753358,bot6,rtt,68
1785733753425,bot18,rtt,11
1785733753433,bot19,rtt,19
1785733753435,bot21,rtt,27
1785733753437,bot25,rtt,29
1785733753441,bot1,rtt,37
1785733753442,bot8,rtt,34
1785733753444,bot10,rtt,30
1785733753445,bot12,rtt,31
1785733753448,bot20,rtt,34
1785733753449,bot22,rtt,38
1785733753467,bot7,rtt,53
1785733753472,bot11,rtt,58
1785733753915,bot28,rtt,19
1785733754018,bot24,rtt,11
1785733754032,bot27,rtt,25
1785733754033,bot29,rtt,26
1785733754119,bot26,rtt,9
1785733754121,bot14,rtt,9
1785733754124,bot2,rtt,12
1785733754126,bot16,rtt,14
1785733754130,bot9,rtt,18
1785733754132,bot17,rtt,20
1785733754134,bot23,rtt,24
1785733754303,bot5,rtt,17
1785733754307,bot0,rtt,15
1785733754309,bot4,rtt,17
1785733754319,bot6,rtt,29
1785733754321,bot13,rtt,35
1785733754322,bot15,rtt,36
1785733754334,bot3,rtt,42
1785733754420,bot21,rtt,9
1785733754423,bot7,rtt,9
1785733754425,bot11,rtt,11
1785733754428,bot19,rtt,14
1785733754429,bot25,rtt,18
1785733754433,bot1,rtt,22
1785733754438,bot8,rtt,27
1785733754440,bot10,rtt,26
1785733754441,bot12,rtt,27
1785733754443,bot18,rtt,29
1785733754444,bot20,rtt,30
1785733754445,bot22,rtt,34
1785733754908,bot28,rtt,12
1785733755019,bot24,rtt,10
1785733755025,bot27,rtt,16
1785733755025,bot29,rtt,16
1785733755119,bot26,rtt,9
1785733755121,bot14,rtt,9
1785733755125,bot9,rtt,12
1785733755127,bot17,rtt,15
1785733755129,bot23,rtt,19
1785733755138,bot2,rtt,25
1785733755142,bot16,rtt,30
1785733755329,bot6,rtt,38
1785733755330,bot0,rtt,38
1785733755330,bot4,rtt,38
1785733755352,bot13,rtt,66
1785733755358,bot15,rtt,72
1785733755379,bot3,rtt,87
1785733755380,bot5,rtt,94
1785733755433,bot8,rtt,22
1785733755434,bot10,rtt,20
1785733755435,bot12,rtt,21
1785733755437,bot18,rtt,23
1785733755438,bot20,rtt,24
1785733755438,bot22,rtt,27
1785733755548,bot7,rtt,134
1785733755549,bot11,rtt,135
1785733755552,bot19,rtt,138
1785733755553,bot21,rtt,142
1785733755555,bot25,rtt,144
1785733755562,bot1,rtt,152
1785733755933,bot28,rtt,36
1785733756025,bot24,rtt,16
1785733756032,bot27,rtt,23
1785733756033,bot29,rtt,24
1785733756122,bot9,rtt,9
1785733756124,bot23,rtt,14
1785733756132,bot17,rtt,19
1785733756135,bot2,rtt,22
1785733756139,bot16,rtt,26
1785733756145,bot26,rtt,35
1785733756149,bot14,rtt,36
1785733756308,bot6,rtt,17
1785733756313,bot4,rtt,21
1785733756317,bot0,rtt,25
1785733756318,bot3,rtt,26
1785733756319,bot5,rtt,32
1785733756323,bot13,rtt,36
1785733756324,bot15,rtt,37
1785733756422,bot8,rtt,7
1785733756423,bot10,rtt,7
1785733756423,bot12,rtt,7
1785733756425,bot18,rtt,9
1785733756426,bot20,rtt,10
1785733756427,bot22,rtt,12
1785733756447,bot7,rtt,31
1785733756449,bot11,rtt,33
1785733756454,bot19,rtt,38
1785733756455,bot21,rtt,40
1785733756458,bot25,rtt,43
1785733756462,bot1,rtt,47
1785733756906,bot28,rtt,10
1785733757018,bot24,rtt,9
1785733757026,bot27,rtt,17
1785733757026,bot29,rtt,17
1785733757119,bot23,rtt,8
1785733757122,bot26,rtt,11
1785733757126,bot2,rtt,8
1785733757129,bot17,rtt,11
1785733757135,bot16,rtt,17
1785733757139,bot14,rtt,21
1785733757141,bot9,rtt,23
1785733757297,bot5,rtt,10
1785733757300,bot13,rtt,13
1785733757300,bot15,rtt,13
1785733757311,bot3,rtt,18
1785733757323,bot0,rtt,30
1785733757325,bot4,rtt,32
1785733757336,bot6,rtt,45
1785733757424,bot21,rtt,7
1785733757426,bot25,rtt,9
1785733757427,bot1,rtt,11
1785733757431,bot8,rtt,14
1785733757433,bot10,rtt,16
1785733757434,bot12,rtt,17
1785733757436,bot18,rtt,19
1785733757437,bot20,rtt,20
1785733757438,bot22,rtt,21
1785733757446,bot11,rtt,29
1785733757451,bot19,rtt,34
1785733757456,bot7,rtt,39
1785733757920,bot28,rtt,23
1785733758023,bot24,rtt,10
1785733758025,bot27,rtt,12
1785733758025,bot29,rtt,12
1785733758122,bot26,rtt,12
1785733758128,bot14,rtt,9
1785733758131,bot9,rtt,12
1785733758133,bot17,rtt,14
1785733758135,bot23,rtt,16
1785733758137,bot2,rtt,18
1785733758141,bot16,rtt,22
1785733758299,bot5,rtt,11
1785733758301,bot13,rtt,13
1785733758301,bot15,rtt,13
1785733758312,bot3,rtt,19
1785733758332,bot6,rtt,41
1785733758339,bot0,rtt,46
1785733758340,bot4,rtt,47
1785733758423,bot8,rtt,7
1785733758424,bot18,rtt,8
1785733758425,bot22,rtt,9
1785733758432,bot7,rtt,14
1785733758434,bot11,rtt,18
1785733758439,bot19,rtt,21
1785733758439,bot21,rtt,23
1785733758441,bot25,rtt,25
1785733758444,bot1,rtt,28
1785733758455,bot10,rtt,37
1785733758456,bot12,rtt,40
1785733758459,bot20,rtt,41
1785733758941,bot28,rtt,43
1785733759029,bot27,rtt,16
1785733759029,bot29,rtt,16
1785733759045,bot24,rtt,32
1785733759136,bot23,rtt,17
1785733759140,bot2,rtt,21
1785733759143,bot9,rtt,24
1785733759146,bot17,rtt,27
1785733759160,bot16,rtt,41
1785733759165,bot26,rtt,55
1785733759169,bot14,rtt,50
1785733759325,bot3,rtt,31
1785733759326,bot5,rtt,32
1785733759327,bot13,rtt,33
1785733759343,bot15,rtt,49
1785733759346,bot6,rtt,52
1785733759347,bot0,rtt,53
1785733759348,bot4,rtt,54
1785733759426,bot7,rtt,9
1785733759432,bot1,rtt,16
1785733759437,bot8,rtt,21
1785733759439,bot10,rtt,22
1785733759440,bot12,rtt,24
1785733759443,bot18,rtt,27
1785733759444,bot20,rtt,26
1785733759446,bot22,rtt,30
1785733759466,bot11,rtt,50
1785733759472,bot19,rtt,55
1785733759473,bot21,rtt,57
1785733759475,bot25,rtt,59
1785733759955,bot28,rtt,55
1785733760023,bot24,rtt,8
1785733760029,bot27,rtt,14
1785733760030,bot29,rtt,15
1785733760132,bot9,rtt,10
1785733760134,bot17,rtt,12
1785733760136,bot23,rtt,14
1785733760140,bot2,rtt,18
1785733760145,bot16,rtt,23
1785733760149,bot26,rtt,39
1785733760153,bot14,rtt,31
1785733760331,bot5,rtt,36
1785733760337,bot13,rtt,42
1785733760338,bot15,rtt,43
1785733760349,bot3,rtt,54
1785733760351,bot0,rtt,56
1785733760353,bot4,rtt,58
1785733760366,bot6,rtt,71
1785733760440,bot11,rtt,24
1785733760449,bot19,rtt,31
1785733760450,bot21,rtt,34
1785733760461,bot25,rtt,45
1785733760471,bot8,rtt,55
1785733760474,bot10,rtt,56
1785733760476,bot12,rtt,60
1785733760480,bot18,rtt,64
1785733760483,bot20,rtt,65
1785733760484,bot22,rtt,68
1785733760491,bot7,rtt,73
1785733760497,bot1,rtt,81
1785733760925,bot28,rtt,25
1785733761026,bot27,rtt,10
1785733761027,bot29,rtt,11
1785733761031,bot24,rtt,15
1785733761122,bot26,rtt,9
1785733761133,bot17,rtt,8
1785733761135,bot23,rtt,10
1785733761139,bot2,rtt,14
1785733761143,bot16,rtt,18
1785733761148,bot14,rtt,23
1785733761155,bot9,rtt,30
1785733761306,bot0,rtt,11
1785733761308,bot4,rtt,13
1785733761315,bot3,rtt,20
1785733761316,bot5,rtt,21
1785733761320,bot13,rtt,25
1785733761321,bot15,rtt,26
1785733761339,bot6,rtt,44
1785733761426,bot11,rtt,9
1785733761430,bot19,rtt,12
1785733761433,bot25,rtt,17
1785733761437,bot1,rtt,21
1785733761445,bot8,rtt,29
1785733761448,bot10,rtt,30
1785733761449,bot12,rtt,32
1785733761451,bot18,rtt,35
1785733761453,bot20,rtt,35
1785733761454,bot22,rtt,38
1785733761476,bot21,rtt,60
1785733761479,bot7,rtt,61
1785733761939,bot28,rtt,39
1785733762039,bot24,rtt,22
1785733762039,bot27,rtt,22
1785733762040,bot29,rtt,23
1785733762135,bot26,rtt,23
1785733762139,bot14,rtt,10
1785733762142,bot2,rtt,13
1785733762145,bot16,rtt,16
1785733762151,bot9,rtt,22
1785733762153,bot17,rtt,24
1785733762155,bot23,rtt,26
1785733762326,bot3,rtt,30
1785733762329,bot15,rtt,33
1785733762337,bot0,rtt,41
1785733762339,bot4,rtt,43
1785733762346,bot5,rtt,51
1785733762348,bot13,rtt,52
1785733762370,bot6,rtt,74
1785733762427,bot11,rtt,10
1785733762433,bot19,rtt,15
1785733762433,bot21,rtt,16
1785733762436,bot25,rtt,19
1785733762442,bot1,rtt,25
1785733762453,bot7,rtt,35
1785733762464,bot8,rtt,47
1785733762467,bot10,rtt,49
1785733762468,bot12,rtt,51
1785733762480,bot18,rtt,63
1785733762483,bot20,rtt,65
1785733762484,bot22,rtt,67
1785733762931,bot28,rtt,31
1785733763036,bot27,rtt,18
1785733763036,bot29,rtt,20
1785733763053,bot24,rtt,35
1785733763134,bot26,rtt,20
1785733763137,bot17,rtt,7
1785733763138,bot23,rtt,8
1785733763146,bot9,rtt,16
1785733763148,bot2,rtt,18
1785733763150,bot16,rtt,20
1785733763155,bot14,rtt,25
1785733763312,bot3,rtt,15
1785733763327,bot5,rtt,32
1785733763333,bot13,rtt,37
1785733763335,bot15,rtt,38
1785733763350,bot6,rtt,53
1785733763364,bot0,rtt,67
1785733763370,bot4,rtt,73
1785733763427,bot8,rtt,10
1785733763428,bot12,rtt,11
1785733763430,bot18,rtt,13
1785733763432,bot20,rtt,14
1785733763433,bot22,rtt,16
1785733763446,bot1,rtt,29
1785733763455,bot10,rtt,37
1785733763464,bot7,rtt,46
1785733763467,bot11,rtt,50
1785733763474,bot19,rtt,56
1785733763476,bot21,rtt,59
1785733763479,bot25,rtt,62
1785733763915,bot28,rtt,15
1785733764037,bot27,rtt,12
1785733764037,bot29,rtt,12
1785733764042,bot24,rtt,17
1785733764125,bot26,rtt,11
1785733764150,bot2,rtt,14
1785733764153,bot16,rtt,17
1785733764159,bot14,rtt,23
1785733764161,bot9,rtt,25
1785733764165,bot17,rtt,29
1785733764168,bot23,rtt,32
1785733764328,bot6,rtt,30
1785733764329,bot0,rtt,31
1785733764334,bot4,rtt,36
1785733764344,bot3,rtt,46
1785733764345,bot5,rtt,50
1785733764349,bot13,rtt,54
1785733764350,bot15,rtt,52
1785733764449,bot7,rtt,29
1785733764452,bot11,rtt,34
1785733764460,bot19,rtt,40
1785733764461,bot21,rtt,44
1785733764464,bot25,rtt,46
1785733764469,bot1,rtt,52
1785733764484,bot22,rtt,66
1785733764488,bot8,rtt,71
1785733764489,bot10,rtt,69
1785733764491,bot12,rtt,73
1785733764493,bot18,rtt,75
1785733764494,bot20,rtt,74
1785733764938,bot28,rtt,38
1785733765043,bot24,rtt,10
1785733765065,bot27,rtt,32
1785733765066,bot29,rtt,33
1785733765135,bot26,rtt,22
1785733765154,bot2,rtt,7
1785733765158,bot14,rtt,11
1785733765232,bot9,rtt,85
1785733765239,bot16,rtt,92
1785733765243,bot17,rtt,96
1785733765245,bot23,rtt,98
1785733765323,bot4,rtt,24
1785733765344,bot6,rtt,45
1785733765347,bot0,rtt,48
1785733765366,bot3,rtt,67
1785733765367,bot5,rtt,72
1785733765370,bot13,rtt,75
1785733765371,bot15,rtt,73
1785733765435,bot25,rtt,17
1785733765440,bot1,rtt,23
1785733765453,bot7,rtt,33
1785733765456,bot11,rtt,38
1785733765461,bot19,rtt,41
1785733765463,bot21,rtt,45
1785733765481,bot8,rtt,64
1785733765484,bot10,rtt,64
1785733765484,bot12,rtt,66
1785733765488,bot18,rtt,70
1785733765490,bot20,rtt,70
1785733765490,bot22,rtt,72
1785733765934,bot28,rtt,34
1785733766048,bot27,rtt,15
1785733766049,bot29,rtt,16
1785733766052,bot24,rtt,19
1785733766125,bot26,rtt,11
1785733766176,bot9,rtt,26
1785733766181,bot17,rtt,31
1785733766184,bot23,rtt,34
1785733766227,bot14,rtt,77
1785733766228,bot2,rtt,78
1785733766231,bot16,rtt,81
1785733766330,bot6,rtt,31
1785733766332,bot0,rtt,33
1785733766333,bot4,rtt,34
1785733766339,bot3,rtt,40
1785733766340,bot5,rtt,44
1785733766344,bot13,rtt,48
1785733766345,bot15,rtt,46
1785733766440,bot8,rtt,21
1785733766441,bot12,rtt,22
1785733766446,bot22,rtt,27
1785733766456,bot10,rtt,36
1785733766458,bot18,rtt,39
1785733766458,bot20,rtt,38
1785733766464,bot7,rtt,44
1785733766468,bot11,rtt,49
1785733766477,bot19,rtt,57
1785733766478,bot21,rtt,59
1785733766482,bot25,rtt,63
1785733766486,bot1,rtt,68
1785733766926,bot28,rtt,24
1785733767053,bot27,rtt,17
1785733767054,bot29,rtt,18
1785733767061,bot24,rtt,25
1785733767127,bot26,rtt,13
1785733767159,bot2,rtt,9
1785733767161,bot16,rtt,11
1785733767167,bot14,rtt,17
1785733767224,bot9,rtt,74
1785733767226,bot17,rtt,76
1785733767227,bot23,rtt,77
1785733767326,bot3,rtt,24
1785733767328,bot13,rtt,31
1785733767337,bot5,rtt,41
1785733767339,bot15,rtt,38
1785733767340,bot0,rtt,38
1785733767342,bot4,rtt,40
1785733767355,bot6,rtt,54
1785733767434,bot11,rtt,13
1785733767437,bot19,rtt,16
1785733767438,bot21,rtt,19
1785733767441,bot25,rtt,22
1785733767446,bot1,rtt,27
1785733767453,bot8,rtt,34
1785733767455,bot10,rtt,34
1785733767457,bot12,rtt,38
1785733767461,bot18,rtt,42
1785733767463,bot20,rtt,42
1785733767465,bot22,rtt,46
1785733767487,bot7,rtt,66
1785733767927,bot28,rtt,25
1785733768057,bot24,rtt,14
1785733768065,bot27,rtt,22
1785733768065,bot29,rtt,22
1785733768138,bot26,rtt,24
1785733768222,bot23,rtt,65
1785733768225,bot9,rtt,68
1785733768227,bot17,rtt,70
1785733768248,bot2,rtt,91
1785733768249,bot16,rtt,92
1785733768257,bot14,rtt,100
1785733768321,bot5,rtt,25
1785733768323,bot15,rtt,22
1785733768335,bot13,rtt,38
1785733768337,bot3,rtt,36
1785733768338,bot0,rtt,37
1785733768340,bot4,rtt,39
1785733768350,bot6,rtt,49
1785733768428,bot12,rtt,8
1785733768431,bot18,rtt,11
1785733768432,bot20,rtt,11
1785733768433,bot22,rtt,13
1785733768441,bot8,rtt,21
1785733768443,bot10,rtt,22
1785733768444,bot11,rtt,24
1785733768449,bot19,rtt,28
1785733768451,bot21,rtt,31
1785733768464,bot7,rtt,43
1785733768466,bot25,rtt,46
1785733768474,bot1,rtt,54
1785733768940,bot28,rtt,38
1785733769067,bot29,rtt,23
1785733769074,bot24,rtt,30
1785733769078,bot27,rtt,34
1785733769130,bot26,rtt,15
1785733769222,bot9,rtt,61
1785733769224,bot17,rtt,63
1785733769226,bot23,rtt,65
1785733769236,bot2,rtt,75
1785733769238,bot16,rtt,77
1785733769241,bot14,rtt,80
1785733769327,bot3,rtt,26
1785733769328,bot5,rtt,31
1785733769330,bot13,rtt,33
1785733769332,bot0,rtt,31
1785733769334,bot15,rtt,33
1785733769339,bot4,rtt,38
1785733769350,bot6,rtt,49
1785733769433,bot8,rtt,12
1785733769434,bot10,rtt,13
1785733769435,bot12,rtt,14
1785733769438,bot18,rtt,17
1785733769439,bot20,rtt,18
1785733769440,bot22,rtt,19
1785733769456,bot7,rtt,35
1785733769459,bot11,rtt,38
1785733769464,bot19,rtt,43
1785733769465,bot21,rtt,44
1785733769468,bot25,rtt,47
1785733769472,bot1,rtt,51
1785733769935,bot28,rtt,33
1785733770068,bot27,rtt,22
1785733770071,bot29,rtt,25
1785733770078,bot24,rtt,32
1785733770124,bot26,rtt,10
1785733770187,bot2,rtt,25
1785733770191,bot16,rtt,29
1785733770197,bot14,rtt,35
1785733770200,bot9,rtt,38
1785733770203,bot17,rtt,41
1785733770205,bot23,rtt,43
1785733770322,bot15,rtt,21
1785733770331,bot3,rtt,30
1785733770332,bot5,rtt,36
1785733770334,bot13,rtt,37
1785733770336,bot0,rtt,35
1785733770338,bot4,rtt,37
1785733770346,bot6,rtt,45
1785733770435,bot21,rtt,11
1785733770437,bot25,rtt,13
1785733770440,bot1,rtt,16
1785733770446,bot8,rtt,22
1785733770447,bot10,rtt,23
1785733770448,bot12,rtt,24
1785733770451,bot18,rtt,27
1785733770452,bot20,rtt,28
1785733770453,bot22,rtt,29
1785733770467,bot7,rtt,43
1785733770469,bot11,rtt,45
1785733770472,bot19,rtt,48
1785733770912,bot28,rtt,10
1785733771059,bot27,rtt,12
1785733771059,bot29,rtt,14
1785733771062,bot24,rtt,17
1785733771131,bot26,rtt,11
1785733771181,bot2,rtt,14
1785733771183,bot16,rtt,16
1785733771189,bot14,rtt,22
1785733771192,bot9,rtt,25
1785733771195,bot17,rtt,28
1785733771197,bot23,rtt,30
1785733771323,bot6,rtt,21
1785733771325,bot3,rtt,23
1785733771326,bot5,rtt,30
1785733771332,bot0,rtt,30
1785733771333,bot4,rtt,31
1785733771334,bot13,rtt,38
1785733771336,bot15,rtt,34
1785733771434,bot25,rtt,10
1785733771436,bot1,rtt,12
1785733771442,bot7,rtt,17
1785733771443,bot11,rtt,18
1785733771448,bot19,rtt,23
1785733771449,bot21,rtt,25
1785733771454,bot8,rtt,30
1785733771456,bot10,rtt,31
1785733771457,bot12,rtt,32
1785733771461,bot18,rtt,36
1785733771462,bot20,rtt,37
1785733771463,bot22,rtt,38
1785733771916,bot28,rtt,14
1785733772060,bot27,rtt,12
1785733772060,bot29,rtt,15
1785733772070,bot24,rtt,25
1785733772130,bot26,rtt,11
1785733772175,bot16,rtt,7
1785733772179,bot14,rtt,11
1785733772183,bot9,rtt,15
1785733772186,bot17,rtt,18
1785733772189,bot23,rtt,22
1785733772203,bot2,rtt,35
1785733772309,bot5,rtt,13
1785733772331,bot6,rtt,23
1785733772335,bot3,rtt,27
1785733772338,bot13,rtt,42
1785733772339,bot15,rtt,31
1785733772345,bot0,rtt,37
1785733772347,bot4,rtt,39
1785733772431,bot8,rtt,6
1785733772435,bot7,rtt,9
1785733772436,bot11,rtt,11
1785733772440,bot19,rtt,15
1785733772441,bot21,rtt,16
1785733772443,bot25,rtt,18
1785733772446,bot1,rtt,21
1785733772451,bot10,rtt,26
1785733772452,bot12,rtt,27
1785733772454,bot18,rtt,29
1785733772455,bot20,rtt,30
1785733772456,bot22,rtt,31
1785733772950,bot28,rtt,47
1785733773075,bot24,rtt,17
1785733773130,bot27,rtt,72
1785733773131,bot29,rtt,73
1785733773151,bot26,rtt,32
1785733773239,bot2,rtt,71
1785733773244,bot16,rtt,76
1785733773252,bot14,rtt,84
1785733773259,bot17,rtt,91
1785733773261,bot23,rtt,93
1785733773266,bot9,rtt,98
1785733773324,bot4,rtt,15
1785733773331,bot6,rtt,22
1785733773340,bot0,rtt,31
1785733773348,bot3,rtt,39
1785733773350,bot5,rtt,54
1785733773353,bot13,rtt,57
1785733773355,bot15,rtt,47
1785733773446,bot11,rtt,20
1785733773452,bot19,rtt,26
1785733773453,bot21,rtt,28
1785733773456,bot25,rtt,31
1785733773460,bot1,rtt,36
1785733773468,bot8,rtt,43
1785733773469,bot10,rtt,43
1785733773471,bot12,rtt,45
1785733773473,bot18,rtt,47
1785733773474,bot20,rtt,48
1785733773475,bot22,rtt,49
1785733773481,bot7,rtt,55
