1785734966682,bot0,spawn
1785734966929,bot1,spawn
1785734967328,bot2,spawn
1785734967727,bot0,rtt,44
1785734967889,bot3,spawn
1785734967976,bot1,rtt,46
1785734968342,bot4,spawn
1785734968394,bot2,rtt,57
1785734968727,bot0,rtt,45
1785734968901,bot5,spawn
1785734968936,bot3,rtt,42
1785734968985,bot1,rtt,50
1785734969341,bot6,spawn
1785734969390,bot2,rtt,52
1785734969397,bot4,rtt,53
1785734969747,bot0,rtt,44
1785734969845,bot7,spawn
1785734969959,bot3,rtt,56
1785734969959,bot5,rtt,56
1785734969998,bot1,rtt,42
1785734970421,bot6,rtt,61
1785734970454,bot2,rtt,94
1785734970462,bot4,rtt,102
1785734970469,bot8,spawn
1785734970816,bot0,rtt,96
1785734970983,bot7,rtt,82
1785734971059,bot3,rtt,103
1785734971066,bot5,rtt,110
1785734971148,bot1,rtt,115
1785734971247,bot9,spawn
1785734971516,bot2,rtt,134
1785734971558,bot4,rtt,176
1785734971604,bot6,rtt,222
1785734971768,bot8,rtt,172
1785734971975,bot0,rtt,148
1785734972176,bot1,rtt,66
1785734972205,bot3,rtt,95
1785734972228,bot5,rtt,118
1785734972253,bot7,rtt,143
1785734972701,bot9,rtt,302
1785734972995,bot2,rtt,273
1785734973033,bot8,rtt,311
1785734973072,bot4,rtt,350
1785734973191,bot6,rtt,469
1785734973265,bot1,rtt,82
1785734973302,bot3,rtt,119
1785734973348,bot5,rtt,165
1785734973392,bot7,rtt,209
1785734973434,bot0,rtt,251
1785734973652,bot10,spawn
1785734974155,bot9,rtt,450
1785734974354,bot6,rtt,59
1785734974372,bot1,rtt,77
1785734974436,bot3,rtt,141
1785734974509,bot5,rtt,214
1785734974574,bot7,rtt,279
1785734974597,bot0,rtt,302
1785734974628,bot2,rtt,333
1785734974660,bot8,rtt,365
1785734974708,bot4,rtt,413
1785734974810,bot11,spawn
1785734975215,bot9,rtt,308
1785734975500,bot10,rtt,593
1785734975616,bot1,rtt,53
1785734975619,bot3,rtt,56
1785734975647,bot5,rtt,84
1785734975673,bot7,rtt,110
1785734975682,bot0,rtt,119
1785734975684,bot2,rtt,121
1785734975702,bot8,rtt,139
1785734975711,bot4,rtt,148
1785734975816,bot6,rtt,253
1785734975924,bot12,spawn
1785734976086,bot9,rtt,147
1785734976107,bot10,rtt,168
1785734976148,bot11,rtt,209
1785734976370,bot13,spawn
1785734976527,bot14,spawn
1785734976701,bot15,spawn
1785734976764,bot3,rtt,48
1785734976765,bot5,rtt,49
1785734976781,bot7,rtt,65
1785734976782,bot0,rtt,66
1785734976783,bot2,rtt,68
1785734976799,bot8,rtt,83
1785734976805,bot4,rtt,89
1785734976951,bot16,spawn
1785734976988,bot6,rtt,272
1785734976990,bot1,rtt,274
1785734977067,bot9,rtt,80
1785734977089,bot10,rtt,102
1785734977109,bot11,rtt,122
1785734977130,bot12,rtt,143
1785734977208,bot17,spawn
1785734977502,bot18,spawn
1785734977723,bot13,rtt,175
1785734978012,bot19,spawn
1785734978084,bot5,rtt,46
1785734978090,bot7,rtt,52
1785734978094,bot0,rtt,56
1785734978096,bot2,rtt,58
1785734978100,bot8,rtt,62
1785734978103,bot4,rtt,65
1785734978155,bot9,rtt,116
1785734978208,bot10,rtt,169
1785734978261,bot11,rtt,222
1785734978312,bot12,rtt,274
1785734978433,bot15,rtt,395
1785734978497,bot14,rtt,459
1785734978559,bot16,rtt,521
1785734978811,bot6,rtt,773
1785734978815,bot1,rtt,777
1785734978817,bot3,rtt,779
1785734979165,bot13,rtt,356
1785734979461,bot17,rtt,653
1785734979594,bot18,rtt,785
1785734979879,bot10,rtt,121
1785734979959,bot11,rtt,201
1785734980046,bot12,rtt,288
1785734980268,bot14,rtt,511
1785734980360,bot16,rtt,602
1785734980652,bot20,spawn
1785734980723,bot6,rtt,966
1785734980727,bot1,rtt,969
1785734980731,bot3,rtt,973
1785734980735,bot5,rtt,977
1785734980738,bot7,rtt,980
1785734980744,bot0,rtt,986
1785734980748,bot2,rtt,991
1785734980752,bot8,rtt,994
1785734980756,bot4,rtt,999
1785734980760,bot9,rtt,1002
1785734981009,bot13,rtt,291
1785734981040,bot15,rtt,1283
1785734981499,bot17,rtt,781
1785734981542,bot18,rtt,824
1785734981636,bot19,rtt,1879
1785734981695,bot21,spawn
1785734982018,bot5,rtt,59
1785734982024,bot7,rtt,65
1785734982032,bot0,rtt,73
1785734982038,bot2,rtt,79
1785734982044,bot8,rtt,85
1785734982051,bot4,rtt,92
1785734982058,bot9,rtt,99
1785734982063,bot10,rtt,104
1785734982125,bot11,rtt,166
1785734982232,bot12,rtt,273
1785734982346,bot13,rtt,387
1785734982513,bot14,rtt,554
1785734982611,bot16,rtt,652
1785734982868,bot18,rtt,909
1785734983189,bot20,rtt,1230
1785734983353,bot6,rtt,1394
1785734983361,bot1,rtt,1402
1785734983366,bot3,rtt,1407
1785734983395,bot2,rtt,47
1785734983402,bot8,rtt,53
1785734983410,bot4,rtt,62
1785734983414,bot9,rtt,65
1785734983419,bot10,rtt,70
1785734983425,bot11,rtt,76
1785734983479,bot12,rtt,130
1785734983546,bot13,rtt,197
1785734983554,bot15,rtt,1595
1785734983708,bot14,rtt,360
1785734983792,bot16,rtt,443
1785734983833,bot17,rtt,1874
1785734983925,bot18,rtt,576
1785734984049,bot21,rtt,701
1785734984120,bot20,rtt,771
1785734984336,bot6,rtt,988
1785734984345,bot1,rtt,996
1785734984352,bot3,rtt,1003
1785734984358,bot5,rtt,1009
1785734984363,bot7,rtt,1014
1785734984370,bot0,rtt,1021
1785734984464,bot15,rtt,1116
1785734984766,bot23,spawn
1785734984780,bot22,spawn
1785734984896,bot7,rtt,56
1785734984899,bot0,rtt,59
1785734984904,bot2,rtt,64
1785734984907,bot8,rtt,67
1785734984911,bot4,rtt,71
1785734984915,bot9,rtt,75
1785734984920,bot10,rtt,80
1785734984923,bot11,rtt,83
1785734984926,bot12,rtt,86
1785734984929,bot13,rtt,88
1785734984932,bot15,rtt,92
1785734984935,bot14,rtt,95
1785734984938,bot16,rtt,98
1785734984950,bot17,rtt,1601
1785734984994,bot17,rtt,153
1785734984997,bot18,rtt,156
1785734985002,bot19,rtt,3043
1785734985124,bot19,rtt,1776
1785734985217,bot19,rtt,377
1785734985239,bot21,rtt,399
1785734985303,bot20,rtt,462
1785734985424,bot24,spawn
1785734985488,bot6,rtt,648
1785734985492,bot1,rtt,652
1785734985496,bot3,rtt,656
1785734985500,bot5,rtt,660
1785734985675,bot27,spawn
1785734986070,bot7,rtt,59
1785734986073,bot0,rtt,62
1785734986076,bot2,rtt,65
1785734986079,bot8,rtt,68
1785734986084,bot4,rtt,73
1785734986086,bot9,rtt,75
1785734986090,bot10,rtt,79
1785734986092,bot11,rtt,81
1785734986094,bot12,rtt,83
1785734986097,bot13,rtt,86
1785734986099,bot15,rtt,88
1785734986101,bot14,rtt,90
1785734986104,bot16,rtt,93
1785734986106,bot17,rtt,95
1785734986110,bot18,rtt,99
1785734986112,bot19,rtt,101
1785734986127,bot21,rtt,116
1785734986153,bot20,rtt,142
1785734986169,bot23,rtt,159
1785734986219,bot22,rtt,208
1785734986325,bot26,spawn
1785734986352,bot25,spawn
1785734986443,bot6,rtt,432
1785734986447,bot1,rtt,436
1785734986451,bot3,rtt,440
1785734986459,bot5,rtt,448
1785734986768,bot28,spawn
1785734986777,bot29,spawn
1785734986787,bot30,spawn
1785734986813,bot31,spawn
1785734987193,bot24,rtt,311
1785734987534,bot12,rtt,60
1785734987542,bot13,rtt,68
1785734987547,bot15,rtt,73
1785734987552,bot14,rtt,78
1785734987556,bot16,rtt,82
1785734987561,bot17,rtt,87
1785734987568,bot18,rtt,94
1785734987573,bot19,rtt,99
1785734987632,bot21,rtt,158
1785734987647,bot20,rtt,173
1785734987694,bot23,rtt,220
1785734987718,bot27,rtt,836
1785734987793,bot22,rtt,319
1785734987983,bot25,rtt,508
1785734988529,bot32,spawn
1785734988565,bot33,spawn
1785734988654,bot6,rtt,1180
1785734988662,bot1,rtt,1188
1785734988673,bot3,rtt,1199
1785734988680,bot5,rtt,1206
1785734988687,bot7,rtt,1213
1785734988696,bot0,rtt,1222
1785734988703,bot0,rtt,51
1785734988704,bot2,rtt,1230
1785734988714,bot2,rtt,62
1785734988716,bot8,rtt,1242
1785734988722,bot8,rtt,70
1785734988723,bot4,rtt,1249
1785734988731,bot4,rtt,79
1785734988733,bot9,rtt,1259
1785734988740,bot9,rtt,88
1785734988742,bot10,rtt,1268
1785734988751,bot10,rtt,99
1785734988753,bot11,rtt,1279
1785734988766,bot11,rtt,114
1785734988776,bot12,rtt,124
1785734988784,bot13,rtt,132
1785734988790,bot15,rtt,138
1785734988798,bot14,rtt,146
1785734988807,bot16,rtt,155
1785734988814,bot17,rtt,162
1785734988827,bot18,rtt,175
1785734988835,bot19,rtt,183
1785734988860,bot21,rtt,208
1785734988868,bot20,rtt,216
1785734988973,bot23,rtt,322
1785734989136,bot22,rtt,485
1785734989260,bot24,rtt,609
1785734989334,bot26,rtt,1860
1785734989418,bot25,rtt,766
1785734989565,bot28,rtt,914
1785734989710,bot29,rtt,1059
1785734989862,bot30,rtt,1211
1785734990006,bot31,rtt,1355
1785734990517,bot35,spawn
1785734990558,bot36,spawn
1785734990598,bot34,spawn
1785734990683,bot6,rtt,2031
1785734990693,bot1,rtt,2041
1785734990705,bot3,rtt,2053
1785734990715,bot5,rtt,2063
1785734990725,bot7,rtt,2073
1785734990742,bot0,rtt,61
1785734990752,bot2,rtt,72
1785734990760,bot8,rtt,79
1785734990770,bot4,rtt,89
1785734990777,bot9,rtt,96
1785734990785,bot10,rtt,104
1785734990793,bot11,rtt,112
1785734990803,bot12,rtt,122
1785734990810,bot13,rtt,129
1785734990819,bot15,rtt,139
1785734990827,bot14,rtt,147
1785734990836,bot16,rtt,155
1785734990844,bot17,rtt,163
1785734990856,bot18,rtt,175
1785734990864,bot19,rtt,184
1785734990874,bot21,rtt,194
1785734990882,bot20,rtt,201
1785734991038,bot23,rtt,358
1785734991251,bot22,rtt,571
1785734991454,bot24,rtt,774
1785734991680,bot25,rtt,999
1785734991996,bot28,rtt,1316
1785734992223,bot29,rtt,1543
1785734992454,bot30,rtt,1774
1785734992682,bot31,rtt,2002
1785734992912,bot32,rtt,2232
1785734993390,bot33,rtt,2710
1785734993957,bot37,spawn
1785734994565,bot6,rtt,3884
1785734994586,bot1,rtt,3905
1785734994600,bot3,rtt,3919
1785734994614,bot3,rtt,51
1785734994616,bot5,rtt,3935
1785734994628,bot5,rtt,65
1785734994629,bot7,rtt,3948
1785734994644,bot7,rtt,81
1785734994659,bot0,rtt,96
1785734994674,bot2,rtt,112
1785734994690,bot8,rtt,127
1785734994705,bot4,rtt,143
1785734994718,bot9,rtt,155
1785734994731,bot10,rtt,168
1785734994744,bot11,rtt,181
1785734994759,bot12,rtt,196
1785734994775,bot13,rtt,212
1785734994788,bot15,rtt,226
1785734994804,bot14,rtt,242
1785734994819,bot16,rtt,256
1785734994832,bot17,rtt,269
1785734994845,bot18,rtt,282
1785734994860,bot19,rtt,298
1785734994875,bot21,rtt,313
1785734994892,bot20,rtt,329
1785734994949,bot23,rtt,387
1785734995002,bot27,rtt,6351
1785734995186,bot27,rtt,4506
1785734995491,bot27,rtt,929
1785734995546,bot22,rtt,984
1785734995612,bot24,rtt,1050
1785734995772,bot25,rtt,1209
1785734995918,bot28,rtt,1356
1785734996025,bot29,rtt,1463
1785734996079,bot30,rtt,1517
1785734996116,bot31,rtt,1554
1785734996293,bot32,rtt,1731
1785734996384,bot33,rtt,1822
1785734996807,bot36,rtt,2245
1785734997536,bot34,rtt,2974
1785734997685,bot39,spawn
1785734997722,bot38,spawn
1785734997829,bot6,rtt,3267
1785734997853,bot1,rtt,3290
1785734997906,bot5,rtt,79
1785734997920,bot7,rtt,94
1785734997938,bot0,rtt,112
1785734997994,bot2,rtt,168
1785734998011,bot8,rtt,185
1785734998027,bot4,rtt,201
1785734998043,bot9,rtt,216
1785734998060,bot10,rtt,233
1785734998079,bot11,rtt,252
1785734998094,bot12,rtt,267
1785734998110,bot13,rtt,283
1785734998129,bot15,rtt,303
1785734998148,bot14,rtt,322
1785734998161,bot16,rtt,334
1785734998172,bot17,rtt,345
1785734998183,bot18,rtt,356
1785734998196,bot19,rtt,370
1785734998240,bot21,rtt,414
1785734998254,bot20,rtt,427
1785734998266,bot23,rtt,440
1785734998279,bot27,rtt,453
1785734998290,bot22,rtt,464
1785734998302,bot24,rtt,476
1785734998343,bot26,rtt,9691
1785734998371,bot25,rtt,544
1785734998382,bot28,rtt,556
1785734998390,bot29,rtt,564
1785734998399,bot30,rtt,573
1785734998408,bot31,rtt,582
1785734998416,bot32,rtt,590
1785734998424,bot33,rtt,598
1785734998541,bot36,rtt,716
1785734998581,bot37,rtt,756
1785734998652,bot34,rtt,826
1785734998772,bot6,rtt,946
1785734998775,bot1,rtt,948
1785734998781,bot3,rtt,954
1785734999174,bot35,rtt,4612
1785734999344,bot35,rtt,1519
1785734999730,bot39,rtt,959
1785734999976,bot13,rtt,48
1785734999979,bot15,rtt,51
1785734999983,bot14,rtt,55
1785734999989,bot16,rtt,61
1785734999992,bot17,rtt,64
1785734999996,bot18,rtt,68
1785735000001,bot19,rtt,73
1785735000004,bot21,rtt,77
1785735000012,bot20,rtt,84
1785735000016,bot23,rtt,89
1785735000022,bot27,rtt,95
1785735000026,bot22,rtt,99
1785735000030,bot24,rtt,103
1785735000172,bot26,rtt,9491
1785735000369,bot26,rtt,5806
1785735000382,bot26,rtt,2555
1785735000388,bot26,rtt,460
1785735000393,bot25,rtt,465
1785735000401,bot28,rtt,474
1785735000406,bot29,rtt,479
1785735000411,bot30,rtt,484
1785735000417,bot31,rtt,490
1785735000424,bot32,rtt,497
1785735000429,bot33,rtt,502
1785735000433,bot35,rtt,506
1785735000436,bot36,rtt,509
1785735000440,bot37,rtt,513
1785735000445,bot34,rtt,518
1785735000462,bot39,rtt,534
1785735000602,bot6,rtt,674
1785735000609,bot1,rtt,681
1785735000612,bot3,rtt,684
1785735000616,bot5,rtt,688
1785735000619,bot7,rtt,691
1785735000622,bot0,rtt,694
1785735000625,bot2,rtt,697
1785735000628,bot8,rtt,700
1785735000634,bot4,rtt,706
1785735000637,bot9,rtt,709
1785735000640,bot10,rtt,712
1785735000643,bot11,rtt,715
1785735000645,bot12,rtt,717
1785735000870,bot38,rtt,2099
1785735000989,bot38,rtt,1061
1785735001230,bot16,rtt,58
1785735001232,bot17,rtt,60
1785735001238,bot18,rtt,66
1785735001241,bot19,rtt,69
1785735001245,bot21,rtt,73
1785735001251,bot20,rtt,79
1785735001254,bot23,rtt,82
1785735001257,bot27,rtt,85
1785735001260,bot22,rtt,88
1785735001262,bot24,rtt,90
1785735001265,bot26,rtt,93
1785735001270,bot25,rtt,98
1785735001272,bot28,rtt,101
1785735001275,bot29,rtt,103
1785735001278,bot30,rtt,106
1785735001281,bot31,rtt,109
1785735001283,bot32,rtt,112
1785735001286,bot33,rtt,115
1785735001291,bot35,rtt,120
1785735001294,bot36,rtt,123
1785735001296,bot37,rtt,125
1785735001299,bot34,rtt,128
1785735001351,bot39,rtt,179
1785735001379,bot38,rtt,207
1785735001440,bot6,rtt,268
1785735001442,bot1,rtt,270
1785735001444,bot3,rtt,272
1785735001446,bot5,rtt,274
1785735001448,bot7,rtt,276
1785735001450,bot0,rtt,278
1785735001452,bot2,rtt,280
1785735001454,bot8,rtt,282
1785735001455,bot4,rtt,283
1785735001457,bot9,rtt,285
1785735001461,bot10,rtt,289
1785735001463,bot11,rtt,291
1785735001465,bot12,rtt,293
1785735001467,bot13,rtt,295
1785735001468,bot15,rtt,296
1785735001470,bot14,rtt,298
1785735002375,bot2,rtt,46
1785735002376,bot8,rtt,47
1785735002378,bot4,rtt,49
1785735002380,bot9,rtt,50
1785735002381,bot10,rtt,51
1785735002383,bot11,rtt,54
1785735002384,bot12,rtt,55
1785735002386,bot13,rtt,56
1785735002390,bot15,rtt,61
1785735002391,bot14,rtt,62
1785735002393,bot16,rtt,64
1785735002395,bot17,rtt,65
1785735002396,bot18,rtt,66
1785735002410,bot19,rtt,81
1785735002412,bot21,rtt,83
1785735002414,bot20,rtt,84
1785735002429,bot23,rtt,100
1785735002431,bot27,rtt,102
1785735002433,bot22,rtt,104
1785735002434,bot24,rtt,105
1785735002436,bot26,rtt,106
1785735002438,bot25,rtt,108
1785735002438,bot28,rtt,109
1785735002442,bot29,rtt,113
1785735002443,bot30,rtt,114
1785735002449,bot31,rtt,120
1785735002455,bot32,rtt,126
1785735002456,bot33,rtt,127
1785735002458,bot35,rtt,129
1785735002459,bot36,rtt,130
1785735002460,bot37,rtt,131
1785735002462,bot34,rtt,133
1785735002473,bot39,rtt,143
1785735002487,bot38,rtt,157
1785735002532,bot6,rtt,203
1785735002535,bot1,rtt,206
1785735002536,bot3,rtt,207
1785735002541,bot5,rtt,212
1785735002542,bot7,rtt,213
1785735002543,bot0,rtt,214
1785735003395,bot6,rtt,45
1785735003396,bot1,rtt,46
1785735003397,bot3,rtt,47
1785735003397,bot7,rtt,47
1785735003399,bot0,rtt,49
1785735003399,bot2,rtt,49
1785735003400,bot8,rtt,50
1785735003401,bot4,rtt,51
1785735003402,bot10,rtt,52
1785735003403,bot11,rtt,53
1785735003404,bot12,rtt,54
1785735003404,bot13,rtt,54
1785735003405,bot15,rtt,55
1785735003406,bot14,rtt,56
1785735003407,bot16,rtt,57
1785735003408,bot18,rtt,58
1785735003410,bot19,rtt,60
1785735003411,bot21,rtt,61
1785735003412,bot20,rtt,62
1785735003413,bot23,rtt,63
1785735003414,bot27,rtt,64
1785735003415,bot22,rtt,65
1785735003416,bot24,rtt,66
1785735003417,bot26,rtt,67
1785735003417,bot28,rtt,67
1785735003418,bot30,rtt,68
1785735003420,bot31,rtt,70
1785735003421,bot32,rtt,71
1785735003422,bot33,rtt,72
1785735003423,bot35,rtt,74
1785735003424,bot29,rtt,74
1785735003425,bot37,rtt,76
1785735003427,bot39,rtt,77
1785735003428,bot25,rtt,78
1785735003429,bot17,rtt,79
1785735003430,bot5,rtt,80
1785735003432,bot9,rtt,82
1785735003433,bot34,rtt,83
1785735003434,bot36,rtt,84
1785735003436,bot38,rtt,86
1785735004427,bot2,rtt,52
1785735004429,bot11,rtt,54
1785735004430,bot16,rtt,55
1785735004431,bot19,rtt,57
1785735004432,bot21,rtt,58
1785735004438,bot23,rtt,64
1785735004439,bot17,rtt,64
1785735004441,bot1,rtt,66
1785735004447,bot0,rtt,72
1785735004448,bot30,rtt,74
1785735004449,bot3,rtt,74
1785735004450,bot31,rtt,76
1785735004452,bot32,rtt,78
1785735004456,bot4,rtt,81
1785735004457,bot33,rtt,83
1785735004462,bot5,rtt,87
1785735004463,bot6,rtt,88
1785735004464,bot7,rtt,89
1785735004465,bot8,rtt,90
1785735004466,bot35,rtt,92
1785735004468,bot10,rtt,93
1785735004469,bot9,rtt,94
1785735004470,bot12,rtt,95
1785735004471,bot14,rtt,97
1785735004473,bot13,rtt,98
1785735004474,bot18,rtt,99
1785735004475,bot15,rtt,101
1785735004477,bot20,rtt,102
1785735004478,bot22,rtt,104
1785735004486,bot24,rtt,112
1785735004490,bot26,rtt,115
1785735004491,bot27,rtt,117
1785735004493,bot28,rtt,119
1785735004495,bot25,rtt,120
1785735004496,bot34,rtt,122
1785735004497,bot29,rtt,123
1785735004499,bot36,rtt,125
1785735004500,bot37,rtt,126
1785735004503,bot38,rtt,128
1785735004504,bot39,rtt,129
1785735005477,bot17,rtt,59
1785735005483,bot0,rtt,65
1785735005484,bot30,rtt,66
1785735005486,bot1,rtt,68
1785735005487,bot31,rtt,69
1785735005488,bot2,rtt,70
1785735005490,bot3,rtt,72
1785735005490,bot32,rtt,72
1785735005494,bot4,rtt,76
1785735005495,bot33,rtt,77
1785735005498,bot5,rtt,80
1785735005498,bot6,rtt,80
1785735005500,bot7,rtt,82
1785735005501,bot35,rtt,83
1785735005503,bot8,rtt,85
1785735005505,bot9,rtt,87
1785735005506,bot10,rtt,88
1785735005507,bot11,rtt,89
1785735005508,bot12,rtt,90
1785735005510,bot13,rtt,92
1785735005511,bot14,rtt,93
1785735005516,bot15,rtt,98
1785735005517,bot16,rtt,99
1785735005526,bot19,rtt,108
1785735005531,bot21,rtt,113
1785735005532,bot18,rtt,114
1785735005534,bot23,rtt,116
1785735005535,bot20,rtt,117
1785735005537,bot27,rtt,119
1785735005539,bot22,rtt,121
1785735005541,bot25,rtt,123
1785735005543,bot24,rtt,125
1785735005546,bot29,rtt,128
1785735005548,bot26,rtt,130
1785735005551,bot37,rtt,134
1785735005552,bot28,rtt,134
1785735005557,bot39,rtt,139
1785735005558,bot34,rtt,140
1785735005560,bot36,rtt,142
1785735005562,bot38,rtt,144
1785735006522,bot31,rtt,54
1785735006524,bot2,rtt,56
1785735006524,bot32,rtt,56
1785735006527,bot4,rtt,59
1785735006528,bot6,rtt,60
1785735006529,bot7,rtt,61
1785735006529,bot35,rtt,61
1785735006531,bot10,rtt,63
1785735006537,bot11,rtt,69
1785735006545,bot13,rtt,76
1785735006546,bot14,rtt,78
1785735006548,bot15,rtt,80
1785735006549,bot19,rtt,81
1785735006551,bot23,rtt,83
1785735006552,bot20,rtt,83
1785735006557,bot27,rtt,89
1785735006558,bot28,rtt,90
1785735006559,bot39,rtt,90
1785735006560,bot34,rtt,92
1785735006566,bot36,rtt,98
1785735006567,bot38,rtt,98
1785735006568,bot29,rtt,100
1785735006572,bot0,rtt,104
1785735006574,bot12,rtt,106
1785735006575,bot16,rtt,107
1785735006577,bot22,rtt,109
1785735006578,bot26,rtt,109
1785735006580,bot8,rtt,112
1785735006581,bot3,rtt,113
1785735006582,bot24,rtt,114
1785735006583,bot33,rtt,115
1785735006586,bot21,rtt,118
1785735006587,bot37,rtt,119
1785735006588,bot30,rtt,120
1785735006590,bot1,rtt,122
1785735006595,bot18,rtt,126
1785735006603,bot17,rtt,134
1785735006605,bot5,rtt,137
1785735006606,bot9,rtt,138
1785735006608,bot25,rtt,139
1785735007572,bot29,rtt,50
1785735007583,bot0,rtt,61
1785735007607,bot12,rtt,85
1785735007609,bot16,rtt,87
1785735007610,bot22,rtt,88
1785735007612,bot26,rtt,90
1785735007614,bot8,rtt,92
1785735007615,bot24,rtt,93
1785735007619,bot33,rtt,97
1785735007621,bot21,rtt,99
1785735007623,bot37,rtt,102
1785735007625,bot30,rtt,103
1785735007627,bot18,rtt,105
1785735007630,bot1,rtt,108
1785735007631,bot17,rtt,109
1785735007633,bot3,rtt,111
1785735007637,bot5,rtt,115
1785735007638,bot9,rtt,116
1785735007640,bot25,rtt,118
1785735007687,bot31,rtt,165
1785735007688,bot2,rtt,166
1785735007690,bot32,rtt,168
1785735007692,bot4,rtt,170
1785735007694,bot6,rtt,172
1785735007699,bot7,rtt,177
1785735007700,bot35,rtt,179
1785735007703,bot10,rtt,181
1785735007705,bot11,rtt,183
1785735007707,bot13,rtt,185
1785735007709,bot14,rtt,187
1785735007711,bot15,rtt,189
1785735007719,bot19,rtt,197
1785735007725,bot23,rtt,203
1785735007727,bot20,rtt,205
1785735007732,bot27,rtt,210
1785735007734,bot28,rtt,212
1785735007736,bot39,rtt,214
1785735007738,bot34,rtt,216
1785735007740,bot36,rtt,218
1785735007741,bot38,rtt,219
1785735008606,bot34,rtt,46
1785735008607,bot39,rtt,46
1785735008609,bot5,rtt,49
1785735008610,bot9,rtt,49
1785735008610,bot25,rtt,49
1785735008630,bot15,rtt,70
1785735008632,bot1,rtt,72
1785735008632,bot30,rtt,72
1785735008638,bot0,rtt,78
1785735008640,bot3,rtt,80
1785735008641,bot32,rtt,81
1785735008643,bot31,rtt,83
1785735008644,bot2,rtt,84
1785735008645,bot4,rtt,85
1785735008646,bot33,rtt,86
1785735008648,bot7,rtt,88
1785735008649,bot6,rtt,89
1785735008650,bot35,rtt,90
1785735008652,bot8,rtt,92
1785735008653,bot11,rtt,92
1785735008656,bot10,rtt,95
1785735008658,bot13,rtt,97
1785735008659,bot12,rtt,98
1785735008660,bot14,rtt,100
1785735008661,bot19,rtt,101
1785735008662,bot16,rtt,101
1785735008663,bot21,rtt,103
1785735008665,bot18,rtt,104
1785735008666,bot23,rtt,106
1785735008667,bot20,rtt,106
1785735008668,bot27,rtt,108
1785735008670,bot24,rtt,110
1785735008671,bot29,rtt,111
1785735008673,bot26,rtt,112
1785735008674,bot37,rtt,114
1785735008676,bot28,rtt,116
1785735008677,bot36,rtt,117
1785735008687,bot38,rtt,126
1785735008688,bot22,rtt,128
1785735008692,bot17,rtt,131
1785735009653,bot32,rtt,43
1785735009654,bot33,rtt,44
1785735009655,bot4,rtt,45
1785735009656,bot6,rtt,46
1785735009656,bot35,rtt,46
1785735009658,bot7,rtt,48
1785735009659,bot8,rtt,49
1785735009660,bot10,rtt,49
1785735009661,bot11,rtt,50
1785735009662,bot12,rtt,51
1785735009663,bot13,rtt,52
1785735009663,bot14,rtt,53
1785735009664,bot15,rtt,54
1785735009668,bot17,rtt,57
1785735009670,bot18,rtt,59
1785735009670,bot19,rtt,60
1785735009672,bot20,rtt,61
1785735009673,bot21,rtt,63
1785735009674,bot24,rtt,64
1785735009676,bot23,rtt,66
1785735009677,bot26,rtt,66
1785735009678,bot27,rtt,68
1785735009679,bot29,rtt,69
1785735009680,bot28,rtt,70
1785735009681,bot37,rtt,71
1785735009682,bot34,rtt,72
1785735009684,bot39,rtt,73
1785735009685,bot36,rtt,75
1785735009686,bot38,rtt,75
1785735009691,bot16,rtt,80
1785735009723,bot1,rtt,113
1785735009725,bot0,rtt,115
1785735009726,bot30,rtt,116
1785735009737,bot3,rtt,127
1785735009740,bot31,rtt,130
1785735009741,bot2,rtt,131
1785735009756,bot5,rtt,146
1785735009757,bot9,rtt,146
1785735009758,bot22,rtt,148
1785735009761,bot25,rtt,150
1785735010673,bot0,rtt,47
1785735010674,bot17,rtt,48
1785735010676,bot30,rtt,51
1785735010677,bot3,rtt,51
1785735010681,bot2,rtt,55
1785735010682,bot32,rtt,57
1785735010683,bot31,rtt,58
1785735010685,bot5,rtt,59
1785735010686,bot4,rtt,60
1785735010687,bot33,rtt,62
1785735010689,bot7,rtt,63
1785735010690,bot6,rtt,64
1785735010692,bot35,rtt,67
1785735010694,bot9,rtt,68
1785735010695,bot8,rtt,69
1785735010696,bot11,rtt,70
1785735010698,bot10,rtt,72
1785735010699,bot13,rtt,73
1785735010700,bot12,rtt,74
1785735010702,bot15,rtt,76
1785735010703,bot14,rtt,77
1785735010704,bot19,rtt,78
1785735010705,bot16,rtt,79
1785735010706,bot21,rtt,80
1785735010708,bot18,rtt,82
1785735010709,bot23,rtt,84
1785735010710,bot20,rtt,84
1785735010714,bot22,rtt,88
1785735010715,bot27,rtt,90
1785735010716,bot24,rtt,91
1785735010717,bot25,rtt,91
1785735010719,bot26,rtt,93
1785735010720,bot29,rtt,95
1785735010721,bot28,rtt,96
1785735010723,bot37,rtt,98
1785735010725,bot34,rtt,100
1785735010726,bot36,rtt,101
1785735010728,bot38,rtt,102
1785735010730,bot39,rtt,104
1785735010769,bot1,rtt,143
1785735011691,bot27,rtt,43
1785735011694,bot29,rtt,46
1785735011695,bot37,rtt,47
1785735011697,bot22,rtt,49
1785735011698,bot39,rtt,49
1785735011699,bot24,rtt,51
1785735011701,bot26,rtt,52
1785735011702,bot28,rtt,54
1785735011703,bot34,rtt,55
1785735011705,bot36,rtt,57
1785735011706,bot38,rtt,57
1785735011730,bot1,rtt,82
1785735011731,bot30,rtt,83
1785735011733,bot0,rtt,85
1785735011734,bot17,rtt,85
1785735011735,bot3,rtt,87
1785735011736,bot32,rtt,88
1785735011738,bot2,rtt,90
1785735011738,bot31,rtt,90
1785735011740,bot5,rtt,92
1785735011741,bot4,rtt,93
1785735011741,bot33,rtt,93
1785735011743,bot7,rtt,95
1785735011744,bot6,rtt,96
1785735011745,bot35,rtt,97
1785735011746,bot9,rtt,97
1785735011754,bot11,rtt,106
1785735011756,bot8,rtt,108
1785735011757,bot13,rtt,108
1785735011758,bot10,rtt,110
1785735011763,bot15,rtt,115
1785735011764,bot19,rtt,116
1785735011766,bot12,rtt,118
1785735011766,bot21,rtt,118
1785735011768,bot14,rtt,120
1785735011769,bot23,rtt,121
1785735011770,bot16,rtt,122
1785735011772,bot25,rtt,123
1785735011773,bot18,rtt,124
1785735011775,bot20,rtt,126
1785735012696,bot28,rtt,43
1785735012697,bot17,rtt,44
1785735012698,bot30,rtt,45
1785735012700,bot0,rtt,47
1785735012701,bot3,rtt,48
1785735012701,bot31,rtt,48
1785735012702,bot32,rtt,49
1785735012703,bot2,rtt,50
1785735012704,bot5,rtt,51
1785735012705,bot33,rtt,52
1785735012706,bot4,rtt,53
1785735012707,bot7,rtt,54
1785735012708,bot6,rtt,55
1785735012709,bot35,rtt,56
1785735012710,bot9,rtt,57
1785735012711,bot8,rtt,58
1785735012712,bot11,rtt,59
1785735012712,bot10,rtt,59
1785735012714,bot13,rtt,60
1785735012715,bot12,rtt,62
1785735012715,bot15,rtt,62
1785735012717,bot14,rtt,64
1785735012718,bot19,rtt,65
1785735012719,bot16,rtt,66
1785735012723,bot21,rtt,70
1785735012729,bot18,rtt,76
1785735012731,bot23,rtt,78
1785735012732,bot20,rtt,79
1785735012733,bot27,rtt,80
1785735012734,bot22,rtt,81
1785735012736,bot25,rtt,82
1785735012736,bot24,rtt,83
1785735012738,bot29,rtt,85
1785735012739,bot26,rtt,85
1785735012740,bot37,rtt,87
1785735012743,bot39,rtt,89
1785735012744,bot34,rtt,91
1785735012746,bot36,rtt,93
1785735012748,bot38,rtt,94
1785735012781,bot1,rtt,128
1785735013699,bot7,rtt,42
1785735013700,bot1,rtt,43
1785735013701,bot30,rtt,44
1785735013702,bot31,rtt,45
1785735013703,bot0,rtt,46
1785735013704,bot3,rtt,47
1785735013704,bot5,rtt,47
1785735013706,bot2,rtt,49
1785735013706,bot4,rtt,49
1785735013707,bot6,rtt,50
1785735013708,bot9,rtt,51
1785735013709,bot33,rtt,52
1785735013710,bot8,rtt,53
1785735013711,bot10,rtt,54
1785735013712,bot11,rtt,55
1785735013712,bot35,rtt,56
1785735013713,bot32,rtt,57
1785735013714,bot12,rtt,57
1785735013715,bot13,rtt,58
1785735013716,bot14,rtt,59
1785735013718,bot15,rtt,61
1785735013719,bot16,rtt,62
1785735013720,bot18,rtt,63
1785735013721,bot19,rtt,64
1785735013725,bot20,rtt,68
1785735013727,bot21,rtt,70
1785735013728,bot22,rtt,71
1785735013729,bot23,rtt,72
1785735013734,bot24,rtt,77
1785735013735,bot27,rtt,78
1785735013737,bot26,rtt,80
1785735013738,bot25,rtt,81
1785735013739,bot28,rtt,82
1785735013740,bot34,rtt,84
1785735013741,bot29,rtt,84
1785735013742,bot36,rtt,86
1785735013743,bot37,rtt,89
1785735013745,bot39,rtt,88
1785735013746,bot38,rtt,89
1785735013780,bot17,rtt,123
1785735014701,bot21,rtt,43
1785735014701,bot23,rtt,43
1785735014702,bot27,rtt,44
1785735014702,bot29,rtt,44
1785735014702,bot37,rtt,44
1785735014703,bot39,rtt,44
1785735014704,bot0,rtt,46
1785735014705,bot2,rtt,47
1785735014706,bot31,rtt,48
1785735014706,bot30,rtt,48
1785735014708,bot4,rtt,50
1785735014709,bot6,rtt,51
1785735014709,bot32,rtt,51
1785735014710,bot33,rtt,52
1785735014711,bot8,rtt,53
1785735014712,bot35,rtt,54
1785735014713,bot10,rtt,54
1785735014714,bot12,rtt,55
1785735014714,bot14,rtt,56
1785735014716,bot18,rtt,57
1785735014720,bot20,rtt,61
1785735014721,bot22,rtt,63
1785735014723,bot24,rtt,65
1785735014724,bot26,rtt,65
1785735014725,bot3,rtt,66
1785735014727,bot5,rtt,68
1785735014728,bot9,rtt,69
1785735014729,bot11,rtt,70
1785735014730,bot17,rtt,71
1785735014731,bot25,rtt,72
1785735014733,bot16,rtt,74
1785735014749,bot1,rtt,90
1785735014749,bot7,rtt,91
1785735014751,bot13,rtt,92
1785735014751,bot15,rtt,93
1785735014752,bot19,rtt,94
1785735014774,bot28,rtt,116
1785735014775,bot34,rtt,117
1785735014777,bot36,rtt,119
1785735014781,bot38,rtt,122
1785735015702,bot1,rtt,42
1785735015709,bot6,rtt,49
1785735015713,bot0,rtt,53
1785735015720,bot2,rtt,60
1785735015723,bot4,rtt,63
1785735015725,bot30,rtt,65
1785735015726,bot32,rtt,66
1785735015728,bot8,rtt,68
1785735015730,bot10,rtt,70
1785735015731,bot12,rtt,71
1785735015733,bot17,rtt,72
1785735015734,bot14,rtt,74
1785735015735,bot3,rtt,75
1785735015739,bot16,rtt,79
1785735015740,bot31,rtt,80
1785735015741,bot5,rtt,81
1785735015745,bot33,rtt,85
1785735015746,bot35,rtt,86
1785735015756,bot7,rtt,96
1785735015759,bot18,rtt,97
1785735015760,bot9,rtt,100
1785735015762,bot20,rtt,102
1785735015763,bot11,rtt,103
1785735015764,bot22,rtt,104
1785735015765,bot24,rtt,105
1785735015767,bot13,rtt,105
1785735015768,bot15,rtt,108
1785735015769,bot26,rtt,107
1785735015770,bot19,rtt,110
1785735015772,bot28,rtt,112
1785735015773,bot21,rtt,113
1785735015775,bot23,rtt,115
1785735015776,bot27,rtt,116
1785735015778,bot25,rtt,116
1785735015779,bot29,rtt,119
1785735015780,bot37,rtt,120
1785735015782,bot39,rtt,120
1785735015786,bot34,rtt,126
1785735015787,bot36,rtt,127
1785735015789,bot38,rtt,127
1785735016702,bot35,rtt,41
1785735016707,bot33,rtt,42
1785735016719,bot14,rtt,53
1785735016728,bot0,rtt,61
1785735016732,bot2,rtt,66
1785735016737,bot4,rtt,71
1785735016739,bot1,rtt,73
1785735016742,bot17,rtt,76
1785735016744,bot6,rtt,78
1785735016751,bot8,rtt,85
1785735016752,bot31,rtt,87
1785735016754,bot3,rtt,88
1785735016758,bot10,rtt,92
1785735016763,bot5,rtt,97
1785735016765,bot12,rtt,99
1785735016768,bot7,rtt,102
1785735016771,bot16,rtt,105
1785735016772,bot30,rtt,107
1785735016774,bot18,rtt,108
1785735016775,bot20,rtt,109
1785735016780,bot9,rtt,114
1785735016781,bot32,rtt,120
1785735016783,bot11,rtt,117
1785735016788,bot22,rtt,122
1785735016790,bot24,rtt,125
1785735016791,bot13,rtt,125
1785735016794,bot15,rtt,128
1785735016796,bot26,rtt,130
1785735016797,bot19,rtt,131
1785735016798,bot21,rtt,132
1785735016800,bot28,rtt,135
1785735016802,bot23,rtt,137
1785735016803,bot34,rtt,142
1785735016805,bot27,rtt,140
1785735016806,bot36,rtt,145
1785735016808,bot25,rtt,142
1785735016809,bot38,rtt,143
1785735016811,bot29,rtt,146
1785735016812,bot37,rtt,151
1785735016817,bot39,rtt,151
1785735017707,bot30,rtt,41
1785735017713,bot32,rtt,51
1785735017715,bot2,rtt,49
1785735017720,bot31,rtt,54
1785735017722,bot4,rtt,55
1785735017726,bot33,rtt,60
1785735017727,bot35,rtt,65
1785735017734,bot6,rtt,67
1785735017741,bot13,rtt,57
1785735017744,bot8,rtt,77
1785735017751,bot10,rtt,67
1785735017754,bot15,rtt,88
1785735017760,bot12,rtt,76
1785735017763,bot14,rtt,97
1785735017767,bot16,rtt,83
1785735017770,bot19,rtt,104
1785735017772,bot21,rtt,106
1785735017773,bot23,rtt,107
1785735017776,bot18,rtt,92
1785735017778,bot20,rtt,94
1785735017779,bot27,rtt,113
1785735017780,bot22,rtt,114
1785735017782,bot25,rtt,98
1785735017783,bot24,rtt,117
1785735017785,bot26,rtt,101
1785735017786,bot29,rtt,120
1785735017787,bot37,rtt,125
1785735017789,bot39,rtt,105
1785735017792,bot28,rtt,126
1785735017793,bot34,rtt,131
1785735017795,bot36,rtt,133
1785735017797,bot38,rtt,113
1785735017824,bot1,rtt,140
1785735017828,bot3,rtt,144
1785735017834,bot17,rtt,150
1785735017838,bot5,rtt,154
1785735017844,bot0,rtt,160
1785735017847,bot7,rtt,163
1785735017854,bot9,rtt,170
1785735017860,bot11,rtt,176
1785735018807,bot34,rtt,43
1785735018808,bot36,rtt,44
1785735018810,bot30,rtt,46
1785735018814,bot17,rtt,49
1785735018822,bot1,rtt,57
1785735018825,bot32,rtt,61
1785735018832,bot3,rtt,67
1785735018837,bot31,rtt,73
1785735018844,bot5,rtt,79
1785735018848,bot33,rtt,84
1785735018852,bot35,rtt,88
1785735018902,bot7,rtt,137
1785735018909,bot9,rtt,144
1785735018914,bot11,rtt,149
1785735018919,bot0,rtt,154
1785735018926,bot13,rtt,161
1785735018930,bot2,rtt,166
1785735018938,bot15,rtt,174
1785735018946,bot4,rtt,181
1785735018953,bot19,rtt,189
1785735018961,bot6,rtt,196
1785735018963,bot21,rtt,199
1785735018973,bot8,rtt,208
1785735018977,bot23,rtt,213
1785735018979,bot27,rtt,215
1785735018984,bot10,rtt,219
1785735018988,bot25,rtt,223
1785735018991,bot12,rtt,226
1785735018994,bot29,rtt,230
1785735018997,bot14,rtt,233
1785735019001,bot37,rtt,237
1785735019006,bot16,rtt,241
1785735019008,bot39,rtt,243
1785735019015,bot18,rtt,250
1785735019022,bot20,rtt,257
1785735019024,bot22,rtt,260
1785735019026,bot24,rtt,262
1785735019028,bot26,rtt,263
1785735019030,bot28,rtt,266
1785735019036,bot38,rtt,271
1785735019808,bot17,rtt,41
1785735019811,bot31,rtt,45
1785735019814,bot30,rtt,48
1785735019819,bot33,rtt,53
1785735019824,bot7,rtt,57
1785735019825,bot35,rtt,59
1785735019829,bot9,rtt,62
1785735019833,bot11,rtt,66
1785735019834,bot32,rtt,68
1785735019839,bot13,rtt,72
1785735019842,bot15,rtt,75
1785735019847,bot0,rtt,80
1785735019853,bot2,rtt,86
1785735019856,bot4,rtt,89
1785735019860,bot6,rtt,93
1785735019868,bot8,rtt,101
1785735019871,bot10,rtt,104
1785735019877,bot12,rtt,110
1785735019884,bot14,rtt,117
1785735019887,bot16,rtt,120
1785735019890,bot19,rtt,124
1785735019895,bot21,rtt,129
1785735019900,bot23,rtt,134
1785735019901,bot27,rtt,135
1785735019903,bot25,rtt,136
1785735019906,bot18,rtt,139
1785735019910,bot20,rtt,143
1785735019913,bot22,rtt,147
1785735019916,bot24,rtt,150
1785735019917,bot29,rtt,151
1785735019919,bot26,rtt,152
1785735019953,bot1,rtt,186
1785735019957,bot3,rtt,190
1785735019960,bot5,rtt,193
1785735019981,bot37,rtt,215
1785735019983,bot39,rtt,216
1785735019985,bot28,rtt,219
1785735019988,bot34,rtt,222
1785735019990,bot36,rtt,224
1785735019992,bot38,rtt,225
1785735020813,bot30,rtt,41
1785735020815,bot17,rtt,42
1785735020816,bot32,rtt,44
1785735020817,bot31,rtt,45
1785735020821,bot1,rtt,48
1785735020827,bot4,rtt,54
1785735020828,bot33,rtt,56
1785735020833,bot3,rtt,60
1785735020836,bot6,rtt,63
1785735020837,bot35,rtt,65
1785735020847,bot0,rtt,74
1785735020857,bot2,rtt,84
1785735020860,bot5,rtt,87
1785735020867,bot8,rtt,94
1785735020870,bot7,rtt,97
1785735020876,bot10,rtt,103
1785735020878,bot9,rtt,105
1785735020885,bot12,rtt,112
1785735020891,bot11,rtt,118
1785735020896,bot13,rtt,123
1785735020901,bot15,rtt,128
1785735020905,bot19,rtt,132
1785735020912,bot14,rtt,139
1785735020915,bot21,rtt,142
1785735020919,bot23,rtt,146
1785735020926,bot16,rtt,153
1785735020928,bot27,rtt,155
1785735020935,bot18,rtt,162
1785735020937,bot25,rtt,164
1785735020943,bot20,rtt,170
1785735020945,bot29,rtt,173
1785735020948,bot22,rtt,175
1785735020950,bot37,rtt,178
1785735020957,bot24,rtt,185
1785735020960,bot39,rtt,187
1785735020964,bot26,rtt,191
1785735020966,bot28,rtt,194
1785735020968,bot34,rtt,196
1785735020970,bot36,rtt,198
1785735020972,bot38,rtt,199
1785735021816,bot30,rtt,42
1785735021823,bot32,rtt,49
1785735021827,bot1,rtt,52
1785735021832,bot2,rtt,57
1785735021835,bot3,rtt,60
1785735021841,bot4,rtt,66
1785735021845,bot5,rtt,70
1785735021847,bot17,rtt,72
1785735021853,bot6,rtt,78
1785735021857,bot7,rtt,82
1785735021861,bot31,rtt,87
1785735021867,bot8,rtt,92
1785735021873,bot9,rtt,98
1785735021876,bot33,rtt,102
1785735021884,bot10,rtt,109
1785735021887,bot11,rtt,112
1785735021890,bot35,rtt,116
1785735021895,bot12,rtt,120
1785735021899,bot13,rtt,124
1785735021903,bot15,rtt,128
1785735021911,bot14,rtt,136
1785735021941,bot0,rtt,166
1785735021970,bot19,rtt,195
1785735021977,bot16,rtt,202
1785735021983,bot21,rtt,208
1785735021992,bot18,rtt,217
1785735021995,bot23,rtt,220
1785735022003,bot20,rtt,228
1785735022006,bot27,rtt,231
1785735022013,bot22,rtt,238
1785735022019,bot25,rtt,244
1785735022025,bot24,rtt,250
1785735022029,bot29,rtt,255
1785735022037,bot26,rtt,262
1785735022039,bot37,rtt,265
1785735022046,bot28,rtt,272
1785735022050,bot39,rtt,275
1785735022052,bot34,rtt,278
1785735022057,bot36,rtt,283
1785735022060,bot38,rtt,285
1785735022835,bot17,rtt,42
1785735022840,bot31,rtt,48
1785735022849,bot5,rtt,56
1785735022860,bot2,rtt,68
1785735022868,bot1,rtt,75
1785735022873,bot3,rtt,80
1785735022882,bot0,rtt,90
1785735022885,bot33,rtt,93
1785735022891,bot7,rtt,99
1785735022897,bot4,rtt,105
1785735022899,bot35,rtt,107
1785735022906,bot9,rtt,113
1785735022912,bot6,rtt,120
1785735022915,bot8,rtt,123
1785735022920,bot11,rtt,127
1785735022925,bot10,rtt,132
1785735022930,bot13,rtt,137
1785735022935,bot12,rtt,142
1785735022938,bot14,rtt,146
1785735022944,bot15,rtt,152
1785735022949,bot16,rtt,156
1785735022954,bot19,rtt,162
1785735022959,bot18,rtt,166
1785735022963,bot21,rtt,171
1785735022971,bot20,rtt,178
1785735022974,bot23,rtt,182
1785735022979,bot22,rtt,187
1785735022985,bot24,rtt,193
1785735022989,bot27,rtt,197
1785735022996,bot26,rtt,203
1785735023003,bot25,rtt,210
1785735023007,bot28,rtt,215
1785735023013,bot29,rtt,221
1785735023018,bot34,rtt,226
1785735023023,bot36,rtt,231
1785735023028,bot37,rtt,236
1785735023032,bot39,rtt,239
1785735023036,bot30,rtt,244
1785735023041,bot32,rtt,249
1785735023047,bot38,rtt,254
1785735023839,bot30,rtt,44
1785735023844,bot17,rtt,48
1785735023849,bot31,rtt,54
1785735023852,bot33,rtt,57
1785735023858,bot32,rtt,63
1785735023861,bot35,rtt,66
1785735023868,bot1,rtt,72
1785735023871,bot3,rtt,76
1785735023876,bot5,rtt,81
1785735023881,bot7,rtt,86
1785735023887,bot9,rtt,91
1785735023891,bot11,rtt,95
1785735023896,bot13,rtt,100
1785735023899,bot15,rtt,104
1785735023904,bot19,rtt,109
1785735023911,bot0,rtt,116
1785735023917,bot2,rtt,122
1785735023921,bot4,rtt,126
1785735023925,bot21,rtt,130
1785735023931,bot6,rtt,136
1785735023934,bot23,rtt,139
1785735023942,bot8,rtt,147
1785735023947,bot10,rtt,151
1785735023950,bot27,rtt,155
1785735023959,bot12,rtt,163
1785735023962,bot14,rtt,167
1785735023967,bot25,rtt,171
1785735023971,bot16,rtt,175
1785735023973,bot29,rtt,178
1785735023981,bot18,rtt,185
1785735023983,bot37,rtt,188
1785735023991,bot20,rtt,195
1785735023992,bot39,rtt,196
1785735023996,bot22,rtt,201
1785735024001,bot24,rtt,206
1785735024007,bot26,rtt,211
1785735024010,bot28,rtt,215
1785735024014,bot34,rtt,219
1785735024019,bot36,rtt,224
1785735024027,bot38,rtt,231
1785735024861,bot32,rtt,48
1785735024870,bot13,rtt,55
1785735024873,bot14,rtt,59
1785735024879,bot15,rtt,65
1785735024885,bot16,rtt,70
1785735024893,bot18,rtt,78
1785735024898,bot23,rtt,84
1785735024903,bot27,rtt,89
1785735024904,bot24,rtt,90
1785735024912,bot2,rtt,98
1785735024920,bot7,rtt,106
1785735024924,bot17,rtt,109
1785735024930,bot33,rtt,117
1785735024934,bot35,rtt,121
1785735024942,bot0,rtt,128
1785735024948,bot4,rtt,134
1785735024952,bot6,rtt,138
1785735024959,bot12,rtt,144
1785735024964,bot20,rtt,149
1785735024966,bot22,rtt,152
1785735024974,bot26,rtt,159
1785735024978,bot28,rtt,165
1785735024983,bot31,rtt,169
1785735024987,bot34,rtt,174
1785735025000,bot36,rtt,187
1785735025007,bot38,rtt,192
1785735025012,bot1,rtt,197
1785735025018,bot3,rtt,203
1785735025027,bot5,rtt,212
1785735025039,bot9,rtt,224
1785735025047,bot19,rtt,233
1785735025054,bot21,rtt,240
1785735025062,bot25,rtt,247
1785735025065,bot29,rtt,252
1785735025069,bot37,rtt,256
1785735025078,bot39,rtt,263
1785735025124,bot8,rtt,310
1785735025129,bot30,rtt,315
1785735025134,bot11,rtt,319
1785735025140,bot10,rtt,325
1785735025876,bot11,rtt,51
1785735025881,bot12,rtt,56
1785735025889,bot13,rtt,64
1785735025892,bot14,rtt,68
1785735025904,bot15,rtt,80
1785735025910,bot18,rtt,85
1785735025912,bot21,rtt,88
1785735025918,bot20,rtt,93
1785735025927,bot23,rtt,103
1785735025932,bot24,rtt,108
1785735025935,bot27,rtt,111
1785735025942,bot29,rtt,118
1785735025945,bot28,rtt,121
1785735025952,bot34,rtt,128
1785735025960,bot39,rtt,135
1785735025964,bot36,rtt,140
1785735025969,bot0,rtt,144
1785735025975,bot2,rtt,151
1785735025978,bot30,rtt,154
1785735025988,bot17,rtt,163
1785735025993,bot4,rtt,168
1785735025999,bot32,rtt,175
1785735026004,bot6,rtt,180
1785735026007,bot31,rtt,183
1785735026014,bot8,rtt,189
1785735026019,bot33,rtt,195
1785735026028,bot35,rtt,204
1785735026051,bot1,rtt,226
1785735026056,bot3,rtt,231
1785735026061,bot7,rtt,236
1785735026066,bot5,rtt,241
1785735026071,bot9,rtt,246
1785735026075,bot16,rtt,250
1785735026079,bot19,rtt,255
1785735026086,bot22,rtt,262
1785735026094,bot25,rtt,269
1785735026102,bot26,rtt,277
1785735026106,bot37,rtt,282
1785735026114,bot38,rtt,289
1785735026163,bot10,rtt,338
1785735026884,bot30,rtt,44
1785735026889,bot17,rtt,48
1785735026896,bot1,rtt,55
1785735026898,bot32,rtt,58
1785735026903,bot2,rtt,62
1785735026909,bot3,rtt,68
1785735026912,bot31,rtt,72
1785735026922,bot5,rtt,81
1785735026928,bot4,rtt,87
1785735026932,bot33,rtt,92
1785735026942,bot7,rtt,101
1785735026946,bot6,rtt,105
1785735026950,bot35,rtt,110
1785735026962,bot9,rtt,121
1785735026970,bot8,rtt,129
1785735026974,bot11,rtt,133
1785735026979,bot10,rtt,138
1785735026984,bot13,rtt,143
1785735026990,bot12,rtt,149
1785735026992,bot15,rtt,152
1785735026996,bot14,rtt,156
1785735027004,bot16,rtt,163
1785735027010,bot19,rtt,170
1785735027015,bot21,rtt,175
1785735027022,bot18,rtt,181
1785735027026,bot20,rtt,185
1785735027029,bot23,rtt,189
1785735027035,bot22,rtt,195
1785735027040,bot27,rtt,200
1785735027047,bot24,rtt,207
1785735027057,bot25,rtt,215
1785735027063,bot26,rtt,222
1785735027066,bot28,rtt,226
1785735027123,bot0,rtt,282
1785735027176,bot29,rtt,336
1785735027184,bot34,rtt,344
1785735027192,bot36,rtt,352
1785735027199,bot37,rtt,360
1785735027208,bot39,rtt,366
1785735027214,bot38,rtt,372
1785735027887,bot37,rtt,48
1785735027891,bot34,rtt,50
1785735027898,bot39,rtt,53
1785735027901,bot36,rtt,61
1785735027912,bot38,rtt,67
1785735027927,bot23,rtt,86
1785735027934,bot17,rtt,90
1785735027939,bot1,rtt,95
1785735027944,bot0,rtt,100
1785735027946,bot30,rtt,105
1785735027952,bot2,rtt,111
1785735027957,bot31,rtt,116
1785735027966,bot22,rtt,125
1785735027971,bot27,rtt,130
1785735027979,bot24,rtt,138
1785735027987,bot25,rtt,143
1785735027994,bot26,rtt,150
1785735027996,bot29,rtt,155
1785735028002,bot28,rtt,161
1785735028016,bot3,rtt,172
1785735028021,bot5,rtt,177
1785735028026,bot4,rtt,185
1785735028032,bot7,rtt,188
1785735028034,bot33,rtt,193
1785735028041,bot6,rtt,200
1785735028046,bot35,rtt,206
1785735028059,bot9,rtt,215
1785735028063,bot8,rtt,219
1785735028070,bot11,rtt,226
1785735028076,bot10,rtt,232
1785735028081,bot13,rtt,237
1785735028089,bot12,rtt,245
1785735028095,bot15,rtt,254
1785735028107,bot14,rtt,266
1785735028114,bot16,rtt,270
1785735028118,bot19,rtt,277
1785735028122,bot21,rtt,281
1785735028130,bot18,rtt,286
1785735028132,bot32,rtt,291
1785735028141,bot20,rtt,297
1785735028884,bot31,rtt,42
1785735028888,bot32,rtt,47
1785735028893,bot5,rtt,46
1785735028897,bot4,rtt,54
1785735028900,bot33,rtt,59
1785735028906,bot7,rtt,59
1785735028910,bot6,rtt,67
1785735028913,bot35,rtt,74
1785735028922,bot9,rtt,75
1785735028927,bot8,rtt,82
1785735028938,bot11,rtt,91
1785735028944,bot10,rtt,97
1785735028951,bot13,rtt,104
1785735028955,bot12,rtt,108
1785735028960,bot15,rtt,118
1785735028967,bot14,rtt,125
1785735028972,bot19,rtt,130
1785735028979,bot16,rtt,132
1785735028982,bot21,rtt,140
1785735028989,bot18,rtt,142
1785735028991,bot23,rtt,149
1785735029001,bot20,rtt,154
1785735029005,bot27,rtt,163
1785735029011,bot22,rtt,169
1785735029020,bot25,rtt,173
1785735029023,bot24,rtt,181
1785735029029,bot29,rtt,188
1785735029040,bot26,rtt,193
1785735029042,bot37,rtt,202
1785735029047,bot28,rtt,206
1785735029055,bot39,rtt,208
1785735029060,bot38,rtt,213
1785735029066,bot1,rtt,219
1785735029072,bot0,rtt,225
1785735029117,bot30,rtt,275
1785735029124,bot17,rtt,277
1785735029127,bot2,rtt,285
1785735029133,bot3,rtt,286
1785735029170,bot34,rtt,330
1785735029177,bot36,rtt,337
1785735029887,bot36,rtt,44
1785735029897,bot17,rtt,47
1785735029902,bot0,rtt,52
1785735029907,bot1,rtt,57
1785735029912,bot3,rtt,62
1785735029915,bot30,rtt,69
1785735029921,bot2,rtt,74
1785735029925,bot31,rtt,79
1785735029930,bot5,rtt,80
1785735029933,bot32,rtt,90
1785735029940,bot4,rtt,93
1785735029943,bot33,rtt,100
1785735029950,bot7,rtt,100
1785735029954,bot6,rtt,107
1785735029957,bot35,rtt,117
1785735029965,bot9,rtt,115
1785735029969,bot8,rtt,119
1785735029976,bot11,rtt,126
1785735029982,bot10,rtt,132
1785735029989,bot13,rtt,139
1785735029993,bot12,rtt,143
1785735029996,bot15,rtt,149
1785735030002,bot14,rtt,155
1785735030010,bot19,rtt,163
1785735030016,bot16,rtt,166
1785735030019,bot21,rtt,172
1785735030026,bot18,rtt,176
1785735030029,bot23,rtt,182
1785735030036,bot20,rtt,186
1785735030040,bot27,rtt,194
1785735030045,bot22,rtt,198
1785735030052,bot25,rtt,202
1785735030055,bot24,rtt,209
1785735030060,bot29,rtt,217
1785735030070,bot26,rtt,220
1785735030071,bot37,rtt,231
1785735030077,bot28,rtt,234
1785735030085,bot39,rtt,235
1785735030087,bot34,rtt,244
1785735030099,bot38,rtt,249
1785735030887,bot35,rtt,48
1785735030891,bot32,rtt,48
1785735030897,bot16,rtt,45
1785735030903,bot18,rtt,51
1785735030905,bot15,rtt,57
1785735030910,bot20,rtt,58
1785735030913,bot19,rtt,65
1785735030916,bot22,rtt,68
1785735030920,bot21,rtt,72
1785735030928,bot23,rtt,80
1785735030934,bot24,rtt,87
1785735030939,bot27,rtt,91
1785735030946,bot26,rtt,94
1785735030950,bot25,rtt,98
1785735030953,bot28,rtt,110
1785735030957,bot29,rtt,114
1785735030963,bot34,rtt,120
1785735030968,bot36,rtt,125
1785735030973,bot37,rtt,134
1785735030984,bot39,rtt,132
1785735030990,bot38,rtt,138
1785735031023,bot0,rtt,172
1785735031028,bot1,rtt,176
1785735031032,bot2,rtt,184
1785735031038,bot3,rtt,187
1785735031045,bot17,rtt,193
1785735031047,bot4,rtt,199
1785735031057,bot5,rtt,206
1785735031061,bot31,rtt,214
1785735031067,bot6,rtt,219
1785735031072,bot7,rtt,221
1785735031079,bot8,rtt,228
1785735031081,bot33,rtt,238
1785735031089,bot10,rtt,237
1785735031094,bot9,rtt,242
1785735031096,bot30,rtt,249
1785735031103,bot12,rtt,251
1785735031113,bot11,rtt,261
1785735031116,bot14,rtt,268
1785735031137,bot13,rtt,285
1785735031160,bot21,respawn
1785735031894,bot19,rtt,46
1785735031900,bot23,rtt,52
1785735031907,bot20,rtt,53
1785735031910,bot27,rtt,62
1785735031915,bot22,rtt,67
1785735031922,bot25,rtt,68
1785735031924,bot24,rtt,76
1785735031927,bot29,rtt,83
1785735031932,bot37,rtt,90
1785735031941,bot26,rtt,87
1785735031946,bot39,rtt,92
1785735031948,bot28,rtt,104
1785735031957,bot21,rtt,109
1785735031971,bot34,rtt,127
1785735031983,bot36,rtt,139
1785735031991,bot38,rtt,137
1785735032026,bot17,rtt,172
1785735032031,bot0,rtt,177
1785735032046,bot30,rtt,198
1785735032054,bot1,rtt,200
1785735032058,bot31,rtt,210
1785735032063,bot2,rtt,215
1785735032067,bot33,rtt,223
1785735032072,bot32,rtt,228
1785735032079,bot3,rtt,225
1785735032084,bot4,rtt,233
1785735032087,bot35,rtt,245
1785735032101,bot5,rtt,247
1785735032108,bot6,rtt,257
1785735032113,bot7,rtt,259
1785735032119,bot8,rtt,265
1785735032125,bot9,rtt,271
1785735032129,bot10,rtt,275
1785735032133,bot11,rtt,279
1785735032137,bot12,rtt,283
1785735032142,bot13,rtt,288
1785735032144,bot14,rtt,296
1785735032149,bot15,rtt,301
1785735032155,bot16,rtt,301
1785735032162,bot18,rtt,308
1785735032896,bot4,rtt,45
1785735032898,bot31,rtt,48
1785735032902,bot7,rtt,46
1785735032906,bot6,rtt,55
1785735032911,bot9,rtt,55
1785735032913,bot33,rtt,67
1785735032919,bot11,rtt,63
1785735032923,bot8,rtt,68
1785735032927,bot30,rtt,77
1785735032933,bot10,rtt,77
1785735032939,bot13,rtt,83
1785735032939,bot35,rtt,95
1785735032945,bot15,rtt,95
1785735032951,bot12,rtt,95
1785735032953,bot32,rtt,107
1785735032958,bot19,rtt,108
1785735032963,bot14,rtt,113
1785735032967,bot23,rtt,117
1785735032973,bot16,rtt,117
1785735032976,bot27,rtt,126
1785735032983,bot25,rtt,127
1785735032990,bot18,rtt,134
1785735032992,bot29,rtt,146
1785735033000,bot20,rtt,144
1785735033001,bot37,rtt,157
1785735033009,bot39,rtt,153
1785735033012,bot22,rtt,162
1785735033016,bot24,rtt,166
1785735033021,bot21,rtt,171
1785735033039,bot26,rtt,183
1785735033044,bot28,rtt,198
1785735033049,bot34,rtt,204
1785735033054,bot36,rtt,209
1785735033062,bot38,rtt,206
1785735033101,bot5,rtt,245
1785735033105,bot0,rtt,249
1785735033112,bot1,rtt,256
1785735033115,bot2,rtt,265
1785735033119,bot3,rtt,263
1785735033123,bot17,rtt,267
1785735033894,bot34,rtt,47
1785735033896,bot36,rtt,49
1785735033902,bot1,rtt,44
1785735033905,bot3,rtt,47
1785735033909,bot5,rtt,51
1785735033912,bot30,rtt,60
1785735033918,bot7,rtt,60
1785735033923,bot17,rtt,65
1785735033925,bot32,rtt,78
1785735033932,bot9,rtt,74
1785735033936,bot11,rtt,78
1785735033940,bot0,rtt,82
1785735033945,bot13,rtt,87
1785735033948,bot2,rtt,93
1785735033952,bot31,rtt,97
1785735033957,bot15,rtt,102
1785735033960,bot33,rtt,113
1785735033964,bot35,rtt,120
1785735033972,bot19,rtt,117
1785735033977,bot4,rtt,122
1785735033982,bot6,rtt,127
1785735033986,bot23,rtt,131
1785735033999,bot8,rtt,141
1785735034002,bot27,rtt,147
1785735034009,bot10,rtt,151
1785735034013,bot25,rtt,155
1785735034018,bot12,rtt,160
1785735034020,bot14,rtt,165
1785735034024,bot29,rtt,177
1785735034031,bot16,rtt,173
1785735034033,bot37,rtt,189
1785735034043,bot18,rtt,185
1785735034048,bot20,rtt,190
1785735034050,bot22,rtt,195
1785735034055,bot24,rtt,200
1785735034062,bot26,rtt,204
1785735034063,bot28,rtt,216
1785735034105,bot39,rtt,247
1785735034115,bot21,rtt,260
1785735034142,bot38,rtt,284
1785735034893,bot36,rtt,46
1785735034904,bot0,rtt,44
1785735034908,bot1,rtt,48
1785735034910,bot30,rtt,57
1785735034915,bot31,rtt,60
1785735034920,bot2,rtt,63
1785735034923,bot33,rtt,73
1785735034930,bot3,rtt,70
1785735034933,bot4,rtt,76
1785735034936,bot32,rtt,86
1785735034940,bot35,rtt,95
1785735034946,bot5,rtt,86
1785735034950,bot6,rtt,93
1785735034954,bot7,rtt,94
1785735034959,bot8,rtt,99
1785735034964,bot9,rtt,104
1785735034967,bot11,rtt,107
1785735034972,bot10,rtt,112
1785735034977,bot13,rtt,117
1785735034981,bot12,rtt,121
1785735034984,bot15,rtt,127
1785735034989,bot14,rtt,132
1785735034996,bot19,rtt,139
1785735035001,bot23,rtt,144
1785735035007,bot16,rtt,147
1785735035010,bot27,rtt,153
1785735035017,bot18,rtt,157
1785735035021,bot25,rtt,161
1785735035026,bot20,rtt,166
1785735035028,bot29,rtt,178
1785735035033,bot22,rtt,176
1785735035037,bot37,rtt,192
1785735035042,bot24,rtt,186
1785735035049,bot39,rtt,189
1785735035054,bot26,rtt,194
1785735035056,bot21,rtt,199
1785735035073,bot28,rtt,223
1785735035077,bot34,rtt,227
1785735035088,bot38,rtt,228
1785735035128,bot17,rtt,268
1785735035900,bot32,rtt,49
1785735035903,bot3,rtt,44
1785735035905,bot31,rtt,49
1785735035908,bot4,rtt,49
1785735035913,bot5,rtt,54
1785735035915,bot33,rtt,64
1785735035921,bot7,rtt,62
1785735035925,bot6,rtt,66
1785735035928,bot35,rtt,84
1785735035935,bot9,rtt,72
1785735035942,bot11,rtt,79
1785735035945,bot8,rtt,86
1785735035950,bot13,rtt,87
1785735035954,bot10,rtt,91
1785735035958,bot15,rtt,99
1785735035964,bot12,rtt,101
1785735035967,bot19,rtt,108
1785735035974,bot14,rtt,115
1785735035978,bot23,rtt,122
1785735035986,bot16,rtt,123
1785735035990,bot27,rtt,134
1785735035998,bot18,rtt,135
1785735036003,bot25,rtt,140
1785735036008,bot20,rtt,145
1785735036010,bot29,rtt,159
1785735036015,bot22,rtt,156
1785735036019,bot37,rtt,175
1785735036028,bot24,rtt,172
1785735036035,bot39,rtt,172
1785735036041,bot26,rtt,178
1785735036043,bot21,rtt,184
1785735036058,bot28,rtt,207
1785735036063,bot34,rtt,213
1785735036068,bot36,rtt,221
1785735036078,bot38,rtt,215
1785735036114,bot1,rtt,255
1785735036118,bot30,rtt,263
1785735036124,bot0,rtt,265
1785735036130,bot17,rtt,267
1785735036133,bot2,rtt,274
1785735036262,bot9,respawn
1785735036835,bot11,respawn
1785735036902,bot33,rtt,46
1785735036904,bot31,rtt,48
1785735036909,bot35,rtt,53
1785735036916,bot10,rtt,48
1785735036920,bot3,rtt,53
1785735036922,bot12,rtt,55
1785735036927,bot5,rtt,60
1785735036930,bot14,rtt,63
1785735036937,bot7,rtt,70
1785735036939,bot16,rtt,72
1785735036945,bot18,rtt,77
1785735036949,bot13,rtt,81
1785735036953,bot20,rtt,85
1785735036959,bot15,rtt,92
1785735036963,bot19,rtt,96
1785735036964,bot30,rtt,108
1785735036970,bot22,rtt,103
1785735036973,bot23,rtt,117
1785735036977,bot32,rtt,121
1785735036982,bot24,rtt,126
1785735036987,bot27,rtt,131
1785735036993,bot25,rtt,125
1785735037002,bot26,rtt,134
1785735037004,bot28,rtt,148
1785735037009,bot29,rtt,153
1785735037014,bot34,rtt,158
1785735037022,bot36,rtt,166
1785735037026,bot37,rtt,170
1785735037034,bot38,rtt,166
1785735037039,bot39,rtt,171
1785735037050,bot21,rtt,183
1785735037066,bot9,rtt,198
1785735037081,bot11,rtt,213
1785735037127,bot0,rtt,260
1785735037132,bot17,rtt,264
1785735037135,bot2,rtt,268
1785735037138,bot6,rtt,271
1785735037147,bot8,rtt,280
1785735037154,bot1,rtt,287
1785735037237,bot4,rtt,370
1785735037901,bot24,rtt,42
1785735037912,bot28,rtt,53
1785735037914,bot34,rtt,55
1785735037915,bot36,rtt,56
1785735037939,bot17,rtt,68
1785735037940,bot30,rtt,81
1785735037947,bot1,rtt,76
1785735037957,bot0,rtt,86
1785735037959,bot32,rtt,100
1785735037966,bot3,rtt,95
1785735037968,bot31,rtt,109
1785735037975,bot5,rtt,104
1785735037978,bot2,rtt,107
1785735037982,bot33,rtt,123
1785735037989,bot7,rtt,118
1785735037992,bot4,rtt,121
1785735037995,bot35,rtt,137
1785735038004,bot13,rtt,133
1785735038007,bot6,rtt,136
1785735038013,bot15,rtt,142
1785735038017,bot8,rtt,146
1785735038022,bot19,rtt,151
1785735038029,bot10,rtt,158
1785735038032,bot23,rtt,173
1785735038037,bot27,rtt,178
1785735038043,bot12,rtt,172
1785735038050,bot25,rtt,115
1785735038053,bot14,rtt,182
1785735038056,bot29,rtt,197
1785735038063,bot16,rtt,192
1785735038066,bot37,rtt,208
1785735038072,bot18,rtt,201
1785735038078,bot39,rtt,143
1785735038083,bot20,rtt,212
1785735038091,bot21,rtt,220
1785735038105,bot22,rtt,234
1785735038117,bot9,rtt,246
1785735038139,bot26,rtt,267
1785735038147,bot11,rtt,276
1785735038179,bot38,rtt,244
1785735038359,bot19,respawn
1785735038917,bot32,rtt,57
1785735038918,bot33,rtt,58
1785735038922,bot35,rtt,62
1785735038954,bot24,rtt,91
1785735038958,bot23,rtt,95
1785735038965,bot26,rtt,55
1785735038966,bot27,rtt,103
1785735038970,bot28,rtt,110
1785735038980,bot34,rtt,120
1785735038984,bot29,rtt,124
1785735038988,bot36,rtt,128
1785735038995,bot37,rtt,135
1785735039011,bot21,rtt,102
1785735039022,bot9,rtt,112
1785735039034,bot11,rtt,124
1785735039055,bot19,rtt,146
1785735039061,bot0,rtt,152
1785735039063,bot31,rtt,200
1785735039067,bot30,rtt,207
1785735039107,bot17,rtt,197
1785735039111,bot2,rtt,202
1785735039123,bot4,rtt,214
1785735039129,bot6,rtt,220
1785735039135,bot8,rtt,226
1785735039140,bot10,rtt,230
1785735039147,bot12,rtt,237
1785735039149,bot14,rtt,240
1785735039156,bot1,rtt,246
1785735039159,bot3,rtt,249
1785735039165,bot16,rtt,255
1785735039168,bot5,rtt,258
1785735039175,bot18,rtt,265
1785735039177,bot7,rtt,268
1785735039184,bot20,rtt,273
1785735039187,bot13,rtt,277
1785735039190,bot22,rtt,281
1785735039195,bot15,rtt,286
1785735039209,bot25,rtt,104
1785735039216,bot38,rtt,111
1785735039218,bot39,rtt,113
1785735040013,bot31,rtt,82
1785735040016,bot30,rtt,85
1785735040060,bot32,rtt,129
1785735040067,bot33,rtt,136
1785735040073,bot4,rtt,55
1785735040076,bot35,rtt,145
1785735040083,bot6,rtt,65
1785735040088,bot8,rtt,70
1785735040094,bot10,rtt,76
1785735040111,bot12,rtt,93
1785735040115,bot14,rtt,97
1785735040124,bot1,rtt,106
1785735040130,bot3,rtt,112
1785735040134,bot16,rtt,116
1785735040140,bot5,rtt,122
1785735040145,bot18,rtt,127
1785735040152,bot7,rtt,134
1785735040156,bot20,rtt,138
1785735040163,bot13,rtt,145
1785735040166,bot22,rtt,148
1785735040173,bot15,rtt,155
1785735040176,bot24,rtt,245
1785735040182,bot23,rtt,251
1785735040192,bot26,rtt,174
1785735040196,bot27,rtt,265
1785735040201,bot28,rtt,270
1785735040212,bot34,rtt,281
1785735040225,bot29,rtt,294
1785735040231,bot36,rtt,300
1785735040245,bot37,rtt,314
1785735040267,bot21,rtt,249
1785735040291,bot9,rtt,273
1785735040327,bot11,rtt,309
1785735040366,bot19,rtt,348
1785735040402,bot0,rtt,384
1785735040454,bot17,rtt,436
1785735040460,bot2,rtt,442
1785735040538,bot22,respawn
1785735040554,bot25,rtt,102
1785735040592,bot38,rtt,140
1785735040594,bot39,rtt,142
1785735041148,bot24,rtt,101
1785735041151,bot23,rtt,104
1785735041157,bot27,rtt,110
1785735041160,bot28,rtt,113
1785735041172,bot34,rtt,125
1785735041175,bot29,rtt,128
1785735041177,bot36,rtt,130
1785735041182,bot37,rtt,135
1785735041332,bot31,rtt,285
1785735041336,bot30,rtt,289
1785735041380,bot32,rtt,333
1785735041394,bot33,rtt,347
1785735041401,bot4,rtt,64
1785735041404,bot35,rtt,357
1785735041411,bot6,rtt,74
1785735041421,bot8,rtt,84
1785735041426,bot10,rtt,89
1785735041429,bot12,rtt,92
1785735041432,bot14,rtt,95
1785735041436,bot1,rtt,99
1785735041441,bot3,rtt,104
1785735041446,bot16,rtt,109
1785735041448,bot5,rtt,111
1785735041453,bot18,rtt,116
1785735041457,bot7,rtt,120
1785735041462,bot20,rtt,125
1785735041470,bot13,rtt,133
1785735041509,bot22,rtt,172
1785735041524,bot15,rtt,187
1785735041551,bot26,rtt,214
1785735041662,bot21,rtt,325
1785735041691,bot9,rtt,354
1785735041766,bot11,rtt,429
1785735041844,bot19,rtt,507
1785735041917,bot0,rtt,580
1785735041991,bot17,rtt,654
1785735041996,bot2,rtt,659
1785735042214,bot25,rtt,225
1785735042227,bot38,rtt,238
1785735042229,bot39,rtt,240
1785735042518,bot3,rtt,61
1785735042528,bot16,rtt,71
1785735042538,bot5,rtt,81
1785735042551,bot18,rtt,94
1785735042559,bot7,rtt,102
1785735042571,bot20,rtt,114
1785735042580,bot13,rtt,123
1785735042664,bot22,rtt,207
1785735042731,bot15,rtt,274
1785735042742,bot24,rtt,285
1785735042837,bot23,rtt,380
1785735042911,bot26,rtt,454
1785735042919,bot27,rtt,462
1785735042928,bot28,rtt,472
1785735042981,bot34,rtt,525
1785735042988,bot29,rtt,532
1785735042997,bot36,rtt,541
1785735043004,bot37,rtt,548
1785735043029,bot21,rtt,572
1785735043064,bot9,rtt,607
1785735043157,bot11,rtt,700
1785735043245,bot19,rtt,788
1785735043330,bot0,rtt,873
1785735043337,bot31,rtt,880
1785735043345,bot30,rtt,889
1785735043405,bot17,rtt,948
1785735043410,bot2,rtt,953
1785735043416,bot32,rtt,960
1785735043426,bot33,rtt,970
1785735043435,bot4,rtt,978
1785735043439,bot35,rtt,983
1785735043446,bot6,rtt,989
1785735043455,bot8,rtt,998
1785735043463,bot10,rtt,1006
1785735043470,bot12,rtt,1013
1785735043476,bot14,rtt,1019
1785735043483,bot1,rtt,1026
1785735043632,bot25,rtt,231
1785735043647,bot38,rtt,246
1785735043649,bot39,rtt,248
1785735043858,bot22,rtt,59
1785735043862,bot15,rtt,62
1785735043865,bot24,rtt,66
1785735043892,bot23,rtt,93
1785735043895,bot26,rtt,95
1785735043900,bot27,rtt,101
1785735043904,bot28,rtt,105
1785735043915,bot34,rtt,116
1785735043920,bot29,rtt,121
1785735043926,bot36,rtt,127
1785735043931,bot37,rtt,132
1785735043948,bot21,rtt,149
1785735043951,bot9,rtt,151
1785735043971,bot11,rtt,171
1785735043989,bot19,rtt,190
1785735044007,bot0,rtt,207
1785735044012,bot31,rtt,213
1785735044015,bot30,rtt,216
1785735044057,bot17,rtt,257
1785735044061,bot2,rtt,261
1785735044067,bot32,rtt,268
1785735044072,bot33,rtt,273
1785735044077,bot4,rtt,277
1785735044080,bot35,rtt,281
1785735044085,bot6,rtt,285
1785735044090,bot8,rtt,290
1785735044098,bot10,rtt,298
1785735044103,bot12,rtt,303
1785735044106,bot14,rtt,307
1785735044113,bot1,rtt,313
1785735044117,bot3,rtt,317
1785735044121,bot16,rtt,321
1785735044125,bot5,rtt,325
1785735044130,bot18,rtt,330
1785735044133,bot7,rtt,333
1785735044137,bot20,rtt,337
1785735044141,bot13,rtt,341
1785735044554,bot38,rtt,52
1785735044555,bot39,rtt,53
1785735044577,bot25,rtt,75
1785735044910,bot21,rtt,54
1785735044916,bot9,rtt,59
1785735044921,bot11,rtt,64
1785735044934,bot19,rtt,78
1785735044943,bot30,rtt,87
1785735044950,bot0,rtt,93
1785735044952,bot31,rtt,96
1785735044964,bot26,rtt,107
1785735045007,bot17,rtt,150
1785735045010,bot2,rtt,153
1785735045014,bot32,rtt,158
1785735045030,bot33,rtt,174
1785735045037,bot4,rtt,180
1785735045041,bot35,rtt,185
1785735045047,bot6,rtt,190
1785735045054,bot8,rtt,197
1785735045059,bot10,rtt,202
1785735045066,bot12,rtt,209
1785735045086,bot14,rtt,229
1785735045093,bot1,rtt,236
1785735045096,bot3,rtt,239
1785735045101,bot16,rtt,244
1785735045106,bot5,rtt,249
1785735045111,bot18,rtt,254
1785735045115,bot7,rtt,258
1785735045120,bot20,rtt,263
1785735045127,bot13,rtt,270
1785735045130,bot22,rtt,274
1785735045155,bot15,rtt,298
1785735045159,bot24,rtt,303
1785735045165,bot23,rtt,309
1785735045172,bot27,rtt,316
1785735045178,bot28,rtt,322
1785735045182,bot34,rtt,326
1785735045188,bot29,rtt,332
1785735045214,bot36,rtt,358
1785735045220,bot37,rtt,364
1785735045642,bot38,rtt,75
1785735045643,bot39,rtt,76
1785735045660,bot25,rtt,94
1785735045965,bot15,rtt,49
1785735045996,bot23,rtt,80
1785735046002,bot27,rtt,86
1785735046012,bot28,rtt,96
1785735046018,bot34,rtt,102
1785735046022,bot29,rtt,106
1785735046030,bot36,rtt,114
1785735046034,bot37,rtt,118
1785735046120,bot21,rtt,204
1785735046131,bot9,rtt,214
1785735046137,bot11,rtt,221
1785735046143,bot19,rtt,227
1785735046151,bot0,rtt,235
1785735046154,bot30,rtt,238
1785735046163,bot31,rtt,247
1785735046194,bot26,rtt,277
1785735046266,bot17,rtt,349
1785735046279,bot2,rtt,363
1785735046281,bot32,rtt,365
1785735046286,bot33,rtt,370
1785735046295,bot4,rtt,379
1785735046297,bot35,rtt,381
1785735046306,bot6,rtt,390
1785735046312,bot8,rtt,396
1785735046321,bot10,rtt,405
1785735046350,bot12,rtt,434
1785735046358,bot14,rtt,442
1785735046362,bot1,rtt,446
1785735046367,bot3,rtt,451
1785735046374,bot16,rtt,458
1785735046377,bot5,rtt,461
1785735046384,bot18,rtt,467
1785735046387,bot7,rtt,471
1785735046394,bot20,rtt,477
1785735046402,bot13,rtt,485
1785735046414,bot22,rtt,498
1785735046458,bot24,rtt,542
1785735046802,bot38,rtt,91
1785735046803,bot39,rtt,92
1785735046813,bot25,rtt,102
1785735047055,bot23,rtt,44
1785735047062,bot28,rtt,52
1785735047068,bot34,rtt,58
1785735047074,bot29,rtt,64
1785735047079,bot36,rtt,69
1785735047125,bot17,rtt,114
1785735047130,bot2,rtt,119
1785735047136,bot32,rtt,126
1785735047141,bot33,rtt,131
1785735047148,bot4,rtt,137
1785735047155,bot35,rtt,145
1785735047169,bot6,rtt,158
1785735047175,bot8,rtt,164
1785735047181,bot10,rtt,170
1785735047202,bot12,rtt,191
1785735047206,bot14,rtt,195
1785735047213,bot1,rtt,202
1785735047218,bot3,rtt,207
1785735047223,bot16,rtt,212
1785735047230,bot5,rtt,219
1785735047234,bot18,rtt,223
1785735047243,bot7,rtt,232
1785735047248,bot20,rtt,237
1785735047257,bot13,rtt,246
1785735047260,bot22,rtt,249
1785735047296,bot15,rtt,285
1785735047313,bot24,rtt,302
1785735047321,bot27,rtt,310
1785735047333,bot30,rtt,323
1785735047341,bot0,rtt,330
1785735047345,bot31,rtt,334
1785735047354,bot37,rtt,344
1785735047369,bot21,rtt,358
1785735047376,bot9,rtt,365
1785735047380,bot26,rtt,369
1785735047385,bot11,rtt,374
1785735047403,bot19,rtt,392
1785735047836,bot25,rtt,63
1785735047838,bot39,rtt,65
1785735047854,bot38,rtt,81
1785735048151,bot12,rtt,51
1785735048155,bot14,rtt,55
1785735048162,bot1,rtt,62
1785735048169,bot3,rtt,69
1785735048173,bot16,rtt,73
1785735048177,bot5,rtt,77
1785735048185,bot18,rtt,85
1785735048188,bot7,rtt,88
1785735048194,bot20,rtt,94
1785735048200,bot13,rtt,100
1785735048203,bot22,rtt,103
1785735048212,bot15,rtt,112
1785735048224,bot24,rtt,125
1785735048227,bot23,rtt,127
1785735048231,bot27,rtt,131
1785735048235,bot28,rtt,136
1785735048240,bot34,rtt,141
1785735048243,bot29,rtt,144
1785735048248,bot36,rtt,149
1785735048252,bot30,rtt,153
1785735048258,bot0,rtt,158
1785735048261,bot31,rtt,162
1785735048268,bot37,rtt,169
1785735048278,bot21,rtt,178
1785735048283,bot9,rtt,183
1785735048289,bot26,rtt,189
1785735048293,bot11,rtt,193
1785735048297,bot19,rtt,197
1785735048343,bot17,rtt,243
1785735048349,bot2,rtt,249
1785735048351,bot32,rtt,252
1785735048356,bot33,rtt,257
1785735048363,bot4,rtt,263
1785735048365,bot35,rtt,266
1785735048371,bot6,rtt,271
1785735048376,bot8,rtt,276
1785735048378,bot10,rtt,278
1785735048884,bot25,rtt,57
1785735048889,bot39,rtt,62
1785735049006,bot38,rtt,179
1785735049193,bot29,rtt,49
1785735049200,bot16,rtt,55
1785735049202,bot37,rtt,58
1785735049208,bot18,rtt,63
1785735049218,bot20,rtt,73
1785735049222,bot21,rtt,78
1785735049234,bot24,rtt,90
1785735049246,bot9,rtt,101
1785735049251,bot26,rtt,106
1785735049262,bot11,rtt,117
1785735049269,bot28,rtt,125
1785735049276,bot19,rtt,132
1785735049278,bot34,rtt,134
1785735049282,bot36,rtt,138
1785735049295,bot22,rtt,151
1785735049338,bot30,rtt,194
1785735049345,bot32,rtt,201
1785735049352,bot17,rtt,207
1785735049357,bot31,rtt,213
1785735049361,bot33,rtt,217
1785735049366,bot35,rtt,222
1785735049374,bot1,rtt,229
1785735049378,bot3,rtt,234
1785735049382,bot0,rtt,238
1785735049387,bot5,rtt,242
1785735049392,bot2,rtt,248
1785735049421,bot7,rtt,277
1785735049434,bot4,rtt,290
1785735049440,bot13,rtt,295
1785735049445,bot6,rtt,301
1785735049450,bot15,rtt,306
1785735049454,bot8,rtt,310
1785735049458,bot23,rtt,314
1785735049465,bot10,rtt,320
1785735049469,bot27,rtt,325
1785735049476,bot12,rtt,331
1785735049483,bot14,rtt,339
1785735049895,bot25,rtt,49
1785735049897,bot39,rtt,51
1785735049902,bot38,rtt,56
1785735050192,bot1,rtt,46
1785735050194,bot0,rtt,48
1785735050198,bot3,rtt,52
1785735050199,bot2,rtt,53
1785735050205,bot5,rtt,59
1785735050209,bot4,rtt,63
1785735050211,bot7,rtt,65
1785735050215,bot6,rtt,69
1785735050219,bot8,rtt,73
1785735050223,bot17,rtt,77
1785735050227,bot13,rtt,81
1785735050232,bot10,rtt,86
1785735050235,bot15,rtt,89
1785735050240,bot31,rtt,95
1785735050246,bot12,rtt,100
1785735050248,bot23,rtt,103
1785735050255,bot33,rtt,110
1785735050259,bot14,rtt,113
1785735050263,bot27,rtt,118
1785735050273,bot16,rtt,127
1785735050276,bot35,rtt,131
1785735050289,bot18,rtt,143
1785735050294,bot20,rtt,148
1785735050301,bot24,rtt,156
1785735050304,bot29,rtt,159
1785735050311,bot26,rtt,165
1785735050315,bot37,rtt,170
1785735050321,bot28,rtt,176
1785735050329,bot34,rtt,184
1785735050334,bot21,rtt,189
1785735050341,bot9,rtt,195
1785735050342,bot36,rtt,197
1785735050348,bot30,rtt,203
1785735050353,bot11,rtt,207
1785735050356,bot32,rtt,211
1785735050365,bot19,rtt,219
1785735050370,bot22,rtt,225
1785735050899,bot25,rtt,52
1785735050901,bot39,rtt,54
1785735050905,bot38,rtt,58
1785735051190,bot17,rtt,44
1785735051193,bot7,rtt,48
1785735051196,bot31,rtt,51
1785735051203,bot13,rtt,57
1785735051203,bot33,rtt,58
1785735051209,bot15,rtt,64
1785735051212,bot35,rtt,67
1785735051217,bot23,rtt,72
1785735051222,bot30,rtt,77
1785735051226,bot27,rtt,81
1785735051231,bot32,rtt,86
1785735051258,bot1,rtt,112
1785735051262,bot3,rtt,116
1785735051265,bot5,rtt,119
1785735051278,bot0,rtt,133
1785735051280,bot29,rtt,135
1785735051286,bot2,rtt,141
1785735051291,bot4,rtt,146
1785735051294,bot37,rtt,149
1785735051305,bot6,rtt,160
1785735051311,bot21,rtt,166
1785735051317,bot8,rtt,172
1785735051323,bot9,rtt,177
1785735051327,bot10,rtt,181
1785735051334,bot11,rtt,188
1785735051338,bot12,rtt,192
1785735051342,bot19,rtt,197
1785735051347,bot14,rtt,202
1785735051356,bot16,rtt,210
1785735051362,bot18,rtt,216
1785735051368,bot20,rtt,222
1785735051370,bot24,rtt,225
1785735051378,bot26,rtt,232
1785735051381,bot28,rtt,236
1785735051386,bot34,rtt,241
1785735051392,bot36,rtt,247
1785735051404,bot22,rtt,259
1785735052049,bot25,rtt,79
1785735052057,bot39,rtt,86
1785735052070,bot38,rtt,99
1785735052207,bot17,rtt,41
1785735052208,bot31,rtt,43
1785735052210,bot33,rtt,45
1785735052212,bot35,rtt,47
1785735052218,bot3,rtt,52
1785735052223,bot5,rtt,57
1785735052229,bot7,rtt,63
1785735052234,bot13,rtt,68
1785735052238,bot15,rtt,73
1785735052247,bot23,rtt,82
1785735052251,bot27,rtt,86
1785735052296,bot29,rtt,131
1785735052301,bot37,rtt,136
1785735052314,bot21,rtt,149
1785735052320,bot9,rtt,154
1785735052326,bot11,rtt,160
1785735052332,bot19,rtt,167
1785735052338,bot1,rtt,172
1785735052346,bot0,rtt,180
1785735052352,bot2,rtt,187
1785735052356,bot4,rtt,190
1785735052362,bot6,rtt,197
1785735052368,bot8,rtt,202
1785735052380,bot10,rtt,214
1785735052399,bot12,rtt,233
1785735052405,bot14,rtt,240
1785735052409,bot16,rtt,243
1785735052414,bot18,rtt,248
1785735052420,bot20,rtt,254
1785735052428,bot24,rtt,263
1785735052435,bot26,rtt,269
1785735052441,bot28,rtt,276
1785735052449,bot34,rtt,284
1785735052452,bot36,rtt,287
1785735052465,bot22,rtt,300
1785735052469,bot30,rtt,304
1785735052484,bot32,rtt,319
1785735053039,bot25,rtt,48
1785735053044,bot39,rtt,53
1785735053053,bot38,rtt,62
1785735053243,bot11,rtt,49
1785735053245,bot28,rtt,51
1785735053250,bot19,rtt,56
1785735053254,bot34,rtt,60
1785735053257,bot36,rtt,63
1785735053267,bot22,rtt,73
1785735053287,bot5,rtt,93
1785735053288,bot35,rtt,94
1785735053296,bot4,rtt,102
1785735053302,bot7,rtt,108
1785735053305,bot6,rtt,111
1785735053310,bot13,rtt,115
1785735053316,bot8,rtt,122
1785735053320,bot15,rtt,126
1785735053326,bot10,rtt,132
1785735053330,bot23,rtt,136
1785735053338,bot12,rtt,144
1785735053342,bot27,rtt,148
1785735053350,bot14,rtt,156
1785735053360,bot16,rtt,166
1785735053363,bot29,rtt,169
1785735053370,bot18,rtt,175
1785735053373,bot37,rtt,179
1785735053380,bot20,rtt,185
1785735053389,bot21,rtt,195
1785735053392,bot24,rtt,198
1785735053402,bot9,rtt,207
1785735053403,bot26,rtt,208
1785735053413,bot17,rtt,218
1785735053416,bot30,rtt,222
1785735053423,bot0,rtt,229
1785735053427,bot31,rtt,233
1785735053432,bot2,rtt,238
1785735053453,bot32,rtt,259
1785735053458,bot33,rtt,264
1785735053467,bot1,rtt,273
1785735053473,bot3,rtt,279
1785735053829,bot24,respawn
1785735054037,bot25,rtt,46
1785735054039,bot39,rtt,48
1785735054042,bot38,rtt,51
1785735054240,bot7,rtt,45
1785735054242,bot17,rtt,47
1785735054247,bot0,rtt,52
1785735054251,bot13,rtt,56
1785735054254,bot2,rtt,59
1785735054257,bot31,rtt,62
1785735054263,bot4,rtt,68
1785735054265,bot15,rtt,70
1785735054268,bot30,rtt,73
1785735054272,bot33,rtt,77
1785735054278,bot6,rtt,83
1785735054280,bot32,rtt,85
1785735054290,bot35,rtt,95
1785735054296,bot8,rtt,101
1785735054299,bot23,rtt,104
1785735054305,bot10,rtt,110
1785735054306,bot27,rtt,111
1785735054313,bot12,rtt,118
1785735054319,bot14,rtt,124
1785735054324,bot16,rtt,129
1785735054326,bot29,rtt,131
1785735054332,bot18,rtt,137
1785735054336,bot20,rtt,141
1785735054337,bot37,rtt,143
1785735054346,bot26,rtt,151
1785735054354,bot21,rtt,159
1785735054361,bot9,rtt,166
1785735054365,bot11,rtt,170
1785735054370,bot19,rtt,175
1785735054380,bot28,rtt,185
1785735054382,bot34,rtt,187
1785735054389,bot36,rtt,194
1785735054445,bot3,rtt,250
1785735054449,bot1,rtt,254
1785735054458,bot5,rtt,263
1785735054514,bot22,rtt,319
1785735054524,bot24,rtt,329
1785735055050,bot25,rtt,56
1785735055053,bot39,rtt,59
1785735055056,bot38,rtt,62
1785735055247,bot2,rtt,52
1785735055252,bot3,rtt,57
1785735055254,bot31,rtt,59
1785735055257,bot4,rtt,62
1785735055262,bot5,rtt,67
1785735055264,bot33,rtt,69
1785735055268,bot6,rtt,73
1785735055273,bot7,rtt,78
1785735055275,bot8,rtt,80
1785735055278,bot35,rtt,84
1785735055284,bot10,rtt,89
1785735055287,bot13,rtt,91
1785735055290,bot12,rtt,95
1785735055292,bot15,rtt,97
1785735055298,bot14,rtt,103
1785735055300,bot23,rtt,105
1785735055304,bot16,rtt,109
1785735055307,bot27,rtt,112
1785735055311,bot18,rtt,115
1785735055318,bot29,rtt,123
1785735055322,bot20,rtt,126
1785735055323,bot37,rtt,129
1785735055330,bot26,rtt,134
1785735055334,bot28,rtt,139
1785735055341,bot21,rtt,146
1785735055343,bot34,rtt,149
1785735055351,bot9,rtt,155
1785735055352,bot36,rtt,158
1785735055359,bot11,rtt,164
1785735055366,bot19,rtt,171
1785735055372,bot22,rtt,177
1785735055374,bot24,rtt,179
1785735055387,bot30,rtt,192
1785735055391,bot32,rtt,196
1785735055398,bot17,rtt,202
1785735055402,bot1,rtt,207
1785735055406,bot0,rtt,211
1785735056049,bot25,rtt,53
1785735056051,bot39,rtt,55
1785735056055,bot38,rtt,59
1785735056251,bot15,rtt,47
1785735056257,bot1,rtt,53
1785735056259,bot8,rtt,55
1785735056264,bot10,rtt,60
1785735056266,bot23,rtt,62
1785735056272,bot12,rtt,68
1785735056274,bot27,rtt,70
1785735056280,bot14,rtt,76
1785735056291,bot29,rtt,87
1785735056296,bot16,rtt,92
1785735056299,bot18,rtt,95
1785735056302,bot37,rtt,99
1785735056308,bot20,rtt,104
1785735056315,bot26,rtt,111
1785735056320,bot21,rtt,116
1785735056322,bot28,rtt,118
1785735056328,bot9,rtt,124
1785735056329,bot34,rtt,125
1785735056334,bot11,rtt,130
1785735056337,bot36,rtt,133
1785735056343,bot19,rtt,139
1785735056350,bot22,rtt,146
1785735056358,bot24,rtt,154
1785735056371,bot0,rtt,167
1785735056375,bot2,rtt,171
1785735056378,bot17,rtt,174
1785735056385,bot4,rtt,181
1785735056396,bot6,rtt,192
1785735056404,bot3,rtt,200
1785735056408,bot30,rtt,204
1785735056411,bot31,rtt,207
1785735056417,bot5,rtt,213
1785735056418,bot32,rtt,214
1785735056422,bot33,rtt,218
1785735056429,bot7,rtt,225
1785735056430,bot35,rtt,226
1785735056436,bot13,rtt,232
1785735057055,bot25,rtt,60
1785735057057,bot39,rtt,62
1785735057071,bot38,rtt,76
1785735057272,bot27,rtt,54
1785735057278,bot29,rtt,60
1785735057283,bot21,rtt,65
1785735057287,bot30,rtt,69
1785735057291,bot17,rtt,72
1785735057298,bot5,rtt,80
1785735057301,bot4,rtt,83
1785735057305,bot7,rtt,87
1785735057311,bot8,rtt,93
1785735057314,bot23,rtt,96
1785735057326,bot16,rtt,107
1785735057328,bot37,rtt,111
1785735057335,bot18,rtt,116
1785735057344,bot20,rtt,125
1785735057347,bot26,rtt,128
1785735057352,bot28,rtt,134
1785735057357,bot9,rtt,138
1785735057361,bot11,rtt,142
1785735057367,bot19,rtt,149
1785735057372,bot22,rtt,154
1785735057374,bot31,rtt,156
1785735057378,bot32,rtt,160
1785735057383,bot33,rtt,165
1785735057387,bot35,rtt,169
1785735057394,bot1,rtt,176
1785735057402,bot0,rtt,184
1785735057407,bot3,rtt,189
1785735057417,bot2,rtt,199
1785735057434,bot13,rtt,215
1785735057451,bot10,rtt,232
1785735057455,bot12,rtt,236
1785735057459,bot14,rtt,241
1785735057466,bot34,rtt,248
1785735057470,bot36,rtt,252
1785735057483,bot24,rtt,265
1785735057508,bot6,rtt,290
1785735057545,bot15,rtt,327
1785735058074,bot38,rtt,59
1785735058076,bot25,rtt,61
1785735058083,bot39,rtt,68
1785735058267,bot30,rtt,42
1785735058269,bot17,rtt,44
1785735058275,bot3,rtt,50
1785735058277,bot32,rtt,52
1785735058284,bot2,rtt,59
1785735058286,bot31,rtt,61
1785735058291,bot5,rtt,66
1785735058296,bot7,rtt,71
1785735058299,bot33,rtt,74
1785735058306,bot4,rtt,81
1785735058308,bot35,rtt,84
1785735058315,bot6,rtt,90
1785735058319,bot13,rtt,94
1785735058322,bot15,rtt,97
1785735058329,bot8,rtt,104
1785735058331,bot23,rtt,106
1785735058340,bot10,rtt,115
1785735058343,bot27,rtt,118
1785735058351,bot12,rtt,126
1785735058359,bot14,rtt,134
1785735058362,bot29,rtt,137
1785735058370,bot16,rtt,145
1785735058372,bot37,rtt,148
1785735058379,bot18,rtt,154
1785735058387,bot21,rtt,162
1785735058394,bot20,rtt,169
1785735058400,bot26,rtt,175
1785735058403,bot9,rtt,178
1785735058409,bot28,rtt,184
1785735058414,bot11,rtt,189
1785735058421,bot34,rtt,196
1785735058425,bot19,rtt,200
1785735058464,bot36,rtt,240
1785735058469,bot1,rtt,244
1785735058476,bot0,rtt,251
1785735058519,bot22,rtt,294
1785735058529,bot24,rtt,304
1785735059062,bot39,rtt,47
1785735059081,bot25,rtt,66
1785735059084,bot38,rtt,69
1785735059270,bot35,rtt,43
1785735059273,bot15,rtt,46
1785735059277,bot10,rtt,50
1785735059279,bot23,rtt,52
1785735059286,bot12,rtt,59
1785735059288,bot27,rtt,61
1785735059292,bot14,rtt,65
1785735059301,bot16,rtt,74
1785735059304,bot29,rtt,77
1785735059310,bot18,rtt,83
1785735059311,bot37,rtt,85
1785735059318,bot20,rtt,91
1785735059327,bot26,rtt,100
1785735059333,bot21,rtt,106
1785735059337,bot28,rtt,110
1785735059344,bot9,rtt,117
1785735059346,bot34,rtt,119
1785735059353,bot11,rtt,126
1785735059356,bot36,rtt,129
1785735059361,bot19,rtt,134
1785735059396,bot22,rtt,169
1785735059402,bot2,rtt,175
1785735059409,bot30,rtt,182
1785735059414,bot17,rtt,187
1785735059418,bot3,rtt,191
1785735059424,bot4,rtt,197
1785735059429,bot5,rtt,202
1785735059431,bot32,rtt,204
1785735059434,bot31,rtt,207
1785735059440,bot6,rtt,213
1785735059446,bot7,rtt,219
1785735059447,bot33,rtt,220
1785735059453,bot8,rtt,226
1785735059457,bot13,rtt,230
1785735059483,bot24,rtt,256
1785735059508,bot0,rtt,281
1785735059512,bot1,rtt,285
1785735060081,bot38,rtt,57
1785735060113,bot25,rtt,98
1785735060117,bot39,rtt,93
1785735060312,bot6,rtt,51
1785735060318,bot8,rtt,57
1785735060399,bot10,rtt,137
1785735060404,bot12,rtt,142
1785735060408,bot14,rtt,147
1785735060414,bot16,rtt,152
1785735060420,bot18,rtt,158
1785735060425,bot20,rtt,163
1785735060429,bot26,rtt,167
1785735060433,bot28,rtt,173
1785735060437,bot34,rtt,178
1785735060442,bot36,rtt,183
1785735060457,bot22,rtt,197
1785735060471,bot24,rtt,211
1785735060498,bot1,rtt,236
1785735060502,bot3,rtt,240
1785735060508,bot17,rtt,246
1785735060515,bot5,rtt,253
1785735060519,bot30,rtt,259
1785735060528,bot29,rtt,268
1785735060535,bot37,rtt,276
1785735060553,bot21,rtt,292
1785735060608,bot9,rtt,346
1785735060615,bot11,rtt,353
1785735060620,bot19,rtt,359
1785735060627,bot0,rtt,366
1785735060631,bot2,rtt,370
1785735060663,bot4,rtt,402
1785735060712,bot31,rtt,452
1785735060717,bot32,rtt,457
1785735060723,bot33,rtt,463
1785735060734,bot7,rtt,472
1785735060741,bot13,rtt,479
1785735060744,bot35,rtt,485
1785735060751,bot15,rtt,490
1785735060756,bot23,rtt,496
1785735060762,bot27,rtt,502
1785735061080,bot25,rtt,50
1785735061085,bot39,rtt,55
1785735061088,bot38,rtt,58
1785735061311,bot7,rtt,48
1785735061315,bot13,rtt,52
1785735061319,bot15,rtt,57
1785735061322,bot23,rtt,61
1785735061326,bot27,rtt,65
1785735061334,bot29,rtt,73
1785735061342,bot37,rtt,82
1785735061352,bot21,rtt,91
1785735061358,bot9,rtt,95
1785735061362,bot11,rtt,99
1785735061365,bot19,rtt,104
1785735061370,bot0,rtt,107
1785735061373,bot2,rtt,110
1785735061380,bot4,rtt,117
1785735061384,bot6,rtt,121
1785735061388,bot8,rtt,125
1785735061394,bot10,rtt,131
1785735061397,bot12,rtt,134
1785735061401,bot14,rtt,140
1785735061406,bot16,rtt,143
1785735061412,bot18,rtt,149
1785735061416,bot20,rtt,153
1785735061421,bot26,rtt,158
1785735061423,bot28,rtt,162
1785735061429,bot34,rtt,168
1785735061432,bot36,rtt,171
1785735061441,bot22,rtt,180
1785735061446,bot24,rtt,185
1785735061454,bot17,rtt,191
1785735061457,bot31,rtt,196
1785735061463,bot33,rtt,202
1785735061467,bot35,rtt,206
1785735061471,bot30,rtt,210
1785735061475,bot32,rtt,214
1785735061515,bot1,rtt,252
1785735061519,bot3,rtt,256
1785735061522,bot5,rtt,259
1785735062087,bot25,rtt,51
1785735062090,bot39,rtt,54
1785735062110,bot38,rtt,74
1785735062310,bot30,rtt,47
1785735062316,bot1,rtt,51
1785735062317,bot31,rtt,54
1785735062323,bot2,rtt,60
1785735062327,bot33,rtt,66
1785735062335,bot3,rtt,70
1785735062337,bot32,rtt,76
1785735062345,bot4,rtt,82
1785735062348,bot35,rtt,88
1785735062360,bot6,rtt,97
1785735062366,bot5,rtt,101
1785735062369,bot7,rtt,106
1785735062372,bot8,rtt,109
1785735062377,bot13,rtt,112
1785735062385,bot10,rtt,120
1785735062390,bot15,rtt,127
1785735062397,bot12,rtt,132
1785735062400,bot23,rtt,137
1785735062406,bot14,rtt,143
1785735062409,bot27,rtt,146
1785735062417,bot16,rtt,152
1785735062426,bot18,rtt,161
1785735062429,bot29,rtt,166
1785735062435,bot20,rtt,170
1785735062437,bot37,rtt,177
1785735062445,bot26,rtt,180
1785735062451,bot28,rtt,190
1785735062457,bot21,rtt,194
1785735062465,bot34,rtt,205
1785735062472,bot9,rtt,207
1785735062476,bot36,rtt,216
1785735062487,bot11,rtt,222
1785735062490,bot22,rtt,226
1785735062494,bot19,rtt,231
1785735062498,bot24,rtt,235
1785735062503,bot0,rtt,240
1785735062508,bot17,rtt,243
1785735063092,bot38,rtt,55
1785735063103,bot25,rtt,66
1785735063106,bot39,rtt,69
1785735063310,bot31,rtt,43
1785735063313,bot7,rtt,46
1785735063315,bot33,rtt,54
1785735063321,bot13,rtt,54
1785735063322,bot35,rtt,61
1785735063328,bot15,rtt,61
1785735063333,bot2,rtt,66
1785735063338,bot4,rtt,71
1785735063342,bot6,rtt,75
1785735063345,bot23,rtt,78
1785735063349,bot8,rtt,82
1785735063354,bot27,rtt,87
1785735063358,bot10,rtt,91
1785735063366,bot12,rtt,99
1785735063369,bot14,rtt,102
1785735063381,bot16,rtt,114
1785735063383,bot30,rtt,116
1785735063388,bot18,rtt,121
1785735063390,bot32,rtt,129
1785735063397,bot20,rtt,130
1785735063399,bot29,rtt,132
1785735063406,bot26,rtt,139
1785735063409,bot37,rtt,148
1785735063419,bot21,rtt,152
1785735063424,bot9,rtt,157
1785735063428,bot11,rtt,161
1785735063434,bot19,rtt,167
1785735063436,bot28,rtt,175
1785735063441,bot34,rtt,180
1785735063448,bot36,rtt,187
1785735063485,bot1,rtt,218
1785735063488,bot17,rtt,221
1785735063492,bot0,rtt,225
1785735063495,bot3,rtt,228
1785735063502,bot5,rtt,235
1785735063581,bot22,rtt,314
1785735063590,bot24,rtt,323
1785735064087,bot25,rtt,50
1785735064092,bot39,rtt,55
1785735064101,bot38,rtt,63
1785735064308,bot32,rtt,46
1785735064318,bot33,rtt,56
1785735064320,bot35,rtt,58
1785735064327,bot7,rtt,48
1785735064329,bot14,rtt,51
1785735064334,bot16,rtt,55
1785735064339,bot13,rtt,60
1785735064341,bot15,rtt,63
1785735064347,bot18,rtt,68
1785735064351,bot20,rtt,72
1785735064354,bot23,rtt,76
1785735064358,bot27,rtt,80
1785735064364,bot26,rtt,85
1785735064372,bot28,rtt,110
1785735064377,bot29,rtt,99
1785735064380,bot34,rtt,118
1785735064385,bot36,rtt,123
1785735064388,bot37,rtt,126
1785735064401,bot21,rtt,123
1785735064408,bot9,rtt,129
1785735064415,bot11,rtt,136
1785735064423,bot22,rtt,145
1785735064430,bot24,rtt,152
1785735064436,bot19,rtt,158
1785735064472,bot0,rtt,193
1785735064476,bot6,rtt,197
1785735064480,bot17,rtt,201
1785735064487,bot1,rtt,208
1785735064490,bot8,rtt,211
1785735064495,bot3,rtt,216
1785735064499,bot10,rtt,220
1785735064501,bot31,rtt,223
1785735064506,bot12,rtt,227
1785735064510,bot5,rtt,231
1785735064553,bot30,rtt,275
1785735064557,bot2,rtt,279
1785735064562,bot4,rtt,283
1785735065090,bot25,rtt,50
1785735065093,bot39,rtt,53
1785735065095,bot38,rtt,55
1785735065309,bot32,rtt,47
1785735065315,bot33,rtt,53
1785735065316,bot35,rtt,54
1785735065329,bot12,rtt,49
1785735065333,bot23,rtt,53
1785735065336,bot27,rtt,56
1785735065346,bot14,rtt,66
1785735065352,bot16,rtt,72
1785735065354,bot29,rtt,74
1785735065357,bot37,rtt,95
1785735065369,bot18,rtt,89
1785735065373,bot21,rtt,93
1785735065378,bot20,rtt,98
1785735065382,bot9,rtt,102
1785735065389,bot26,rtt,109
1785735065392,bot11,rtt,112
1785735065396,bot19,rtt,116
1785735065399,bot28,rtt,137
1785735065403,bot34,rtt,141
1785735065407,bot36,rtt,145
1785735065415,bot22,rtt,135
1785735065419,bot24,rtt,139
1785735065463,bot30,rtt,183
1785735065470,bot17,rtt,190
1785735065474,bot1,rtt,194
1785735065479,bot0,rtt,199
1785735065483,bot3,rtt,203
1785735065491,bot31,rtt,211
1785735065496,bot2,rtt,216
1785735065501,bot5,rtt,221
1785735065505,bot4,rtt,225
1785735065509,bot7,rtt,229
1785735065522,bot15,rtt,242
1785735065527,bot6,rtt,247
1785735065531,bot13,rtt,251
1785735065534,bot8,rtt,254
1785735065539,bot10,rtt,259
1785735066096,bot25,rtt,53
1785735066097,bot39,rtt,54
1785735066101,bot38,rtt,58
1785735066327,bot30,rtt,44
1785735066333,bot33,rtt,63
1785735066339,bot13,rtt,56
1785735066344,bot8,rtt,61
1785735066345,bot35,rtt,76
1785735066349,bot32,rtt,80
1785735066354,bot15,rtt,71
1785735066360,bot10,rtt,77
1785735066364,bot12,rtt,81
1785735066366,bot23,rtt,83
1785735066371,bot14,rtt,88
1785735066374,bot27,rtt,91
1785735066380,bot16,rtt,97
1785735066388,bot18,rtt,105
1785735066390,bot29,rtt,110
1785735066396,bot20,rtt,113
1785735066398,bot37,rtt,129
1785735066405,bot26,rtt,122
1785735066411,bot21,rtt,128
1785735066415,bot28,rtt,145
1785735066425,bot9,rtt,142
1785735066426,bot34,rtt,157
1785735066435,bot11,rtt,152
1785735066439,bot36,rtt,170
1785735066444,bot19,rtt,161
1785735066454,bot22,rtt,171
1785735066458,bot24,rtt,175
1785735066496,bot0,rtt,213
1785735066501,bot1,rtt,218
1785735066505,bot17,rtt,222
1785735066508,bot3,rtt,225
1785735066511,bot2,rtt,228
1785735066515,bot5,rtt,232
1785735066518,bot4,rtt,235
1785735066521,bot31,rtt,238
1785735066525,bot7,rtt,242
1785735066528,bot6,rtt,245
1785735067096,bot25,rtt,52
1785735067098,bot38,rtt,54
1785735067099,bot39,rtt,55
1785735067317,bot32,rtt,48
1785735067318,bot33,rtt,49
1785735067319,bot35,rtt,50
1785735067336,bot27,rtt,42
1785735067339,bot4,rtt,45
1785735067347,bot6,rtt,53
1785735067350,bot29,rtt,56
1785735067356,bot8,rtt,62
1785735067359,bot37,rtt,90
1785735067366,bot10,rtt,72
1785735067374,bot12,rtt,80
1785735067378,bot21,rtt,84
1785735067385,bot14,rtt,91
1785735067392,bot9,rtt,98
1785735067398,bot11,rtt,104
1785735067402,bot16,rtt,108
1785735067407,bot19,rtt,113
1785735067412,bot18,rtt,118
1785735067417,bot20,rtt,123
1785735067422,bot26,rtt,127
1785735067424,bot28,rtt,155
1785735067429,bot34,rtt,160
1785735067434,bot36,rtt,165
1785735067448,bot22,rtt,154
1785735067452,bot24,rtt,158
1785735067491,bot17,rtt,197
1785735067493,bot31,rtt,199
1785735067499,bot5,rtt,205
1785735067504,bot7,rtt,210
1785735067508,bot13,rtt,213
1785735067510,bot15,rtt,216
1785735067515,bot0,rtt,221
1785735067520,bot23,rtt,226
1785735067525,bot2,rtt,231
1785735067556,bot1,rtt,262
1785735067561,bot3,rtt,267
1785735067577,bot30,rtt,283
1785735067917,bot7,respawn
1785735068091,bot25,rtt,47
1785735068093,bot39,rtt,49
1785735068097,bot38,rtt,53
1785735068319,bot35,rtt,44
1785735068331,bot37,rtt,56
1785735068337,bot21,rtt,43
1785735068344,bot9,rtt,49
1785735068349,bot26,rtt,53
1785735068353,bot11,rtt,58
1785735068355,bot28,rtt,80
1785735068360,bot19,rtt,66
1785735068366,bot34,rtt,91
1785735068374,bot7,rtt,80
1785735068376,bot36,rtt,101
1785735068386,bot22,rtt,92
1785735068389,bot24,rtt,95
1785735068414,bot17,rtt,119
1785735068417,bot32,rtt,142
1785735068423,bot3,rtt,129
1785735068426,bot2,rtt,132
1785735068429,bot31,rtt,135
1785735068434,bot33,rtt,159
1785735068441,bot4,rtt,147
1785735068445,bot5,rtt,150
1785735068453,bot13,rtt,157
1785735068456,bot6,rtt,162
1785735068458,bot15,rtt,164
1785735068464,bot8,rtt,170
1785735068466,bot23,rtt,172
1785735068470,bot27,rtt,176
1785735068475,bot10,rtt,180
1785735068485,bot12,rtt,190
1785735068487,bot29,rtt,194
1785735068492,bot14,rtt,198
1785735068503,bot16,rtt,208
1785735068512,bot18,rtt,217
1785735068518,bot20,rtt,223
1785735068529,bot1,rtt,234
1785735068533,bot30,rtt,239
1785735068540,bot0,rtt,246
1785735069089,bot38,rtt,42
1785735069098,bot25,rtt,52
1785735069100,bot39,rtt,54
1785735069328,bot36,rtt,42
1785735069338,bot30,rtt,44
1785735069343,bot17,rtt,48
1785735069348,bot0,rtt,53
1785735069353,bot2,rtt,58
1785735069355,bot32,rtt,69
1785735069362,bot31,rtt,68
1785735069366,bot3,rtt,71
1785735069371,bot4,rtt,76
1785735069373,bot33,rtt,87
1785735069379,bot5,rtt,84
1785735069384,bot6,rtt,89
1785735069385,bot35,rtt,99
1785735069393,bot13,rtt,97
1785735069397,bot8,rtt,102
1785735069400,bot15,rtt,105
1785735069405,bot10,rtt,110
1785735069407,bot23,rtt,112
1785735069413,bot12,rtt,118
1785735069415,bot27,rtt,120
1785735069421,bot14,rtt,126
1785735069427,bot29,rtt,134
1785735069432,bot16,rtt,137
1785735069434,bot37,rtt,148
1785735069440,bot18,rtt,144
1785735069450,bot20,rtt,155
1785735069460,bot21,rtt,165
1785735069468,bot26,rtt,172
1785735069472,bot9,rtt,177
1785735069474,bot28,rtt,188
1785735069481,bot11,rtt,186
1785735069483,bot34,rtt,197
1785735069489,bot19,rtt,194
1785735069498,bot22,rtt,203
1785735069505,bot24,rtt,210
1785735069543,bot7,rtt,248
1785735069560,bot1,rtt,265
1785735070113,bot25,rtt,52
1785735070115,bot38,rtt,54
1785735070115,bot39,rtt,54
1785735070340,bot36,rtt,46
1785735070345,bot22,rtt,46
1785735070348,bot24,rtt,49
1785735070361,bot28,rtt,67
1785735070367,bot19,rtt,68
1785735070370,bot34,rtt,76
1785735070376,bot7,rtt,77
1785735070397,bot17,rtt,98
1785735070402,bot0,rtt,103
1785735070405,bot1,rtt,106
1785735070409,bot2,rtt,110
1785735070413,bot3,rtt,114
1785735070418,bot4,rtt,119
1785735070420,bot31,rtt,121
1785735070425,bot6,rtt,126
1785735070429,bot5,rtt,130
1785735070434,bot8,rtt,135
1785735070438,bot10,rtt,139
1785735070439,bot33,rtt,145
1785735070446,bot12,rtt,147
1785735070450,bot13,rtt,150
1785735070451,bot35,rtt,157
1785735070456,bot14,rtt,157
1785735070461,bot15,rtt,162
1785735070467,bot30,rtt,168
1785735070473,bot16,rtt,174
1785735070475,bot32,rtt,181
1785735070481,bot23,rtt,182
1785735070484,bot27,rtt,185
1785735070491,bot18,rtt,191
1785735070495,bot20,rtt,196
1785735070504,bot26,rtt,204
1785735070506,bot29,rtt,207
1785735070510,bot37,rtt,216
1785735070520,bot21,rtt,221
1785735070524,bot9,rtt,225
1785735070530,bot11,rtt,231
1785735071149,bot38,rtt,45
1785735071164,bot25,rtt,60
1785735071168,bot39,rtt,64
1785735071351,bot11,rtt,51
1785735071354,bot28,rtt,60
1785735071360,bot19,rtt,60
1785735071365,bot34,rtt,71
1785735071385,bot7,rtt,85
1785735071402,bot36,rtt,108
1785735071415,bot22,rtt,115
1785735071420,bot24,rtt,120
1785735071494,bot5,rtt,194
1785735071498,bot33,rtt,204
1785735071511,bot4,rtt,211
1785735071527,bot13,rtt,227
1785735071535,bot6,rtt,235
1785735071541,bot35,rtt,247
1785735071552,bot15,rtt,252
1785735071561,bot23,rtt,261
1785735071572,bot8,rtt,272
1785735071576,bot27,rtt,276
1785735071588,bot10,rtt,288
1785735071609,bot12,rtt,309
1785735071613,bot29,rtt,313
1785735071624,bot14,rtt,324
1785735071629,bot37,rtt,335
1785735071638,bot16,rtt,338
1785735071648,bot18,rtt,348
1785735071652,bot21,rtt,352
1785735071658,bot20,rtt,358
1785735071686,bot9,rtt,386
1785735071691,bot26,rtt,391
1785735071746,bot30,rtt,446
1785735071751,bot32,rtt,457
1785735071759,bot0,rtt,459
1785735071762,bot1,rtt,462
1785735071766,bot2,rtt,466
1785735071771,bot3,rtt,471
1785735071776,bot17,rtt,476
1785735071780,bot31,rtt,480
1785735072146,bot39,rtt,43
1785735072149,bot38,rtt,43
1785735072162,bot25,rtt,59
1785735072346,bot34,rtt,43
1785735072347,bot36,rtt,44
1785735072359,bot19,rtt,55
1785735072368,bot7,rtt,64
1785735072371,bot22,rtt,67
1785735072377,bot24,rtt,74
1785735072408,bot1,rtt,104
1785735072411,bot0,rtt,107
1785735072415,bot17,rtt,111
1785735072420,bot2,rtt,116
1785735072428,bot3,rtt,124
1785735072432,bot31,rtt,129
1785735072436,bot30,rtt,133
1785735072442,bot4,rtt,138
1785735072447,bot5,rtt,143
1785735072451,bot33,rtt,148
1785735072455,bot32,rtt,152
1785735072461,bot6,rtt,157
1785735072467,bot13,rtt,163
1785735072468,bot35,rtt,165
1785735072475,bot8,rtt,171
1785735072480,bot15,rtt,176
1785735072489,bot10,rtt,185
1785735072491,bot23,rtt,187
1785735072498,bot12,rtt,194
1785735072504,bot27,rtt,200
1785735072512,bot14,rtt,208
1785735072521,bot16,rtt,217
1785735072523,bot29,rtt,220
1785735072530,bot18,rtt,226
1785735072532,bot37,rtt,229
1785735072539,bot20,rtt,235
1785735072549,bot26,rtt,245
1785735072552,bot21,rtt,248
1785735072559,bot28,rtt,256
1785735072581,bot9,rtt,277
1785735072596,bot11,rtt,292
1785735073155,bot25,rtt,51
1785735073158,bot39,rtt,54
1785735073163,bot38,rtt,55
1785735073348,bot17,rtt,43
1785735073350,bot30,rtt,45
1785735073354,bot32,rtt,49
1785735073358,bot31,rtt,53
1785735073362,bot33,rtt,57
1785735073365,bot35,rtt,60
1785735073371,bot3,rtt,66
1785735073375,bot5,rtt,70
1785735073380,bot13,rtt,75
1785735073383,bot15,rtt,78
1785735073389,bot0,rtt,84
1785735073392,bot2,rtt,87
1785735073395,bot23,rtt,90
1785735073401,bot4,rtt,96
1785735073403,bot27,rtt,98
1785735073412,bot6,rtt,107
1785735073415,bot8,rtt,110
1785735073423,bot10,rtt,118
1785735073426,bot12,rtt,121
1785735073430,bot14,rtt,125
1785735073431,bot29,rtt,126
1785735073438,bot16,rtt,133
1785735073440,bot37,rtt,135
1785735073448,bot21,rtt,143
1785735073453,bot9,rtt,148
1785735073485,bot11,rtt,180
1785735073490,bot1,rtt,185
1785735073511,bot19,rtt,206
1785735073518,bot18,rtt,213
1785735073523,bot20,rtt,218
1785735073526,bot7,rtt,221
1785735073551,bot26,rtt,246
1785735073555,bot28,rtt,250
1785735073559,bot34,rtt,254
1785735073563,bot36,rtt,258
1785735073575,bot22,rtt,270
1785735073579,bot24,rtt,274
1785735074152,bot25,rtt,48
1785735074155,bot39,rtt,51
1785735074157,bot38,rtt,47
1785735074348,bot31,rtt,43
1785735074351,bot33,rtt,46
1785735074355,bot35,rtt,50
1785735074358,bot30,rtt,53
1785735074362,bot32,rtt,57
1785735074367,bot1,rtt,62
1785735074372,bot3,rtt,67
1785735074376,bot0,rtt,71
1785735074380,bot5,rtt,75
1785735074383,bot2,rtt,78
1785735074388,bot13,rtt,82
1785735074390,bot4,rtt,85
1785735074395,bot15,rtt,90
1785735074398,bot6,rtt,93
1785735074402,bot23,rtt,97
1785735074408,bot8,rtt,103
1785735074409,bot27,rtt,104
1785735074439,bot10,rtt,133
1785735074445,bot17,rtt,139
1785735074456,bot12,rtt,151
1785735074459,bot14,rtt,154
1785735074464,bot16,rtt,159
1785735074468,bot29,rtt,163
1785735074474,bot18,rtt,168
1785735074478,bot20,rtt,172
1785735074482,bot26,rtt,176
1785735074484,bot37,rtt,179
1785735074497,bot28,rtt,192
1785735074504,bot21,rtt,199
1785735074509,bot9,rtt,203
1785735074512,bot11,rtt,206
1785735074515,bot34,rtt,210
1785735074522,bot19,rtt,217
1785735074524,bot36,rtt,219
1785735074530,bot7,rtt,225
1785735074561,bot22,rtt,256
1785735074565,bot24,rtt,260
1785735075154,bot25,rtt,50
1785735075156,bot39,rtt,52
1785735075159,bot38,rtt,49
1785735075349,bot30,rtt,43
1785735075356,bot0,rtt,50
1785735075357,bot4,rtt,51
1785735075361,bot36,rtt,56
1785735075370,bot31,rtt,64
1785735075374,bot3,rtt,68
1785735075376,bot32,rtt,70
1785735075380,bot22,rtt,74
1785735075383,bot24,rtt,77
1785735075392,bot13,rtt,86
1785735075395,bot33,rtt,89
1785735075398,bot35,rtt,93
1785735075404,bot15,rtt,98
1785735075409,bot23,rtt,103
1785735075414,bot27,rtt,108
1785735075416,bot29,rtt,110
1785735075419,bot37,rtt,114
1785735075429,bot21,rtt,123
1785735075435,bot9,rtt,129
1785735075439,bot11,rtt,133
1785735075442,bot19,rtt,136
1785735075447,bot7,rtt,141
1785735075452,bot1,rtt,146
1785735075456,bot5,rtt,150
1785735075462,bot17,rtt,156
1785735075469,bot2,rtt,163
1785735075472,bot6,rtt,166
1785735075476,bot8,rtt,170
1785735075481,bot10,rtt,175
1785735075485,bot12,rtt,179
1785735075487,bot14,rtt,181
1785735075492,bot16,rtt,186
1785735075497,bot18,rtt,191
1785735075513,bot20,rtt,207
1785735075518,bot26,rtt,212
1785735075521,bot28,rtt,215
1785735075525,bot34,rtt,219
1785735076162,bot25,rtt,55
1785735076163,bot38,rtt,51
1785735076166,bot39,rtt,59
1785735076354,bot2,rtt,45
1785735076358,bot4,rtt,49
1785735076363,bot5,rtt,54
1785735076366,bot6,rtt,57
1785735076371,bot13,rtt,62
1785735076374,bot8,rtt,65
1785735076377,bot15,rtt,68
1785735076381,bot10,rtt,72
1785735076385,bot12,rtt,76
1785735076388,bot17,rtt,79
1785735076392,bot14,rtt,83
1785735076398,bot16,rtt,89
1785735076400,bot31,rtt,94
1785735076405,bot23,rtt,96
1785735076410,bot33,rtt,104
1785735076414,bot35,rtt,108
1785735076421,bot18,rtt,112
1785735076423,bot27,rtt,117
1785735076430,bot20,rtt,121
1785735076438,bot30,rtt,132
1785735076442,bot32,rtt,136
1785735076450,bot26,rtt,141
1785735076451,bot29,rtt,145
1785735076455,bot28,rtt,149
1785735076459,bot37,rtt,153
1785735076467,bot34,rtt,161
1785735076471,bot36,rtt,165
1785735076477,bot21,rtt,168
1785735076485,bot9,rtt,176
1785735076489,bot11,rtt,180
1785735076492,bot19,rtt,183
1785735076499,bot22,rtt,190
1785735076502,bot7,rtt,193
1785735076507,bot24,rtt,201
1785735076547,bot0,rtt,238
1785735076550,bot1,rtt,241
1785735076555,bot3,rtt,246
1785735077156,bot25,rtt,49
1785735077158,bot39,rtt,51
1785735077161,bot38,rtt,50
1785735077355,bot5,rtt,45
1785735077359,bot17,rtt,49
1785735077362,bot2,rtt,52
1785735077367,bot13,rtt,57
1785735077368,bot30,rtt,61
1785735077372,bot31,rtt,65
1785735077377,bot4,rtt,67
1785735077380,bot15,rtt,70
1785735077383,bot33,rtt,77
1785735077388,bot6,rtt,78
1785735077390,bot32,rtt,84
1785735077395,bot23,rtt,85
1785735077398,bot35,rtt,92
1785735077403,bot8,rtt,93
1785735077407,bot27,rtt,100
1785735077414,bot10,rtt,104
1785735077422,bot12,rtt,112
1785735077426,bot14,rtt,116
1785735077429,bot16,rtt,119
1785735077432,bot29,rtt,125
1785735077441,bot18,rtt,131
1785735077445,bot20,rtt,135
1785735077450,bot26,rtt,139
1785735077451,bot37,rtt,145
1785735077460,bot28,rtt,154
1785735077466,bot21,rtt,156
1785735077471,bot9,rtt,161
1785735077472,bot34,rtt,166
1785735077480,bot11,rtt,170
1785735077481,bot36,rtt,175
1785735077487,bot19,rtt,177
1785735077492,bot7,rtt,182
1785735077501,bot22,rtt,191
1785735077507,bot24,rtt,200
1785735077548,bot1,rtt,238
1785735077550,bot3,rtt,240
1785735077568,bot0,rtt,258
1785735078158,bot25,rtt,50
1785735078160,bot39,rtt,52
1785735078165,bot38,rtt,53
1785735078353,bot32,rtt,46
1785735078356,bot33,rtt,49
1785735078361,bot2,rtt,50
1785735078365,bot13,rtt,54
1785735078368,bot35,rtt,61
1785735078373,bot15,rtt,63
1785735078378,bot1,rtt,67
1785735078380,bot31,rtt,73
1785735078384,bot23,rtt,74
1785735078388,bot19,rtt,78
1785735078393,bot17,rtt,82
1785735078395,bot30,rtt,88
1785735078400,bot3,rtt,89
1785735078404,bot5,rtt,93
1785735078406,bot27,rtt,99
1785735078415,bot29,rtt,108
1785735078419,bot37,rtt,112
1785735078430,bot4,rtt,119
1785735078434,bot21,rtt,124
1785735078438,bot6,rtt,127
1785735078446,bot9,rtt,135
1785735078452,bot11,rtt,141
1785735078455,bot8,rtt,144
1785735078460,bot10,rtt,149
1785735078464,bot12,rtt,153
1785735078467,bot14,rtt,157
1785735078474,bot7,rtt,163
1785735078477,bot16,rtt,166
1785735078482,bot18,rtt,171
1785735078486,bot20,rtt,175
1785735078490,bot26,rtt,179
1785735078491,bot28,rtt,184
1785735078496,bot34,rtt,189
1785735078500,bot36,rtt,193
1785735078513,bot22,rtt,203
1785735078516,bot24,rtt,209
1785735078558,bot0,rtt,247
1785735079157,bot25,rtt,48
1785735079159,bot39,rtt,50
1785735079163,bot38,rtt,47
1785735079351,bot30,rtt,44
1785735079355,bot32,rtt,48
1785735079361,bot31,rtt,54
1785735079364,bot33,rtt,57
1785735079368,bot35,rtt,61
1785735079375,bot13,rtt,58
1785735079378,bot15,rtt,67
1785735079382,bot0,rtt,71
1785735079385,bot23,rtt,74
1785735079390,bot2,rtt,79
1785735079394,bot4,rtt,83
1785735079398,bot27,rtt,91
1785735079402,bot6,rtt,91
1785735079410,bot8,rtt,99
1785735079419,bot10,rtt,103
1785735079420,bot29,rtt,113
1785735079428,bot12,rtt,112
1785735079432,bot14,rtt,121
1785735079435,bot37,rtt,128
1785735079442,bot16,rtt,126
1785735079448,bot18,rtt,131
1785735079456,bot21,rtt,145
1785735079462,bot20,rtt,146
1785735079466,bot9,rtt,150
1785735079471,bot11,rtt,155
1785735079475,bot26,rtt,158
1785735079479,bot19,rtt,168
1785735079482,bot28,rtt,175
1785735079488,bot7,rtt,177
1785735079493,bot34,rtt,186
1785735079497,bot36,rtt,190
1785735079508,bot22,rtt,197
1785735079511,bot24,rtt,204
1785735079553,bot1,rtt,237
1785735079557,bot3,rtt,246
1785735079564,bot5,rtt,253
1785735079586,bot17,rtt,270
1785735080157,bot25,rtt,47
1785735080158,bot39,rtt,48
1785735080192,bot38,rtt,65
1785735080354,bot31,rtt,45
1785735080358,bot5,rtt,47
1785735080369,bot1,rtt,48
1785735080373,bot17,rtt,52
1785735080375,bot3,rtt,64
1785735080380,bot33,rtt,71
1785735080384,bot35,rtt,75
1785735080389,bot0,rtt,78
1785735080395,bot13,rtt,74
1785735080396,bot30,rtt,87
1785735080401,bot15,rtt,90
1785735080406,bot2,rtt,95
1785735080408,bot32,rtt,99
1785735080412,bot23,rtt,102
1785735080417,bot4,rtt,106
1785735080420,bot27,rtt,111
1785735080432,bot6,rtt,121
1785735080436,bot29,rtt,127
1785735080442,bot8,rtt,131
1785735080444,bot37,rtt,135
1785735080451,bot10,rtt,130
1785735080458,bot21,rtt,147
1785735080465,bot12,rtt,144
1785735080469,bot9,rtt,148
1785735080473,bot11,rtt,152
1785735080476,bot14,rtt,165
1785735080480,bot19,rtt,169
1785735080487,bot16,rtt,166
1785735080490,bot7,rtt,179
1785735080496,bot18,rtt,175
1785735080502,bot20,rtt,181
1785735080507,bot26,rtt,186
1785735080508,bot28,rtt,199
1785735080512,bot34,rtt,203
1785735080516,bot36,rtt,207
1785735080526,bot22,rtt,215
1785735080529,bot24,rtt,220
1785735081159,bot25,rtt,49
1785735081161,bot39,rtt,51
1785735081176,bot38,rtt,44
1785735081352,bot37,rtt,43
1785735081355,bot32,rtt,45
1785735081361,bot21,rtt,50
1785735081364,bot4,rtt,53
1785735081370,bot6,rtt,59
1785735081375,bot11,rtt,46
1785735081378,bot19,rtt,67
1785735081382,bot8,rtt,71
1785735081386,bot7,rtt,75
1785735081391,bot10,rtt,62
1785735081395,bot12,rtt,66
1785735081398,bot14,rtt,87
1785735081403,bot16,rtt,74
1785735081408,bot18,rtt,79
1785735081411,bot20,rtt,82
1785735081415,bot26,rtt,86
1785735081417,bot28,rtt,107
1785735081420,bot34,rtt,110
1785735081424,bot36,rtt,114
1785735081432,bot22,rtt,121
1785735081439,bot24,rtt,129
1785735081444,bot30,rtt,134
1785735081450,bot1,rtt,121
1785735081454,bot0,rtt,143
1785735081458,bot3,rtt,147
1785735081463,bot5,rtt,152
1785735081468,bot13,rtt,139
1785735081471,bot15,rtt,160
1785735081476,bot23,rtt,165
1785735081479,bot27,rtt,169
1785735081486,bot17,rtt,157
1785735081492,bot31,rtt,182
1785735081504,bot29,rtt,194
1785735081508,bot33,rtt,198
1785735081513,bot35,rtt,203
1785735081553,bot2,rtt,242
1785735081572,bot9,rtt,243
1785735082158,bot25,rtt,46
1785735082161,bot39,rtt,48
1785735082195,bot38,rtt,59
1785735082356,bot30,rtt,46
1785735082361,bot4,rtt,49
1785735082364,bot3,rtt,52
1785735082366,bot31,rtt,56
1785735082368,bot32,rtt,59
1785735082383,bot0,rtt,71
1785735082386,bot2,rtt,74
1785735082390,bot17,rtt,60
1785735082392,bot1,rtt,62
1785735082402,bot33,rtt,92
1785735082407,bot6,rtt,95
1785735082409,bot35,rtt,100
1785735082416,bot8,rtt,104
1785735082420,bot5,rtt,108
1785735082425,bot10,rtt,95
1785735082429,bot13,rtt,99
1785735082433,bot12,rtt,103
1785735082436,bot15,rtt,124
1785735082440,bot14,rtt,128
1785735082445,bot23,rtt,133
1785735082449,bot27,rtt,139
1785735082460,bot16,rtt,130
1785735082463,bot29,rtt,153
1785735082469,bot37,rtt,160
1785735082482,bot18,rtt,152
1785735082499,bot20,rtt,169
1785735082502,bot21,rtt,190
1785735082509,bot9,rtt,179
1785735082515,bot11,rtt,185
1785735082520,bot26,rtt,190
1785735082522,bot19,rtt,210
1785735082526,bot28,rtt,216
1785735082530,bot34,rtt,221
1785735082535,bot7,rtt,223
1785735082538,bot36,rtt,229
1785735082549,bot22,rtt,237
1785735082552,bot24,rtt,242
1785735083258,bot38,rtt,63
1785735083312,bot25,rtt,116
1785735083317,bot39,rtt,122
1785735083384,bot36,rtt,45
1785735083388,bot7,rtt,48
1785735083393,bot22,rtt,54
1785735083398,bot24,rtt,59
1785735083415,bot1,rtt,75
1785735083416,bot0,rtt,76
1785735083421,bot3,rtt,81
1785735083424,bot2,rtt,85
1785735083428,bot31,rtt,89
1785735083433,bot5,rtt,93
1785735083435,bot33,rtt,96
1785735083441,bot4,rtt,101
1785735083444,bot13,rtt,104
1785735083449,bot35,rtt,110
1785735083454,bot6,rtt,115
1785735083459,bot15,rtt,120
1785735083461,bot23,rtt,122
1785735083464,bot8,rtt,124
1785735083472,bot27,rtt,133
1785735083477,bot10,rtt,137
1785735083485,bot12,rtt,145
1785735083489,bot17,rtt,149
1785735083493,bot30,rtt,154
1785735083497,bot32,rtt,158
1785735083503,bot20,rtt,163
1785735083509,bot21,rtt,170
1785735083512,bot26,rtt,172
1785735083516,bot9,rtt,176
1785735083518,bot28,rtt,179
1785735083532,bot11,rtt,192
1785735083537,bot34,rtt,198
1785735083539,bot19,rtt,200
1785735083549,bot14,rtt,210
1785735083553,bot16,rtt,213
1785735083556,bot29,rtt,217
1785735083560,bot18,rtt,220
1785735083565,bot37,rtt,226
1785735084245,bot25,rtt,50
1785735084247,bot39,rtt,52
1785735084252,bot38,rtt,57
1785735084393,bot30,rtt,43
1785735084395,bot32,rtt,45
1785735084399,bot31,rtt,49
1785735084402,bot33,rtt,52
1785735084409,bot1,rtt,58
1785735084422,bot17,rtt,71
1785735084433,bot35,rtt,83
1785735084438,bot3,rtt,87
1785735084450,bot5,rtt,99
1785735084454,bot13,rtt,103
1785735084458,bot15,rtt,107
1785735084462,bot23,rtt,111
1785735084466,bot27,rtt,115
1785735084476,bot29,rtt,126
1785735084479,bot37,rtt,129
1785735084486,bot0,rtt,135
1785735084495,bot2,rtt,144
1785735084499,bot4,rtt,148
1785735084504,bot6,rtt,153
1785735084507,bot21,rtt,156
1785735084513,bot8,rtt,162
1785735084515,bot9,rtt,164
1785735084523,bot10,rtt,172
1785735084527,bot11,rtt,176
1785735084532,bot12,rtt,181
1785735084536,bot14,rtt,185
1785735084539,bot19,rtt,188
1785735084543,bot7,rtt,192
1785735084549,bot16,rtt,198
1785735084553,bot18,rtt,202
1785735084557,bot20,rtt,206
1785735084561,bot26,rtt,210
1785735084563,bot28,rtt,213
1785735084567,bot34,rtt,217
1785735084572,bot36,rtt,222
1785735084587,bot22,rtt,236
1785735084594,bot24,rtt,244
1785735085241,bot25,rtt,46
1785735085246,bot39,rtt,51
1785735085250,bot38,rtt,55
1785735085392,bot30,rtt,42
1785735085401,bot1,rtt,50
1785735085403,bot32,rtt,53
1785735085407,bot2,rtt,57
1785735085411,bot17,rtt,59
1785735085416,bot3,rtt,65
1785735085419,bot4,rtt,68
1785735085424,bot31,rtt,74
1785735085430,bot5,rtt,79
1785735085433,bot6,rtt,83
1785735085435,bot33,rtt,85
1785735085441,bot13,rtt,89
1785735085444,bot8,rtt,93
1785735085446,bot35,rtt,96
1785735085452,bot15,rtt,102
1785735085456,bot10,rtt,105
1785735085459,bot23,rtt,109
1785735085464,bot12,rtt,113
1785735085465,bot27,rtt,115
1785735085470,bot14,rtt,120
1785735085475,bot16,rtt,124
1785735085484,bot18,rtt,132
1785735085488,bot20,rtt,136
1785735085490,bot29,rtt,140
1785735085497,bot26,rtt,145
1785735085498,bot37,rtt,148
1785735085512,bot28,rtt,162
1785735085517,bot21,rtt,167
1785735085524,bot9,rtt,172
1785735085526,bot34,rtt,176
1785735085533,bot11,rtt,182
1785735085536,bot36,rtt,186
1785735085541,bot19,rtt,191
1785735085546,bot7,rtt,195
1785735085553,bot22,rtt,203
1785735085558,bot24,rtt,208
1785735085599,bot0,rtt,248
1785735086237,bot39,rtt,41
1785735086241,bot38,rtt,46
1785735086249,bot25,rtt,54
1785735086392,bot30,rtt,41
1785735086396,bot17,rtt,44
1785735086399,bot1,rtt,47
1785735086406,bot3,rtt,54
1785735086408,bot32,rtt,58
1785735086414,bot5,rtt,62
1785735086416,bot31,rtt,65
1785735086423,bot0,rtt,71
1785735086425,bot2,rtt,74
1785735086431,bot4,rtt,79
1785735086433,bot33,rtt,83
1785735086438,bot6,rtt,87
1785735086444,bot13,rtt,92
1785735086446,bot35,rtt,96
1785735086451,bot15,rtt,100
1785735086455,bot23,rtt,104
1785735086459,bot27,rtt,108
1785735086463,bot8,rtt,111
1785735086468,bot10,rtt,116
1785735086477,bot12,rtt,125
1785735086478,bot29,rtt,128
1785735086486,bot14,rtt,135
1785735086489,bot37,rtt,139
1785735086502,bot16,rtt,150
1785735086506,bot18,rtt,154
1785735086509,bot21,rtt,158
1785735086514,bot20,rtt,162
1785735086518,bot9,rtt,166
1785735086523,bot26,rtt,171
1785735086527,bot11,rtt,175
1785735086530,bot19,rtt,179
1785735086534,bot28,rtt,184
1785735086537,bot34,rtt,187
1785735086543,bot7,rtt,191
1785735086547,bot36,rtt,197
1785735086557,bot22,rtt,206
1785735086562,bot24,rtt,211
1785735087242,bot25,rtt,47
1785735087245,bot39,rtt,50
1785735087247,bot38,rtt,52
1785735087397,bot1,rtt,45
1785735087398,bot31,rtt,47
1785735087403,bot2,rtt,51
1785735087407,bot3,rtt,55
1785735087410,bot5,rtt,58
1785735087413,bot33,rtt,62
1785735087418,bot4,rtt,66
1785735087420,bot35,rtt,70
1785735087426,bot6,rtt,74
1785735087429,bot8,rtt,77
1785735087434,bot10,rtt,82
1785735087438,bot13,rtt,85
1785735087439,bot30,rtt,88
1785735087445,bot12,rtt,93
1785735087448,bot15,rtt,96
1785735087451,bot32,rtt,100
1785735087456,bot14,rtt,105
1785735087459,bot23,rtt,108
1785735087464,bot16,rtt,112
1785735087466,bot27,rtt,115
1785735087477,bot29,rtt,126
1785735087481,bot18,rtt,128
1785735087482,bot37,rtt,132
1785735087488,bot20,rtt,136
1785735087494,bot21,rtt,143
1785735087501,bot9,rtt,149
1785735087505,bot26,rtt,152
1785735087510,bot11,rtt,158
1785735087512,bot28,rtt,161
1785735087517,bot19,rtt,166
1785735087522,bot34,rtt,171
1785735087526,bot7,rtt,174
1785735087529,bot36,rtt,178
1785735087542,bot22,rtt,191
1785735087547,bot24,rtt,196
1785735087590,bot17,rtt,237
1785735087594,bot0,rtt,242
1785735088247,bot25,rtt,51
1785735088249,bot39,rtt,53
1785735088251,bot38,rtt,55
1785735088397,bot2,rtt,44
1785735088400,bot3,rtt,47
1785735088404,bot4,rtt,51
1785735088407,bot31,rtt,56
1785735088412,bot5,rtt,59
1785735088414,bot30,rtt,64
1785735088419,bot6,rtt,66
1785735088421,bot33,rtt,71
1785735088426,bot8,rtt,73
1785735088429,bot32,rtt,79
1785735088432,bot35,rtt,82
1785735088439,bot10,rtt,85
1785735088443,bot13,rtt,89
1785735088447,bot12,rtt,93
1785735088450,bot15,rtt,97
1785735088454,bot14,rtt,103
1785735088457,bot23,rtt,106
1785735088461,bot27,rtt,110
1785735088466,bot16,rtt,113
1785735088473,bot29,rtt,123
1785735088481,bot18,rtt,127
1785735088482,bot37,rtt,132
1785735088489,bot20,rtt,135
1785735088496,bot21,rtt,145
1785735088503,bot26,rtt,149
1785735088506,bot9,rtt,152
1785735088511,bot11,rtt,157
1785735088514,bot19,rtt,163
1785735088517,bot28,rtt,167
1785735088521,bot34,rtt,171
1785735088527,bot7,rtt,174
1785735088531,bot36,rtt,181
1785735088582,bot0,rtt,229
1785735088585,bot17,rtt,231
1785735088588,bot1,rtt,235
1785735088623,bot22,rtt,272
1785735088628,bot24,rtt,277
1785735089246,bot25,rtt,49
1785735089249,bot39,rtt,52
1785735089253,bot38,rtt,56
1785735089393,bot30,rtt,43
1785735089401,bot6,rtt,47
1785735089403,bot32,rtt,53
1785735089408,bot3,rtt,54
1785735089413,bot8,rtt,59
1785735089417,bot10,rtt,63
1785735089429,bot12,rtt,75
1785735089432,bot0,rtt,78
1785735089436,bot2,rtt,82
1785735089444,bot4,rtt,90
1785735089446,bot1,rtt,92
1785735089452,bot17,rtt,98
1785735089456,bot14,rtt,105
1785735089461,bot5,rtt,107
1785735089464,bot31,rtt,113
1785735089470,bot16,rtt,116
1785735089472,bot33,rtt,122
1785735089477,bot35,rtt,127
1785735089484,bot18,rtt,130
1785735089489,bot20,rtt,135
1785735089493,bot13,rtt,139
1785735089496,bot15,rtt,142
1785735089504,bot26,rtt,150
1785735089506,bot28,rtt,156
1785735089510,bot34,rtt,160
1785735089514,bot36,rtt,164
1785735089520,bot23,rtt,169
1785735089525,bot27,rtt,174
1785735089536,bot22,rtt,185
1785735089541,bot24,rtt,190
1785735089549,bot29,rtt,199
1785735089553,bot37,rtt,203
1785735089563,bot21,rtt,212
1785735089569,bot9,rtt,215
1785735089573,bot11,rtt,219
1785735089575,bot19,rtt,224
1785735089581,bot7,rtt,227
1785735090247,bot25,rtt,50
1785735090249,bot39,rtt,52
1785735090253,bot38,rtt,55
1785735090399,bot31,rtt,48
1785735090404,bot0,rtt,49
1785735090407,bot30,rtt,57
1785735090413,bot5,rtt,58
1785735090415,bot33,rtt,65
1785735090421,bot2,rtt,66
1785735090424,bot35,rtt,74
1785735090431,bot4,rtt,76
1785735090433,bot32,rtt,83
1785735090440,bot13,rtt,85
1785735090443,bot6,rtt,88
1785735090446,bot8,rtt,91
1785735090451,bot15,rtt,98
1785735090458,bot10,rtt,103
1785735090463,bot12,rtt,108
1785735090466,bot23,rtt,115
1785735090471,bot27,rtt,120
1785735090476,bot14,rtt,125
1785735090486,bot16,rtt,131
1785735090488,bot29,rtt,138
1785735090492,bot37,rtt,142
1785735090502,bot21,rtt,151
1785735090508,bot18,rtt,153
1785735090512,bot9,rtt,157
1785735090516,bot20,rtt,161
1785735090521,bot11,rtt,166
1785735090525,bot19,rtt,174
1785735090531,bot26,rtt,176
1785735090535,bot28,rtt,185
1785735090541,bot34,rtt,191
1785735090547,bot7,rtt,192
1785735090550,bot36,rtt,200
1785735090560,bot22,rtt,209
1785735090564,bot24,rtt,213
1785735090607,bot17,rtt,252
1785735090611,bot1,rtt,256
1785735090615,bot3,rtt,260
1785735091252,bot25,rtt,51
1785735091254,bot39,rtt,53
1785735091259,bot38,rtt,58
1785735091402,bot0,rtt,46
1785735091405,bot3,rtt,49
1785735091408,bot31,rtt,55
1785735091413,bot2,rtt,58
1785735091417,bot32,rtt,65
1785735091423,bot5,rtt,67
1785735091428,bot4,rtt,72
1785735091432,bot6,rtt,76
1785735091437,bot15,rtt,84
1785735091442,bot27,rtt,89
1785735091446,bot10,rtt,90
1785735091456,bot12,rtt,100
1785735091457,bot29,rtt,105
1785735091462,bot14,rtt,109
1785735091465,bot37,rtt,113
1785735091471,bot16,rtt,115
1785735091486,bot18,rtt,130
1785735091488,bot21,rtt,135
1785735091493,bot20,rtt,137
1785735091497,bot9,rtt,141
1785735091503,bot26,rtt,147
1785735091507,bot11,rtt,151
1785735091509,bot19,rtt,156
1785735091512,bot28,rtt,160
1785735091518,bot7,rtt,162
1785735091521,bot34,rtt,169
1785735091524,bot36,rtt,172
1785735091534,bot22,rtt,181
1785735091539,bot24,rtt,186
1785735091543,bot30,rtt,191
1785735091550,bot17,rtt,194
1785735091554,bot1,rtt,198
1785735091557,bot13,rtt,201
1785735091560,bot33,rtt,208
1785735091566,bot35,rtt,214
1785735091572,bot23,rtt,219
1785735091578,bot8,rtt,222
1785735092256,bot25,rtt,52
1785735092258,bot39,rtt,54
1785735092260,bot38,rtt,56
1785735092396,bot30,rtt,44
1785735092401,bot0,rtt,45
1785735092405,bot17,rtt,49
1785735092406,bot32,rtt,54
1785735092412,bot2,rtt,57
1785735092416,bot1,rtt,60
1785735092420,bot4,rtt,65
1785735092423,bot31,rtt,70
1785735092429,bot6,rtt,74
1785735092433,bot3,rtt,77
1785735092437,bot8,rtt,81
1785735092439,bot33,rtt,87
1785735092445,bot5,rtt,89
1785735092450,bot10,rtt,94
1785735092451,bot35,rtt,99
1785735092458,bot13,rtt,102
1785735092461,bot12,rtt,105
1785735092464,bot15,rtt,110
1785735092468,bot14,rtt,114
1785735092473,bot16,rtt,117
1785735092475,bot23,rtt,121
1785735092479,bot27,rtt,126
1785735092485,bot18,rtt,129
1785735092491,bot20,rtt,135
1785735092496,bot29,rtt,144
1785735092502,bot26,rtt,146
1785735092504,bot37,rtt,152
1785735092512,bot28,rtt,160
1785735092516,bot21,rtt,162
1785735092519,bot34,rtt,167
1785735092526,bot9,rtt,170
1785735092528,bot19,rtt,174
1785735092532,bot36,rtt,180
1785735092538,bot7,rtt,182
1785735092549,bot22,rtt,195
1785735092553,bot24,rtt,200
1785735092592,bot11,rtt,236
1785735093258,bot25,rtt,51
1785735093261,bot39,rtt,54
1785735093264,bot38,rtt,57
1785735093400,bot3,rtt,44
1785735093401,bot31,rtt,47
1785735093407,bot2,rtt,52
1785735093411,bot5,rtt,55
1785735093414,bot33,rtt,61
1785735093424,bot13,rtt,67
1785735093427,bot4,rtt,72
1785735093429,bot35,rtt,77
1785735093436,bot15,rtt,82
1785735093445,bot6,rtt,90
1785735093448,bot23,rtt,94
1785735093454,bot8,rtt,98
1785735093457,bot27,rtt,103
1785735093463,bot10,rtt,107
1785735093470,bot12,rtt,114
1785735093473,bot29,rtt,120
1785735093477,bot14,rtt,123
1785735093480,bot37,rtt,128
1785735093485,bot16,rtt,129
1785735093496,bot18,rtt,140
1785735093498,bot21,rtt,144
1785735093504,bot20,rtt,148
1785735093508,bot9,rtt,152
1785735093512,bot26,rtt,155
1785735093515,bot11,rtt,159
1785735093520,bot28,rtt,167
1785735093525,bot19,rtt,171
1785735093528,bot34,rtt,175
1785735093535,bot7,rtt,179
1785735093537,bot36,rtt,184
1785735093562,bot22,rtt,208
1785735093567,bot24,rtt,213
1785735093573,bot17,rtt,217
1785735093576,bot30,rtt,223
1785735093580,bot32,rtt,227
1785735093586,bot1,rtt,230
1785735093627,bot0,rtt,271
1785735094261,bot25,rtt,52
1785735094264,bot39,rtt,55
1785735094274,bot38,rtt,65
1785735094397,bot30,rtt,43
1785735094411,bot1,rtt,54
1785735094414,bot3,rtt,57
1785735094416,bot0,rtt,59
1785735094420,bot5,rtt,63
1785735094424,bot17,rtt,67
1785735094426,bot32,rtt,72
1785735094433,bot13,rtt,76
1785735094435,bot2,rtt,80
1785735094440,bot15,rtt,85
1785735094445,bot4,rtt,90
1785735094450,bot31,rtt,95
1785735094455,bot23,rtt,100
1785735094458,bot33,rtt,104
1785735094463,bot6,rtt,108
1785735094467,bot27,rtt,112
1785735094471,bot35,rtt,117
1785735094477,bot8,rtt,120
1785735094488,bot10,rtt,131
1785735094490,bot37,rtt,136
1785735094495,bot14,rtt,140
1785735094499,bot29,rtt,145
1785735094506,bot12,rtt,149
1785735094514,bot16,rtt,157
1785735094518,bot21,rtt,163
1785735094524,bot18,rtt,167
1785735094528,bot20,rtt,171
1785735094532,bot9,rtt,175
1785735094554,bot11,rtt,197
1785735094562,bot26,rtt,205
1785735094567,bot19,rtt,212
1785735094571,bot28,rtt,217
1785735094579,bot7,rtt,222
1785735094581,bot34,rtt,227
1785735094586,bot36,rtt,232
1785735094598,bot22,rtt,243
1785735094608,bot24,rtt,253
1785735095257,bot39,rtt,47
1785735095264,bot38,rtt,54
1785735095292,bot25,rtt,82
1785735095398,bot29,rtt,44
1785735095401,bot2,rtt,46
1785735095404,bot4,rtt,49
1785735095414,bot0,rtt,56
1785735095417,bot12,rtt,59
1785735095421,bot26,rtt,63
1785735095423,bot1,rtt,65
1785735095429,bot6,rtt,74
1785735095434,bot8,rtt,76
1785735095436,bot30,rtt,82
1785735095443,bot10,rtt,85
1785735095445,bot32,rtt,91
1785735095450,bot14,rtt,95
1785735095455,bot3,rtt,97
1785735095460,bot5,rtt,102
1785735095464,bot16,rtt,106
1785735095469,bot13,rtt,111
1785735095472,bot15,rtt,117
1785735095477,bot17,rtt,119
1785735095484,bot18,rtt,126
1785735095486,bot31,rtt,131
1785735095491,bot23,rtt,136
1785735095497,bot20,rtt,139
1785735095500,bot27,rtt,145
1785735095503,bot33,rtt,149
1785735095507,bot35,rtt,153
1785735095515,bot28,rtt,161
1785735095519,bot37,rtt,165
1785735095527,bot34,rtt,173
1785735095532,bot21,rtt,177
1785735095537,bot9,rtt,179
1785735095550,bot36,rtt,196
1785735095557,bot11,rtt,199
1785735095565,bot19,rtt,210
1785735095569,bot22,rtt,214
1785735095575,bot7,rtt,217
1785735095579,bot24,rtt,224
1785735096266,bot25,rtt,52
1785735096268,bot39,rtt,54
1785735096276,bot38,rtt,62
1785735096401,bot30,rtt,45
1785735096403,bot17,rtt,43
1785735096408,bot1,rtt,48
1785735096412,bot4,rtt,52
1785735096415,bot6,rtt,55
1785735096417,bot32,rtt,61
1785735096423,bot31,rtt,64
1785735096427,bot3,rtt,67
1785735096432,bot8,rtt,72
1785735096433,bot33,rtt,77
1785735096439,bot5,rtt,79
1785735096443,bot13,rtt,83
1785735096446,bot35,rtt,90
1785735096453,bot10,rtt,93
1785735096456,bot15,rtt,97
1785735096461,bot12,rtt,101
1785735096464,bot23,rtt,105
1785735096468,bot14,rtt,109
1785735096471,bot27,rtt,112
1785735096478,bot16,rtt,118
1785735096487,bot18,rtt,127
1785735096491,bot29,rtt,135
1785735096498,bot20,rtt,138
1785735096499,bot37,rtt,143
1785735096506,bot26,rtt,146
1785735096512,bot28,rtt,156
1785735096516,bot34,rtt,160
1785735096521,bot21,rtt,162
1785735096525,bot36,rtt,169
1785735096529,bot9,rtt,169
1785735096537,bot11,rtt,177
1785735096541,bot22,rtt,182
1785735096545,bot24,rtt,186
1785735096550,bot19,rtt,191
1785735096556,bot7,rtt,196
1785735096599,bot0,rtt,239
1785735096601,bot2,rtt,242
1785735097279,bot25,rtt,63
1785735097288,bot39,rtt,72
1785735097323,bot38,rtt,107
1785735097421,bot30,rtt,48
1785735097427,bot32,rtt,54
1785735097429,bot33,rtt,56
1785735097431,bot35,rtt,59
1785735097452,bot27,rtt,45
1785735097462,bot29,rtt,89
1785735097469,bot37,rtt,97
1785735097484,bot21,rtt,77
1785735097492,bot9,rtt,84
1785735097501,bot0,rtt,94
1785735097506,bot11,rtt,98
1785735097513,bot2,rtt,106
1785735097518,bot19,rtt,111
1785735097526,bot7,rtt,119
1785735097534,bot4,rtt,127
1785735097541,bot6,rtt,134
1785735097548,bot8,rtt,141
1785735097555,bot10,rtt,147
1785735097564,bot12,rtt,156
1785735097571,bot14,rtt,164
1785735097579,bot16,rtt,172
1785735097586,bot18,rtt,178
1785735097656,bot17,rtt,248
1785735097661,bot31,rtt,254
1785735097688,bot1,rtt,281
1785735097693,bot3,rtt,286
1785735097699,bot5,rtt,292
1785735097706,bot13,rtt,298
1785735097709,bot15,rtt,302
1785735097713,bot23,rtt,306
1785735097750,bot20,rtt,342
1785735097756,bot26,rtt,348
1785735097758,bot28,rtt,385
1785735097763,bot34,rtt,390
1785735097768,bot36,rtt,396
1785735097785,bot22,rtt,378
1785735097791,bot24,rtt,384
1785735098284,bot25,rtt,56
1785735098288,bot39,rtt,60
1785735098297,bot38,rtt,69
1785735098421,bot35,rtt,42
1785735098431,bot29,rtt,52
1785735098433,bot37,rtt,54
1785735098443,bot28,rtt,64
1785735098445,bot34,rtt,66
1785735098448,bot36,rtt,69
1785735098453,bot22,rtt,45
1785735098456,bot24,rtt,48
1785735098476,bot0,rtt,67
1785735098481,bot1,rtt,72
1785735098484,bot2,rtt,76
1785735098490,bot17,rtt,80
1785735098492,bot30,rtt,113
1785735098499,bot3,rtt,90
1785735098501,bot4,rtt,92
1785735098507,bot5,rtt,98
1785735098509,bot31,rtt,101
1785735098513,bot32,rtt,134
1785735098518,bot6,rtt,109
1785735098524,bot13,rtt,114
1785735098526,bot33,rtt,147
1785735098531,bot8,rtt,122
1785735098536,bot15,rtt,128
1785735098543,bot10,rtt,134
1785735098545,bot23,rtt,137
1785735098550,bot27,rtt,142
1785735098554,bot12,rtt,145
1785735098560,bot14,rtt,152
1785735098567,bot16,rtt,158
1785735098575,bot18,rtt,165
1785735098581,bot20,rtt,172
1785735098585,bot21,rtt,177
1785735098589,bot26,rtt,179
1785735098592,bot9,rtt,183
1785735098601,bot11,rtt,192
1785735098610,bot19,rtt,202
1785735098619,bot7,rtt,210
1785735099302,bot25,rtt,50
1785735099304,bot39,rtt,52
1785735099306,bot38,rtt,54
1785735099438,bot34,rtt,44
1785735099440,bot36,rtt,46
1785735099452,bot28,rtt,58
1785735099454,bot19,rtt,46
1785735099461,bot7,rtt,52
1785735099469,bot22,rtt,61
1785735099472,bot24,rtt,64
1785735099478,bot17,rtt,68
1785735099481,bot31,rtt,73
1785735099485,bot33,rtt,91
1785735099492,bot1,rtt,83
1785735099497,bot35,rtt,103
1785735099503,bot0,rtt,94
1785735099508,bot3,rtt,99
1785735099512,bot2,rtt,104
1785735099517,bot13,rtt,107
1785735099520,bot6,rtt,112
1785735099523,bot30,rtt,129
1785735099528,bot15,rtt,120
1785735099534,bot8,rtt,125
1785735099535,bot32,rtt,141
1785735099541,bot23,rtt,133
1785735099546,bot10,rtt,137
1785735099549,bot27,rtt,141
1785735099555,bot12,rtt,146
1785735099558,bot14,rtt,150
1785735099561,bot29,rtt,167
1785735099568,bot18,rtt,158
1785735099577,bot20,rtt,168
1785735099580,bot21,rtt,172
1785735099587,bot9,rtt,178
1785735099593,bot26,rtt,183
1785735099596,bot4,rtt,188
1785735099599,bot37,rtt,205
1785735099607,bot5,rtt,198
1785735099612,bot16,rtt,203
1785735099658,bot11,rtt,249
1785735100196,bot4,respawn
1785735100336,bot25,rtt,56
1785735100343,bot39,rtt,63
1785735100355,bot38,rtt,75
1785735100464,bot24,rtt,53
1785735100474,bot7,rtt,62
1785735100483,bot4,rtt,71
1785735100521,bot0,rtt,109
1785735100530,bot15,rtt,119
1785735100537,bot12,rtt,125
1785735100543,bot23,rtt,132
1785735100550,bot14,rtt,139
1785735100559,bot27,rtt,148
1785735100568,bot16,rtt,156
1785735100579,bot18,rtt,167
1785735100583,bot29,rtt,173
1785735100593,bot20,rtt,181
1785735100596,bot37,rtt,187
1785735100605,bot26,rtt,193
1785735100608,bot28,rtt,198
1785735100620,bot34,rtt,210
1785735100627,bot21,rtt,216
1785735100631,bot36,rtt,221
1785735100641,bot9,rtt,229
1785735100653,bot11,rtt,241
1785735100657,bot22,rtt,246
1785735100663,bot19,rtt,252
1785735100684,bot17,rtt,272
1785735100689,bot31,rtt,278
1785735100694,bot33,rtt,284
1785735100702,bot1,rtt,290
1785735100704,bot35,rtt,294
1785735100711,bot2,rtt,300
1785735100718,bot3,rtt,306
1785735100721,bot6,rtt,310
1785735100726,bot30,rtt,316
1785735100736,bot8,rtt,324
1785735100740,bot32,rtt,330
1785735100748,bot5,rtt,336
1785735100753,bot10,rtt,341
1785735100759,bot13,rtt,347
1785735101327,bot39,rtt,42
1785735101337,bot38,rtt,52
1785735101348,bot25,rtt,63
1785735101454,bot30,rtt,44
1785735101455,bot32,rtt,45
1785735101459,bot3,rtt,46
1785735101463,bot2,rtt,50
1785735101466,bot31,rtt,54
1785735101470,bot5,rtt,57
1785735101476,bot6,rtt,63
1785735101477,bot33,rtt,67
1785735101489,bot35,rtt,79
1785735101496,bot1,rtt,83
1785735101501,bot0,rtt,88
1785735101503,bot17,rtt,90
1785735101516,bot8,rtt,103
1785735101520,bot13,rtt,107
1785735101525,bot10,rtt,112
1785735101528,bot15,rtt,115
1785735101533,bot12,rtt,120
1785735101537,bot14,rtt,124
1785735101542,bot16,rtt,129
1785735101545,bot23,rtt,132
1785735101549,bot27,rtt,136
1785735101555,bot18,rtt,142
1785735101563,bot20,rtt,150
1785735101564,bot29,rtt,154
1785735101571,bot26,rtt,158
1785735101573,bot37,rtt,163
1785735101585,bot21,rtt,172
1785735101589,bot28,rtt,179
1785735101596,bot9,rtt,183
1785735101601,bot11,rtt,188
1785735101606,bot19,rtt,193
1785735101609,bot34,rtt,199
1785735101614,bot7,rtt,201
1785735101619,bot36,rtt,209
1785735101650,bot22,rtt,237
1785735101656,bot24,rtt,243
1785735101662,bot4,rtt,249
1785735102337,bot25,rtt,50
1785735102340,bot39,rtt,53
1785735102342,bot38,rtt,55
1785735102460,bot30,rtt,47
1785735102465,bot2,rtt,52
1785735102468,bot3,rtt,55
1785735102471,bot32,rtt,58
1785735102477,bot13,rtt,63
1785735102481,bot6,rtt,68
1785735102483,bot15,rtt,70
1785735102489,bot10,rtt,76
1785735102493,bot12,rtt,80
1785735102497,bot23,rtt,84
1785735102502,bot14,rtt,89
1785735102506,bot27,rtt,93
1785735102512,bot18,rtt,99
1785735102515,bot29,rtt,102
1785735102521,bot20,rtt,108
1785735102525,bot26,rtt,111
1785735102528,bot37,rtt,115
1785735102531,bot28,rtt,118
1785735102541,bot34,rtt,128
1785735102545,bot36,rtt,132
1785735102550,bot21,rtt,137
1785735102556,bot17,rtt,143
1785735102565,bot9,rtt,152
1785735102568,bot22,rtt,155
1785735102572,bot31,rtt,159
1785735102579,bot11,rtt,166
1785735102583,bot24,rtt,170
1785735102587,bot33,rtt,174
1785735102592,bot19,rtt,179
1785735102596,bot35,rtt,183
1785735102602,bot7,rtt,189
1785735102609,bot8,rtt,196
1785735102613,bot16,rtt,200
1785735102619,bot5,rtt,206
1785735102628,bot4,rtt,215
1785735102684,bot0,rtt,271
1785735102689,bot1,rtt,276
1785735103334,bot39,rtt,44
1785735103337,bot38,rtt,47
1785735103360,bot25,rtt,70
1785735103466,bot31,rtt,46
1785735103469,bot33,rtt,49
1785735103471,bot35,rtt,51
1785735103475,bot30,rtt,55
1785735103481,bot32,rtt,61
1785735103490,bot17,rtt,69
1785735103493,bot0,rtt,72
1785735103499,bot2,rtt,78
1785735103503,bot6,rtt,82
1785735103508,bot8,rtt,87
1785735103511,bot10,rtt,90
1785735103517,bot1,rtt,96
1785735103521,bot12,rtt,100
1785735103525,bot3,rtt,104
1785735103529,bot14,rtt,108
1785735103534,bot5,rtt,113
1785735103537,bot16,rtt,116
1785735103544,bot13,rtt,123
1785735103548,bot18,rtt,127
1785735103556,bot15,rtt,135
1785735103565,bot20,rtt,144
1785735103568,bot23,rtt,147
1785735103575,bot26,rtt,154
1785735103577,bot27,rtt,156
1785735103585,bot28,rtt,165
1785735103591,bot34,rtt,171
1785735103599,bot29,rtt,179
1785735103605,bot36,rtt,185
1785735103609,bot37,rtt,189
1785735103628,bot22,rtt,207
1785735103631,bot21,rtt,210
1785735103636,bot24,rtt,216
1785735103642,bot9,rtt,221
1785735103654,bot4,rtt,233
1785735103675,bot11,rtt,254
1785735103680,bot19,rtt,259
1785735103687,bot7,rtt,266
1785735104334,bot39,rtt,43
1785735104350,bot25,rtt,59
1785735104355,bot38,rtt,64
1785735104489,bot7,rtt,50
1785735104492,bot22,rtt,53
1785735104497,bot24,rtt,59
1785735104506,bot4,rtt,67
1785735104512,bot17,rtt,73
1785735104514,bot1,rtt,75
1785735104536,bot0,rtt,97
1785735104543,bot30,rtt,105
1785735104547,bot3,rtt,108
1785735104549,bot31,rtt,111
1785735104554,bot2,rtt,115
1785735104559,bot32,rtt,121
1785735104561,bot33,rtt,123
1785735104566,bot6,rtt,127
1785735104573,bot13,rtt,134
1785735104575,bot8,rtt,136
1785735104588,bot15,rtt,149
1785735104594,bot10,rtt,155
1785735104599,bot35,rtt,161
1785735104603,bot23,rtt,164
1785735104611,bot12,rtt,172
1785735104612,bot27,rtt,174
1785735104617,bot14,rtt,178
1785735104623,bot29,rtt,185
1785735104629,bot18,rtt,190
1785735104632,bot37,rtt,194
1785735104639,bot20,rtt,200
1785735104649,bot26,rtt,210
1785735104654,bot21,rtt,215
1785735104657,bot28,rtt,219
1785735104663,bot9,rtt,224
1785735104668,bot34,rtt,230
1785735104676,bot11,rtt,237
1785735104680,bot36,rtt,242
1785735104684,bot19,rtt,245
1785735104712,bot5,rtt,273
1785735104717,bot16,rtt,278
1785735105386,bot38,rtt,71
1785735105418,bot25,rtt,103
1785735105425,bot39,rtt,110
1785735105528,bot22,rtt,52
1785735105536,bot7,rtt,60
1785735105539,bot24,rtt,63
1785735105558,bot4,rtt,82
1785735105564,bot1,rtt,88
1785735105568,bot30,rtt,92
1785735105579,bot17,rtt,103
1785735105586,bot3,rtt,110
1785735105589,bot32,rtt,113
1785735105594,bot31,rtt,118
1785735105600,bot33,rtt,124
1785735105609,bot5,rtt,133
1785735105612,bot35,rtt,137
1785735105620,bot13,rtt,144
1785735105625,bot15,rtt,149
1785735105630,bot23,rtt,154
1785735105637,bot27,rtt,161
1785735105650,bot29,rtt,174
1785735105654,bot37,rtt,179
1785735105666,bot0,rtt,190
1785735105670,bot2,rtt,194
1785735105675,bot6,rtt,199
1785735105681,bot8,rtt,205
1785735105687,bot10,rtt,211
1785735105692,bot12,rtt,216
1785735105698,bot14,rtt,222
1785735105705,bot16,rtt,229
1785735105710,bot18,rtt,234
1785735105715,bot20,rtt,239
1785735105719,bot26,rtt,243
1785735105758,bot28,rtt,282
1785735105765,bot21,rtt,289
1785735105769,bot34,rtt,293
1785735105776,bot9,rtt,300
1785735105779,bot36,rtt,304
1785735105786,bot11,rtt,310
1785735105795,bot19,rtt,319
1785735106376,bot25,rtt,59
1785735106385,bot39,rtt,68
1785735106390,bot38,rtt,73
1785735106534,bot34,rtt,44
1785735106540,bot7,rtt,50
1785735106543,bot36,rtt,53
1785735106553,bot22,rtt,63
1785735106558,bot24,rtt,68
1785735106566,bot4,rtt,76
1785735106583,bot21,rtt,93
1785735106590,bot20,rtt,100
1785735106595,bot26,rtt,105
1785735106599,bot9,rtt,109
1785735106605,bot11,rtt,115
1785735106608,bot28,rtt,118
1785735106613,bot19,rtt,123
1785735106645,bot30,rtt,155
1785735106650,bot17,rtt,160
1785735106654,bot32,rtt,164
1785735106658,bot31,rtt,168
1785735106665,bot1,rtt,175
1785735106667,bot33,rtt,177
1785735106672,bot35,rtt,182
1785735106678,bot3,rtt,188
1785735106683,bot5,rtt,193
1785735106689,bot13,rtt,199
1785735106691,bot15,rtt,201
1785735106698,bot0,rtt,208
1785735106701,bot2,rtt,211
1785735106709,bot6,rtt,219
1785735106713,bot8,rtt,223
1785735106718,bot10,rtt,228
1785735106721,bot23,rtt,231
1785735106727,bot12,rtt,237
1785735106730,bot27,rtt,240
1785735106734,bot14,rtt,244
1785735106744,bot16,rtt,254
1785735106747,bot29,rtt,257
1785735106754,bot18,rtt,264
1785735106756,bot37,rtt,266
1785735107378,bot25,rtt,45
1785735107386,bot39,rtt,53
1785735107398,bot38,rtt,65
1785735107535,bot22,rtt,44
1785735107539,bot11,rtt,47
1785735107544,bot24,rtt,53
1785735107550,bot19,rtt,59
1785735107553,bot4,rtt,62
1785735107558,bot7,rtt,67
1785735107572,bot1,rtt,80
1785735107577,bot2,rtt,86
1785735107578,bot32,rtt,88
1785735107583,bot6,rtt,92
1785735107588,bot3,rtt,97
1785735107591,bot36,rtt,101
1785735107597,bot21,rtt,106
1785735107606,bot9,rtt,114
1785735107612,bot17,rtt,120
1785735107617,bot0,rtt,126
1785735107620,bot30,rtt,129
1785735107626,bot5,rtt,135
1785735107630,bot31,rtt,139
1785735107639,bot13,rtt,147
1785735107642,bot8,rtt,151
1785735107644,bot33,rtt,153
1785735107650,bot15,rtt,159
1785735107655,bot10,rtt,163
1785735107658,bot35,rtt,168
1785735107666,bot12,rtt,174
1785735107668,bot14,rtt,177
1785735107674,bot16,rtt,182
1785735107679,bot23,rtt,188
1785735107684,bot18,rtt,192
1785735107687,bot27,rtt,196
1785735107694,bot20,rtt,202
1785735107704,bot26,rtt,212
1785735107708,bot29,rtt,217
1785735107712,bot37,rtt,222
1785735107722,bot28,rtt,231
1785735107727,bot34,rtt,237
1785735108391,bot25,rtt,57
1785735108397,bot39,rtt,63
1785735108399,bot38,rtt,65
1785735108537,bot30,rtt,44
1785735108541,bot17,rtt,47
1785735108545,bot0,rtt,51
1785735108550,bot1,rtt,56
1785735108552,bot2,rtt,58
1785735108557,bot6,rtt,63
1785735108560,bot31,rtt,67
1785735108566,bot3,rtt,72
1785735108568,bot32,rtt,77
1785735108574,bot8,rtt,80
1785735108579,bot5,rtt,85
1785735108582,bot10,rtt,88
1785735108587,bot12,rtt,93
1785735108589,bot33,rtt,96
1785735108597,bot13,rtt,103
1785735108599,bot14,rtt,105
1785735108605,bot15,rtt,111
1785735108607,bot35,rtt,117
1785735108615,bot16,rtt,121
1785735108620,bot23,rtt,126
1785735108625,bot27,rtt,131
1785735108632,bot18,rtt,138
1785735108637,bot20,rtt,143
1785735108650,bot26,rtt,156
1785735108653,bot29,rtt,160
1785735108656,bot37,rtt,166
1785735108667,bot28,rtt,174
1785735108671,bot34,rtt,180
1785735108678,bot21,rtt,184
1785735108684,bot9,rtt,190
1785735108687,bot36,rtt,196
1785735108694,bot11,rtt,200
1785735108703,bot22,rtt,209
1785735108708,bot24,rtt,214
1785735108714,bot19,rtt,220
1785735108721,bot4,rtt,227
1785735108728,bot7,rtt,234
1785735109380,bot25,rtt,44
1785735109384,bot39,rtt,48
1785735109401,bot38,rtt,65
1785735109537,bot33,rtt,43
1785735109540,bot30,rtt,46
1785735109544,bot1,rtt,48
1785735109548,bot6,rtt,52
1785735109550,bot35,rtt,60
1785735109554,bot32,rtt,64
1785735109562,bot3,rtt,66
1785735109566,bot8,rtt,70
1785735109570,bot10,rtt,74
1785735109574,bot5,rtt,78
1785735109579,bot13,rtt,83
1785735109582,bot12,rtt,86
1785735109586,bot15,rtt,92
1785735109590,bot14,rtt,96
1785735109594,bot23,rtt,100
1785735109602,bot16,rtt,106
1785735109605,bot27,rtt,111
1785735109611,bot18,rtt,115
1785735109620,bot20,rtt,124
1785735109622,bot29,rtt,128
1785735109632,bot26,rtt,136
1785735109633,bot37,rtt,143
1785735109638,bot28,rtt,144
1785735109646,bot34,rtt,156
1785735109652,bot21,rtt,158
1785735109655,bot36,rtt,165
1785735109662,bot9,rtt,166
1785735109673,bot11,rtt,177
1785735109676,bot22,rtt,182
1785735109682,bot19,rtt,188
1785735109686,bot7,rtt,190
1785735109691,bot24,rtt,197
1785735109696,bot4,rtt,200
1785735109737,bot17,rtt,241
1785735109741,bot0,rtt,245
1785735109744,bot31,rtt,250
1785735109748,bot2,rtt,254
1785735110381,bot38,rtt,43
1785735110393,bot25,rtt,55
1785735110395,bot39,rtt,57
1785735110539,bot29,rtt,45
1785735110545,bot20,rtt,49
1785735110546,bot37,rtt,56
1785735110553,bot26,rtt,57
1785735110554,bot28,rtt,60
1785735110562,bot34,rtt,72
1785735110567,bot21,rtt,72
1785735110571,bot36,rtt,81
1785735110578,bot9,rtt,82
1785735110585,bot11,rtt,89
1785735110587,bot19,rtt,92
1785735110592,bot22,rtt,97
1785735110597,bot7,rtt,101
1785735110601,bot24,rtt,106
1785735110608,bot1,rtt,112
1785735110611,bot17,rtt,115
1785735110616,bot3,rtt,120
1785735110619,bot0,rtt,123
1785735110623,bot5,rtt,127
1785735110629,bot13,rtt,133
1785735110632,bot30,rtt,138
1785735110638,bot6,rtt,142
1785735110652,bot15,rtt,157
1785735110658,bot8,rtt,162
1785735110659,bot32,rtt,169
1785735110664,bot31,rtt,170
1785735110669,bot33,rtt,175
1785735110672,bot35,rtt,182
1785735110680,bot10,rtt,184
1785735110685,bot12,rtt,189
1785735110689,bot14,rtt,194
1785735110692,bot23,rtt,197
1785735110735,bot2,rtt,240
1785735110740,bot16,rtt,244
1785735110743,bot27,rtt,248
1785735110749,bot18,rtt,253
1785735110808,bot4,rtt,312
1785735111399,bot38,rtt,53
1785735111420,bot25,rtt,74
1785735111423,bot39,rtt,77
1785735111532,bot32,rtt,42
1785735111535,bot35,rtt,45
1785735111540,bot14,rtt,45
1785735111544,bot16,rtt,48
1785735111548,bot18,rtt,52
1785735111551,bot20,rtt,55
1785735111553,bot28,rtt,58
1785735111557,bot22,rtt,62
1785735111561,bot19,rtt,66
1785735111564,bot24,rtt,69
1785735111570,bot7,rtt,74
1785735111575,bot4,rtt,79
1785735111599,bot11,rtt,103
1785735111603,bot30,rtt,108
1785735111611,bot17,rtt,115
1785735111617,bot31,rtt,122
1785735111624,bot2,rtt,128
1785735111628,bot5,rtt,132
1785735111632,bot33,rtt,138
1785735111637,bot13,rtt,141
1785735111643,bot8,rtt,147
1785735111646,bot15,rtt,151
1785735111655,bot1,rtt,159
1785735111660,bot0,rtt,164
1785735111664,bot3,rtt,168
1785735111670,bot6,rtt,174
1785735111674,bot10,rtt,178
1785735111680,bot12,rtt,184
1785735111683,bot23,rtt,188
1785735111687,bot27,rtt,192
1785735111701,bot26,rtt,205
1785735111703,bot29,rtt,208
1785735111707,bot37,rtt,217
1785735111718,bot21,rtt,223
1785735111721,bot34,rtt,231
1785735111743,bot9,rtt,247
1785735111753,bot36,rtt,263
1785735112399,bot25,rtt,54
1785735112400,bot38,rtt,53
1785735112402,bot39,rtt,55
1785735112539,bot33,rtt,44
1785735112544,bot2,rtt,48
1785735112546,bot32,rtt,56
1785735112554,bot5,rtt,57
1785735112555,bot35,rtt,65
1785735112561,bot6,rtt,64
1785735112566,bot13,rtt,69
1785735112569,bot8,rtt,72
1785735112572,bot15,rtt,77
1785735112578,bot10,rtt,81
1785735112581,bot23,rtt,86
1785735112588,bot12,rtt,91
1785735112590,bot27,rtt,95
1785735112594,bot14,rtt,99
1785735112605,bot16,rtt,108
1785735112608,bot29,rtt,113
1785735112613,bot18,rtt,116
1785735112615,bot37,rtt,125
1785735112623,bot20,rtt,126
1785735112632,bot26,rtt,135
1785735112636,bot21,rtt,141
1785735112641,bot28,rtt,146
1785735112648,bot9,rtt,151
1785735112652,bot11,rtt,155
1785735112654,bot34,rtt,164
1785735112659,bot19,rtt,164
1785735112663,bot36,rtt,173
1785735112669,bot7,rtt,172
1785735112675,bot22,rtt,180
1785735112681,bot17,rtt,184
1785735112686,bot1,rtt,189
1785735112729,bot0,rtt,232
1785735112733,bot30,rtt,238
1785735112737,bot31,rtt,242
1785735112741,bot3,rtt,244
1785735112774,bot24,rtt,279
1785735112779,bot4,rtt,282
1785735113401,bot25,rtt,50
1785735113408,bot39,rtt,56
1785735113411,bot38,rtt,59
1785735113548,bot32,rtt,51
1785735113555,bot5,rtt,57
1785735113556,bot31,rtt,58
1785735113561,bot6,rtt,63
1785735113566,bot13,rtt,68
1785735113567,bot33,rtt,70
1785735113572,bot8,rtt,74
1785735113576,bot15,rtt,78
1785735113579,bot35,rtt,82
1785735113583,bot23,rtt,85
1785735113589,bot10,rtt,91
1785735113594,bot27,rtt,96
1785735113600,bot12,rtt,102
1785735113608,bot14,rtt,110
1785735113611,bot29,rtt,113
1785735113619,bot16,rtt,121
1785735113622,bot37,rtt,125
1785735113629,bot18,rtt,131
1785735113640,bot20,rtt,142
1785735113644,bot21,rtt,146
1785735113649,bot26,rtt,151
1785735113655,bot9,rtt,157
1785735113658,bot28,rtt,161
1785735113665,bot11,rtt,167
1785735113667,bot34,rtt,170
1785735113687,bot19,rtt,189
1785735113689,bot36,rtt,192
1785735113695,bot7,rtt,197
1785735113707,bot22,rtt,209
1785735113715,bot24,rtt,217
1785735113724,bot4,rtt,226
1785735113728,bot0,rtt,230
1785735113734,bot2,rtt,236
1785735113738,bot17,rtt,240
1785735113743,bot1,rtt,245
1785735113748,bot3,rtt,250
1785735113753,bot30,rtt,255
1785735114400,bot25,rtt,47
1785735114405,bot39,rtt,52
1785735114409,bot38,rtt,56
1785735114543,bot30,rtt,45
1785735114548,bot1,rtt,48
1785735114552,bot17,rtt,52
1785735114556,bot2,rtt,57
1785735114557,bot31,rtt,59
1785735114561,bot32,rtt,63
1785735114567,bot3,rtt,67
1785735114573,bot6,rtt,74
1785735114574,bot33,rtt,76
1785735114580,bot5,rtt,80
1785735114583,bot8,rtt,83
1785735114585,bot35,rtt,87
1785735114593,bot13,rtt,93
1785735114596,bot10,rtt,96
1785735114600,bot15,rtt,101
1785735114605,bot12,rtt,105
1785735114609,bot23,rtt,111
1785735114617,bot14,rtt,118
1785735114620,bot27,rtt,122
1785735114626,bot16,rtt,126
1785735114636,bot18,rtt,136
1785735114638,bot29,rtt,140
1785735114644,bot20,rtt,144
1785735114647,bot37,rtt,149
1785735114654,bot26,rtt,154
1785735114661,bot28,rtt,163
1785735114666,bot21,rtt,168
1785735114672,bot34,rtt,174
1785735114678,bot9,rtt,178
1785735114680,bot36,rtt,182
1785735114686,bot11,rtt,186
1785735114694,bot19,rtt,195
1785735114698,bot7,rtt,198
1785735114703,bot22,rtt,205
1785735114707,bot24,rtt,209
1785735114713,bot4,rtt,214
1785735114754,bot0,rtt,254
1785735115408,bot25,rtt,54
1785735115410,bot39,rtt,56
1785735115414,bot38,rtt,60
1785735115607,bot5,rtt,47
1785735115611,bot33,rtt,53
1785735115621,bot13,rtt,60
1785735115624,bot35,rtt,66
1785735115634,bot30,rtt,75
1785735115666,bot10,rtt,106
1785735115676,bot23,rtt,117
1785735115683,bot16,rtt,123
1785735115687,bot27,rtt,128
1785735115695,bot18,rtt,134
1785735115766,bot24,rtt,207
1785735115772,bot15,rtt,212
1785735115779,bot12,rtt,219
1785735115783,bot14,rtt,223
1785735115788,bot4,rtt,228
1785735115795,bot0,rtt,235
1785735115798,bot32,rtt,240
1785735115805,bot17,rtt,244
1785735115814,bot1,rtt,254
1785735115819,bot2,rtt,259
1785735115824,bot6,rtt,264
1785735115830,bot3,rtt,270
1785735115834,bot31,rtt,275
1785735115841,bot8,rtt,281
1785735115875,bot29,rtt,317
1785735115881,bot37,rtt,323
